{"stats":{"minecraft:mined":{"minecraft:dandelion":10,"minecraft:short_grass":212,"minecraft:grass_block":652,"minecraft:poppy":1,"minecraft:melon":3,"minecraft:jungle_log":1,"minecraft:tall_grass":31,"minecraft:spruce_leaves":9,"minecraft:diorite":1,"minecraft:oxeye_daisy":2,"minecraft:wall_torch":1,"minecraft:hay_block":7,"minecraft:azure_bluet":1,"minecraft:oak_log":53,"minecraft:coal_ore":12,"minecraft:vine":1,"minecraft:dirt_path":268,"minecraft:dirt":97,"minecraft:packed_ice":20,"minecraft:bamboo":1,"minecraft:stone":45,"minecraft:oak_leaves":37},"minecraft:crafted":{"minecraft:cooked_beef":1,"minecraft:wooden_sword":3,"minecraft:oak_planks":196,"minecraft:stone_shovel":9,"minecraft:cooked_porkchop":13,"minecraft:crafting_table":13,"minecraft:wooden_pickaxe":3,"minecraft:cooked_chicken":6,"minecraft:furnace":3,"minecraft:bread":29,"minecraft:cooked_mutton":2,"minecraft:air":0,"minecraft:jungle_planks":4,"minecraft:oak_boat":4,"minecraft:stick":36,"minecraft:iron_ingot":2,"minecraft:stone_sword":2,"minecraft:chest":2,"minecraft:iron_shovel":2,"minecraft:torch":4,"minecraft:wheat":63},"minecraft:picked_up":{"minecraft:azure_bluet":1,"minecraft:feather":11,"minecraft:chicken":8,"minecraft:jungle_log":1,"minecraft:leather":2,"minecraft:packed_ice":19,"minecraft:wooden_pickaxe":1,"minecraft:oak_log":51,"minecraft:cornflower":1,"minecraft:dirt":1108,"minecraft:wooden_sword":1,"minecraft:bone":2,"minecraft:kelp":31,"minecraft:wheat_seeds":54,"minecraft:beef":1,"minecraft:oak_boat":1,"minecraft:jungle_sapling":1,"minecraft:poppy":2,"minecraft:bamboo":11,"minecraft:light_gray_wool":2,"minecraft:melon_slice":13,"minecraft:oak_planks":27,"minecraft:egg":4,"minecraft:stick":8,"minecraft:torch":1,"minecraft:dandelion":14,"minecraft:porkchop":24,"minecraft:diorite":1,"minecraft:rotten_flesh":7,"minecraft:hay_block":7,"minecraft:oak_sapling":1,"minecraft:mutton":14,"minecraft:coal":12,"minecraft:white_wool":7,"minecraft:cobblestone":40,"minecraft:oxeye_daisy":3},"minecraft:broken":{"minecraft:iron_shovel":2,"minecraft:wooden_sword":1,"minecraft:stone_shovel":8,"minecraft:wooden_pickaxe":1},"minecraft:killed":{"minecraft:pig":15,"minecraft:spider":3,"minecraft:creeper":1,"minecraft:sheep":8,"minecraft:zombie":6,"minecraft:chicken":8,"minecraft:cow":1},"minecraft:dropped":{"minecraft:wheat_seeds":1,"minecraft:stick":1,"minecraft:filled_map":1,"minecraft:wooden_sword":1,"minecraft:wooden_pickaxe":1},"minecraft:used":{"minecraft:cooked_mutton":2,"minecraft:stone_sword":69,"minecraft:iron_shovel":556,"minecraft:stone_shovel":1151,"minecraft:poppy":1,"minecraft:chest":2,"minecraft:wooden_pickaxe":59,"minecraft:cooked_chicken":6,"minecraft:rotten_flesh":5,"minecraft:torch":2,"minecraft:dirt":1015,"minecraft:mutton":3,"minecraft:crafting_table":13,"minecraft:oak_log":2,"minecraft:jungle_sapling":1,"minecraft:oxeye_daisy":2,"minecraft:chicken":2,"minecraft:bread":18,"minecraft:melon_slice":13,"minecraft:wooden_sword":79,"minecraft:oak_sapling":1,"minecraft:porkchop":4,"minecraft:furnace":3,"minecraft:cooked_porkchop":13,"minecraft:oak_boat":5,"minecraft:cooked_beef":1,"minecraft:dandelion":2,"minecraft:golden_pickaxe":20},"minecraft:killed_by":{"minecraft:player":1,"minecraft:skeleton":4,"minecraft:creeper":2,"minecraft:zombie":2},"minecraft:custom":{"minecraft:interact_with_furnace":9,"minecraft:mob_kills":43,"minecraft:interact_with_crafting_table":21,"minecraft:leave_game":2,"minecraft:time_since_death":189964,"minecraft:sleep_in_bed":3,"minecraft:climb_one_cm":2668,"minecraft:time_since_rest":33753,"minecraft:sprint_one_cm":612344,"minecraft:damage_taken":4432,"minecraft:walk_one_cm":410415,"minecraft:drop":5,"minecraft:damage_dealt":5245,"minecraft:talked_to_villager":1,"minecraft:swim_one_cm":225186,"minecraft:fly_one_cm":1262268,"minecraft:open_chest":10,"minecraft:crouch_one_cm":12878,"minecraft:play_time":237330,"minecraft:deaths":9,"minecraft:sneak_time":3320,"minecraft:walk_under_water_one_cm":12938,"minecraft:boat_one_cm":287816,"minecraft:jump":4672,"minecraft:walk_on_water_one_cm":42707,"minecraft:total_world_time":237330,"minecraft:fall_one_cm":119393}},"DataVersion":3953}