{"stats":{"minecraft:used":{"minecraft:beetroot":1,"minecraft:iron_shovel":1902,"minecraft:spruce_slab":274,"minecraft:poppy":1,"minecraft:chest":4,"minecraft:iron_sword":294,"minecraft:rotten_flesh":13,"minecraft:iron_chestplate":1,"minecraft:mutton":3,"minecraft:nether_bricks":1,"minecraft:carrot":572,"minecraft:deepslate_tile_slab":96,"minecraft:tuff":10,"minecraft:azure_bluet":1,"minecraft:jungle_sapling":1,"minecraft:glass":85,"minecraft:iron_helmet":1,"minecraft:furnace":20,"minecraft:oak_sapling":121,"minecraft:egg":5,"minecraft:potato":119,"minecraft:diorite":1,"minecraft:stone_pickaxe":737,"minecraft:oak_planks":845,"minecraft:polished_diorite_slab":323,"minecraft:wooden_pickaxe":186,"minecraft:composter":3,"minecraft:blue_bed":1,"minecraft:sand":35,"minecraft:lightning_rod":2,"minecraft:bread":64,"minecraft:melon_slice":13,"minecraft:wooden_sword":79,"minecraft:stripped_oak_wood":2,"minecraft:andesite":17,"minecraft:oak_boat":7,"minecraft:bone_meal":14,"minecraft:golden_pickaxe":20,"minecraft:oak_fence":185,"minecraft:stone_sword":153,"minecraft:stone_shovel":2334,"minecraft:spruce_planks":207,"minecraft:cooked_chicken":6,"minecraft:netherrack":68,"minecraft:oak_door":2,"minecraft:torch":229,"minecraft:dirt":3339,"minecraft:diamond_helmet":1,"minecraft:golden_chestplate":1,"minecraft:granite":2,"minecraft:oak_fence_gate":8,"minecraft:iron_hoe":6,"minecraft:iron_axe":683,"minecraft:iron_boots":1,"minecraft:barrel":14,"minecraft:diamond_chestplate":1,"minecraft:basalt":20,"minecraft:beef":1,"minecraft:soul_soil":1,"minecraft:cooked_beef":1,"minecraft:cobbled_deepslate":18,"minecraft:iron_leggings":1,"minecraft:wheat_seeds":269,"minecraft:cooked_mutton":2,"minecraft:baked_potato":1,"minecraft:brown_mushroom":1,"minecraft:oak_slab":362,"minecraft:crafting_table":32,"minecraft:white_bed":2,"minecraft:spruce_log":5,"minecraft:oak_log":13,"minecraft:apple":12,"minecraft:oxeye_daisy":3,"minecraft:diamond_shovel":1387,"minecraft:chicken":2,"minecraft:iron_pickaxe":666,"minecraft:spruce_sapling":20,"minecraft:golden_leggings":1,"minecraft:stone_axe":1040,"minecraft:cobblestone":59,"minecraft:cooked_porkchop":13,"minecraft:porkchop":4,"minecraft:dandelion":3},"minecraft:broken":{"minecraft:iron_shovel":7,"minecraft:stone_pickaxe":5,"minecraft:wooden_sword":1,"minecraft:stone_axe":6,"minecraft:stone_shovel":16,"minecraft:golden_chestplate":1,"minecraft:wooden_pickaxe":3,"minecraft:iron_axe":1,"minecraft:iron_pickaxe":2},"minecraft:picked_up":{"minecraft:wheat":173,"minecraft:lead":14,"minecraft:diamond_sword":1,"minecraft:string":17,"minecraft:raw_copper":47,"minecraft:soul_soil":2,"minecraft:iron_leggings":1,"minecraft:beetroot":2,"minecraft:diamond_leggings":2,"minecraft:cobbled_deepslate":119,"minecraft:spruce_planks":8,"minecraft:melon_slice":13,"minecraft:furnace":7,"minecraft:golden_helmet":2,"minecraft:stick":216,"minecraft:composter":3,"minecraft:oak_fence":85,"minecraft:torch":224,"minecraft:porkchop":24,"minecraft:lightning_rod":2,"minecraft:cherry_log":17,"minecraft:pointed_dripstone":4,"minecraft:diorite":170,"minecraft:golden_chestplate":5,"minecraft:stone_sword":4,"minecraft:rotten_flesh":44,"minecraft:cobblestone":1031,"minecraft:birch_log":35,"minecraft:polished_diorite_slab":7,"minecraft:feather":11,"minecraft:magma_cream":4,"minecraft:water_bucket":2,"minecraft:jungle_log":1,"minecraft:andesite":102,"minecraft:golden_leggings":5,"minecraft:potato":355,"minecraft:tuff":30,"minecraft:lapis_lazuli":16,"minecraft:dirt":4043,"minecraft:bone":34,"minecraft:bow":4,"minecraft:wheat_seeds":696,"minecraft:bamboo":11,"minecraft:oak_planks":475,"minecraft:poisonous_potato":1,"minecraft:sand":437,"minecraft:barrel":4,"minecraft:diamond":7,"minecraft:granite":2,"minecraft:bone_meal":2,"minecraft:bread":56,"minecraft:oak_sapling":192,"minecraft:netherrack":69,"minecraft:crafting_table":2,"minecraft:azure_bluet":14,"minecraft:chicken":8,"minecraft:packed_ice":19,"minecraft:brown_mushroom":1,"minecraft:wooden_pickaxe":1,"minecraft:shield":1,"minecraft:cornflower":8,"minecraft:iron_axe":1,"minecraft:wooden_sword":1,"minecraft:beef":27,"minecraft:oak_boat":3,"minecraft:spruce_slab":276,"minecraft:jungle_sapling":1,"minecraft:iron_nugget":40,"minecraft:poppy":11,"minecraft:light_gray_wool":2,"minecraft:birch_sapling":6,"minecraft:phantom_membrane":1,"minecraft:egg":10,"minecraft:raw_iron":60,"minecraft:carrot":1150,"minecraft:redstone":28,"minecraft:stone_shovel":10,"minecraft:arrow":157,"minecraft:diamond_chestplate":2,"minecraft:beetroot_seeds":3,"minecraft:nether_bricks":4,"minecraft:diamond_boots":2,"minecraft:hay_block":15,"minecraft:saddle":1,"minecraft:mutton":14,"minecraft:white_wool":9,"minecraft:oxeye_daisy":7,"minecraft:basalt":22,"minecraft:leather":13,"minecraft:birch_planks":1,"minecraft:oak_log":721,"minecraft:gunpowder":12,"minecraft:deepslate_tile_slab":30,"minecraft:blue_bed":1,"minecraft:apple":18,"minecraft:kelp":31,"minecraft:iron_ingot":5,"minecraft:stone_pickaxe":5,"minecraft:stripped_oak_wood":13,"minecraft:iron_sword":3,"minecraft:oak_slab":400,"minecraft:dandelion":60,"minecraft:spruce_sapling":21,"minecraft:white_bed":2,"minecraft:spruce_log":376,"minecraft:spider_eye":5,"minecraft:stone_axe":6,"minecraft:diamond_axe":1,"minecraft:cherry_sapling":3,"minecraft:coal":164},"minecraft:killed":{"minecraft:spider":12,"minecraft:skeleton":23,"minecraft:chicken":8,"minecraft:magma_cube":12,"minecraft:pig":15,"minecraft:zombie_villager":1,"minecraft:iron_golem":1,"minecraft:creeper":10,"minecraft:sheep":8,"minecraft:trader_llama":2,"minecraft:zombie":30,"minecraft:cow":12,"minecraft:phantom":3,"minecraft:wither_skeleton":5},"minecraft:killed_by":{"minecraft:creeper":2,"minecraft:zombie":3,"minecraft:player":1,"minecraft:skeleton":10},"minecraft:custom":{"minecraft:animals_bred":24,"minecraft:interact_with_crafting_table":89,"minecraft:open_barrel":76,"minecraft:leave_game":8,"minecraft:time_since_death":355790,"minecraft:sprint_one_cm":2440663,"minecraft:drop":162,"minecraft:talked_to_villager":49,"minecraft:play_time":851991,"minecraft:deaths":16,"minecraft:jump":17028,"minecraft:walk_on_water_one_cm":62179,"minecraft:interact_with_furnace":109,"minecraft:traded_with_villager":104,"minecraft:sleep_in_bed":28,"minecraft:damage_dealt":21774,"minecraft:crouch_one_cm":104271,"minecraft:horse_one_cm":6817,"minecraft:mob_kills":143,"minecraft:climb_one_cm":3366,"minecraft:walk_one_cm":2078084,"minecraft:sneak_time":31317,"minecraft:walk_under_water_one_cm":18022,"minecraft:boat_one_cm":363542,"minecraft:total_world_time":851991,"minecraft:interact_with_stonecutter":3,"minecraft:time_since_rest":8533,"minecraft:damage_taken":11921,"minecraft:swim_one_cm":283779,"minecraft:fly_one_cm":4066453,"minecraft:open_chest":40,"minecraft:fall_one_cm":434668},"minecraft:dropped":{"minecraft:birch_planks":2,"minecraft:diamond_axe":1,"minecraft:crafting_table":1,"minecraft:emerald":76,"minecraft:dirt":422,"minecraft:wooden_sword":1,"minecraft:phantom_membrane":1,"minecraft:sand":2,"minecraft:bone":12,"minecraft:oak_door":2,"minecraft:stone_axe":2,"minecraft:cobbled_deepslate":2,"minecraft:wheat":1,"minecraft:pointed_dripstone":4,"minecraft:cherry_sapling":3,"minecraft:beetroot":1,"minecraft:rotten_flesh":17,"minecraft:oak_planks":351,"minecraft:azure_bluet":4,"minecraft:poppy":2,"minecraft:gunpowder":3,"minecraft:beetroot_seeds":3,"minecraft:spruce_slab":1,"minecraft:basalt":2,"minecraft:arrow":13,"minecraft:glass":123,"minecraft:netherrack":1,"minecraft:water_bucket":1,"minecraft:bread":1,"minecraft:wheat_seeds":290,"minecraft:golden_helmet":1,"minecraft:cherry_log":17,"minecraft:diamond_leggings":1,"minecraft:poisonous_potato":1,"minecraft:oak_fence":3,"minecraft:cobblestone":129,"minecraft:coal":1,"minecraft:stick":396,"minecraft:oxeye_daisy":1,"minecraft:torch":5,"minecraft:iron_leggings":1,"minecraft:iron_axe":1,"minecraft:string":2,"minecraft:spruce_sapling":1,"minecraft:dandelion":7,"minecraft:kelp":4,"minecraft:soul_soil":1,"minecraft:stone_sword":2,"minecraft:nether_bricks":3,"minecraft:filled_map":1,"minecraft:diamond_sword":1,"minecraft:shield":1,"minecraft:diamond_chestplate":1,"minecraft:spruce_planks":1,"minecraft:andesite":19,"minecraft:oak_sapling":7,"minecraft:spider_eye":2,"minecraft:diamond_boots":1,"minecraft:bow":2,"minecraft:wooden_pickaxe":2,"minecraft:magma_cream":4},"minecraft:crafted":{"minecraft:oak_planks":2500,"minecraft:barrel":13,"minecraft:cooked_chicken":6,"minecraft:diamond_shovel":1,"minecraft:cooked_mutton":2,"minecraft:glass":226,"minecraft:diamond_helmet":1,"minecraft:iron_boots":1,"minecraft:chest":4,"minecraft:oak_fence":177,"minecraft:oak_slab":252,"minecraft:emerald":103,"minecraft:cooked_porkchop":13,"minecraft:crafting_table":32,"minecraft:spruce_planks":1484,"minecraft:baked_potato":74,"minecraft:wooden_pickaxe":6,"minecraft:iron_helmet":1,"minecraft:birch_planks":68,"minecraft:iron_chestplate":1,"minecraft:stick":3904,"minecraft:iron_ingot":49,"minecraft:iron_pickaxe":4,"minecraft:stone_sword":4,"minecraft:polished_andesite":56,"minecraft:wooden_sword":3,"minecraft:oak_door":6,"minecraft:stone_shovel":20,"minecraft:furnace":15,"minecraft:bone_meal":12,"minecraft:iron_axe":2,"minecraft:iron_hoe":1,"minecraft:spruce_slab":240,"minecraft:stone_pickaxe":8,"minecraft:wheat":135,"minecraft:cooked_beef":25,"minecraft:iron_sword":1,"minecraft:stone_axe":13,"minecraft:bread":80,"minecraft:air":0,"minecraft:jungle_planks":4,"minecraft:oak_fence_gate":8,"minecraft:oak_boat":4,"minecraft:iron_shovel":8,"minecraft:iron_leggings":1,"minecraft:torch":140},"minecraft:mined":{"minecraft:spruce_planks":4,"minecraft:white_bed":2,"minecraft:oak_sapling":3,"minecraft:cherry_log":17,"minecraft:granite":2,"minecraft:grass_block":2124,"minecraft:jungle_log":1,"minecraft:soul_soil":1,"minecraft:composter":3,"minecraft:oxeye_daisy":2,"minecraft:barrel":4,"minecraft:fire":3,"minecraft:iron_ore":33,"minecraft:cobbled_deepslate":5,"minecraft:deepslate_lapis_ore":2,"minecraft:azure_bluet":3,"minecraft:pointed_dripstone":1,"minecraft:dirt_path":764,"minecraft:spruce_slab":31,"minecraft:deepslate_redstone_ore":3,"minecraft:deepslate_tile_slab":28,"minecraft:torch":22,"minecraft:poppy":2,"minecraft:melon":3,"minecraft:polished_diorite_slab":5,"minecraft:cobblestone":8,"minecraft:oak_planks":254,"minecraft:wall_torch":18,"minecraft:birch_log":35,"minecraft:wheat":193,"minecraft:stripped_oak_wood":10,"minecraft:oak_log":658,"minecraft:beetroots":2,"minecraft:sand":447,"minecraft:dirt":580,"minecraft:netherrack":68,"minecraft:oak_leaves":466,"minecraft:deepslate":115,"minecraft:tuff":31,"minecraft:deepslate_diamond_ore":7,"minecraft:nether_bricks":6,"minecraft:spruce_leaves":25,"minecraft:hay_block":18,"minecraft:redstone_ore":3,"minecraft:furnace":7,"minecraft:carrots":350,"minecraft:andesite":101,"minecraft:potatoes":99,"minecraft:deepslate_iron_ore":27,"minecraft:vine":1,"minecraft:packed_ice":20,"minecraft:bamboo":1,"minecraft:stone":801,"minecraft:bone_block":2,"minecraft:white_wool":2,"minecraft:podzol":1,"minecraft:oak_slab":191,"minecraft:basalt":25,"minecraft:dandelion":23,"minecraft:oak_fence":71,"minecraft:crafting_table":1,"minecraft:short_grass":616,"minecraft:copper_ore":12,"minecraft:tall_grass":60,"minecraft:diorite":170,"minecraft:blue_bed":1,"minecraft:spruce_log":385,"minecraft:birch_leaves":38,"minecraft:coal_ore":109,"minecraft:cherry_leaves":1}},"DataVersion":3953}