{"stats":{"minecraft:used":{"minecraft:beetroot":1,"minecraft:oak_fence":15,"minecraft:stone_sword":153,"minecraft:iron_shovel":820,"minecraft:spruce_slab":274,"minecraft:stone_shovel":2334,"minecraft:poppy":1,"minecraft:chest":2,"minecraft:spruce_planks":207,"minecraft:iron_sword":94,"minecraft:cooked_chicken":6,"minecraft:rotten_flesh":12,"minecraft:oak_door":1,"minecraft:iron_chestplate":1,"minecraft:torch":165,"minecraft:mutton":3,"minecraft:dirt":1721,"minecraft:carrot":268,"minecraft:golden_chestplate":1,"minecraft:tuff":10,"minecraft:granite":2,"minecraft:azure_bluet":1,"minecraft:jungle_sapling":1,"minecraft:iron_helmet":1,"minecraft:iron_boots":1,"minecraft:barrel":14,"minecraft:beef":1,"minecraft:oak_sapling":74,"minecraft:furnace":11,"minecraft:egg":2,"minecraft:potato":20,"minecraft:cooked_beef":1,"minecraft:cobbled_deepslate":18,"minecraft:iron_leggings":1,"minecraft:wheat_seeds":189,"minecraft:cooked_mutton":2,"minecraft:diorite":1,"minecraft:oak_planks":805,"minecraft:stone_pickaxe":737,"minecraft:wooden_pickaxe":186,"minecraft:blue_bed":1,"minecraft:sand":7,"minecraft:oak_slab":361,"minecraft:crafting_table":30,"minecraft:white_bed":2,"minecraft:spruce_log":1,"minecraft:lightning_rod":1,"minecraft:oak_log":3,"minecraft:apple":10,"minecraft:oxeye_daisy":3,"minecraft:chicken":2,"minecraft:melon_slice":13,"minecraft:bread":62,"minecraft:iron_pickaxe":192,"minecraft:spruce_sapling":4,"minecraft:golden_leggings":1,"minecraft:stone_axe":987,"minecraft:wooden_sword":79,"minecraft:cobblestone":17,"minecraft:porkchop":4,"minecraft:cooked_porkchop":13,"minecraft:andesite":17,"minecraft:oak_boat":7,"minecraft:dandelion":3,"minecraft:golden_pickaxe":20,"minecraft:bone_meal":14},"minecraft:broken":{"minecraft:iron_shovel":3,"minecraft:wooden_pickaxe":3,"minecraft:stone_pickaxe":5,"minecraft:wooden_sword":1,"minecraft:stone_axe":6,"minecraft:stone_shovel":16,"minecraft:golden_chestplate":1},"minecraft:picked_up":{"minecraft:wheat":111,"minecraft:azure_bluet":13,"minecraft:chicken":8,"minecraft:packed_ice":19,"minecraft:wooden_pickaxe":1,"minecraft:cornflower":8,"minecraft:string":14,"minecraft:wooden_sword":1,"minecraft:iron_leggings":1,"minecraft:beetroot":2,"minecraft:cobbled_deepslate":119,"minecraft:spruce_planks":8,"minecraft:beef":27,"minecraft:oak_boat":3,"minecraft:jungle_sapling":1,"minecraft:iron_nugget":40,"minecraft:poppy":11,"minecraft:light_gray_wool":2,"minecraft:spruce_slab":276,"minecraft:melon_slice":13,"minecraft:birch_sapling":6,"minecraft:furnace":7,"minecraft:egg":7,"minecraft:stick":97,"minecraft:raw_iron":60,"minecraft:oak_fence":18,"minecraft:torch":163,"minecraft:porkchop":24,"minecraft:lightning_rod":2,"minecraft:cherry_log":17,"minecraft:pointed_dripstone":4,"minecraft:diorite":170,"minecraft:carrot":581,"minecraft:redstone":28,"minecraft:golden_chestplate":5,"minecraft:stone_sword":4,"minecraft:arrow":21,"minecraft:stone_shovel":10,"minecraft:rotten_flesh":32,"minecraft:beetroot_seeds":3,"minecraft:hay_block":15,"minecraft:saddle":1,"minecraft:birch_log":35,"minecraft:mutton":14,"minecraft:white_wool":9,"minecraft:cobblestone":723,"minecraft:oxeye_daisy":6,"minecraft:feather":11,"minecraft:andesite":102,"minecraft:jungle_log":1,"minecraft:leather":13,"minecraft:golden_leggings":5,"minecraft:potato":20,"minecraft:birch_planks":1,"minecraft:tuff":30,"minecraft:oak_log":446,"minecraft:gunpowder":4,"minecraft:lapis_lazuli":16,"minecraft:dirt":2460,"minecraft:blue_bed":1,"minecraft:bone":20,"minecraft:apple":10,"minecraft:kelp":31,"minecraft:bow":1,"minecraft:wheat_seeds":424,"minecraft:stone_pickaxe":5,"minecraft:stripped_oak_wood":6,"minecraft:bamboo":11,"minecraft:iron_sword":2,"minecraft:oak_planks":475,"minecraft:oak_slab":399,"minecraft:dandelion":51,"minecraft:sand":406,"minecraft:spruce_sapling":4,"minecraft:white_bed":2,"minecraft:spruce_log":82,"minecraft:spider_eye":2,"minecraft:barrel":4,"minecraft:diamond":7,"minecraft:stone_axe":6,"minecraft:granite":2,"minecraft:bone_meal":2,"minecraft:cherry_sapling":3,"minecraft:bread":56,"minecraft:oak_sapling":102,"minecraft:coal":159},"minecraft:killed":{"minecraft:spider":7,"minecraft:skeleton":12,"minecraft:chicken":8,"minecraft:pig":15,"minecraft:zombie_villager":1,"minecraft:creeper":4,"minecraft:sheep":8,"minecraft:zombie":20,"minecraft:cow":12},"minecraft:killed_by":{"minecraft:player":1,"minecraft:creeper":2,"minecraft:skeleton":10,"minecraft:zombie":3},"minecraft:custom":{"minecraft:mob_kills":88,"minecraft:interact_with_crafting_table":72,"minecraft:open_barrel":27,"minecraft:leave_game":7,"minecraft:time_since_death":69343,"minecraft:climb_one_cm":2668,"minecraft:sprint_one_cm":1538516,"minecraft:walk_one_cm":1264342,"minecraft:drop":78,"minecraft:talked_to_villager":3,"minecraft:play_time":565544,"minecraft:sneak_time":14799,"minecraft:deaths":16,"minecraft:walk_under_water_one_cm":17981,"minecraft:boat_one_cm":356823,"minecraft:jump":11424,"minecraft:walk_on_water_one_cm":60986,"minecraft:total_world_time":565544,"minecraft:interact_with_furnace":48,"minecraft:sleep_in_bed":20,"minecraft:time_since_rest":69154,"minecraft:damage_taken":9662,"minecraft:damage_dealt":12968,"minecraft:swim_one_cm":283483,"minecraft:fly_one_cm":2702319,"minecraft:open_chest":16,"minecraft:crouch_one_cm":48302,"minecraft:fall_one_cm":286336,"minecraft:horse_one_cm":6817},"minecraft:dropped":{"minecraft:bread":1,"minecraft:birch_planks":2,"minecraft:wheat_seeds":159,"minecraft:cherry_log":17,"minecraft:cobblestone":1,"minecraft:stick":12,"minecraft:dirt":1,"minecraft:iron_leggings":1,"minecraft:wooden_sword":1,"minecraft:sand":2,"minecraft:dandelion":4,"minecraft:bone":8,"minecraft:oak_door":2,"minecraft:stone_axe":2,"minecraft:kelp":4,"minecraft:stone_sword":2,"minecraft:cobbled_deepslate":2,"minecraft:wheat":1,"minecraft:pointed_dripstone":4,"minecraft:cherry_sapling":3,"minecraft:beetroot":1,"minecraft:rotten_flesh":12,"minecraft:oak_planks":350,"minecraft:azure_bluet":4,"minecraft:filled_map":1,"minecraft:poppy":2,"minecraft:gunpowder":1,"minecraft:andesite":19,"minecraft:beetroot_seeds":3,"minecraft:oak_sapling":7,"minecraft:spruce_slab":1,"minecraft:bow":1,"minecraft:arrow":11,"minecraft:wooden_pickaxe":2},"minecraft:mined":{"minecraft:tuff":31,"minecraft:spruce_planks":4,"minecraft:white_bed":2,"minecraft:oak_sapling":2,"minecraft:deepslate_diamond_ore":7,"minecraft:cherry_log":17,"minecraft:granite":2,"minecraft:grass_block":1306,"minecraft:jungle_log":1,"minecraft:spruce_leaves":21,"minecraft:oxeye_daisy":2,"minecraft:hay_block":18,"minecraft:redstone_ore":3,"minecraft:carrots":179,"minecraft:furnace":7,"minecraft:iron_ore":33,"minecraft:cobbled_deepslate":5,"minecraft:fire":1,"minecraft:barrel":4,"minecraft:andesite":101,"minecraft:deepslate_lapis_ore":2,"minecraft:azure_bluet":3,"minecraft:potatoes":6,"minecraft:pointed_dripstone":1,"minecraft:dirt_path":300,"minecraft:vine":1,"minecraft:deepslate_iron_ore":27,"minecraft:packed_ice":20,"minecraft:bamboo":1,"minecraft:stone":490,"minecraft:white_wool":2,"minecraft:spruce_slab":31,"minecraft:deepslate_redstone_ore":3,"minecraft:oak_slab":190,"minecraft:dandelion":16,"minecraft:oak_fence":3,"minecraft:torch":2,"minecraft:short_grass":424,"minecraft:poppy":2,"minecraft:melon":3,"minecraft:tall_grass":51,"minecraft:oak_planks":254,"minecraft:blue_bed":1,"minecraft:diorite":170,"minecraft:wall_torch":10,"minecraft:birch_log":35,"minecraft:wheat":115,"minecraft:spruce_log":82,"minecraft:birch_leaves":38,"minecraft:stripped_oak_wood":2,"minecraft:oak_log":381,"minecraft:coal_ore":105,"minecraft:beetroots":2,"minecraft:cherry_leaves":1,"minecraft:dirt":272,"minecraft:sand":416,"minecraft:oak_leaves":270,"minecraft:deepslate":115},"minecraft:crafted":{"minecraft:wooden_sword":3,"minecraft:oak_door":3,"minecraft:oak_planks":1416,"minecraft:stone_shovel":20,"minecraft:barrel":13,"minecraft:cooked_chicken":6,"minecraft:furnace":15,"minecraft:bone_meal":12,"minecraft:cooked_mutton":2,"minecraft:iron_boots":1,"minecraft:spruce_slab":240,"minecraft:stone_pickaxe":8,"minecraft:chest":2,"minecraft:oak_fence":30,"minecraft:wheat":135,"minecraft:cooked_beef":25,"minecraft:oak_slab":252,"minecraft:cooked_porkchop":13,"minecraft:crafting_table":30,"minecraft:spruce_planks":324,"minecraft:iron_helmet":1,"minecraft:wooden_pickaxe":6,"minecraft:iron_sword":1,"minecraft:birch_planks":68,"minecraft:stone_axe":11,"minecraft:bread":74,"minecraft:air":0,"minecraft:jungle_planks":4,"minecraft:oak_boat":4,"minecraft:iron_chestplate":1,"minecraft:stick":116,"minecraft:iron_ingot":49,"minecraft:iron_pickaxe":3,"minecraft:stone_sword":4,"minecraft:iron_shovel":5,"minecraft:iron_leggings":1,"minecraft:torch":124,"minecraft:polished_andesite":56}},"DataVersion":3953}