{"stats":{"minecraft:mined":{"minecraft:dandelion":9,"minecraft:short_grass":126,"minecraft:grass_block":159,"minecraft:poppy":1,"minecraft:melon":3,"minecraft:jungle_log":1,"minecraft:tall_grass":20,"minecraft:spruce_leaves":9,"minecraft:diorite":1,"minecraft:oxeye_daisy":2,"minecraft:wall_torch":1,"minecraft:hay_block":1,"minecraft:oak_log":41,"minecraft:coal_ore":12,"minecraft:dirt_path":105,"minecraft:packed_ice":20,"minecraft:dirt":46,"minecraft:bamboo":1,"minecraft:stone":28,"minecraft:oak_leaves":30},"minecraft:crafted":{"minecraft:cooked_beef":1,"minecraft:wooden_sword":3,"minecraft:oak_planks":160,"minecraft:cooked_porkchop":13,"minecraft:crafting_table":8,"minecraft:wooden_pickaxe":3,"minecraft:cooked_chicken":6,"minecraft:furnace":3,"minecraft:bread":11,"minecraft:cooked_mutton":2,"minecraft:air":0,"minecraft:jungle_planks":4,"minecraft:oak_boat":2,"minecraft:stick":16,"minecraft:iron_ingot":2,"minecraft:stone_sword":2,"minecraft:chest":2,"minecraft:iron_shovel":2,"minecraft:torch":4,"minecraft:wheat":9},"minecraft:picked_up":{"minecraft:feather":11,"minecraft:chicken":8,"minecraft:jungle_log":1,"minecraft:leather":2,"minecraft:packed_ice":19,"minecraft:wooden_pickaxe":1,"minecraft:oak_log":40,"minecraft:cornflower":1,"minecraft:dirt":386,"minecraft:wooden_sword":1,"minecraft:bone":2,"minecraft:kelp":1,"minecraft:wheat_seeds":25,"minecraft:beef":1,"minecraft:jungle_sapling":1,"minecraft:poppy":2,"minecraft:bamboo":11,"minecraft:light_gray_wool":2,"minecraft:melon_slice":13,"minecraft:oak_planks":27,"minecraft:egg":4,"minecraft:stick":8,"minecraft:torch":1,"minecraft:dandelion":13,"minecraft:porkchop":24,"minecraft:diorite":1,"minecraft:rotten_flesh":5,"minecraft:hay_block":1,"minecraft:oak_sapling":1,"minecraft:mutton":14,"minecraft:coal":12,"minecraft:white_wool":7,"minecraft:cobblestone":30,"minecraft:oxeye_daisy":3},"minecraft:broken":{"minecraft:iron_shovel":1,"minecraft:wooden_sword":1},"minecraft:killed":{"minecraft:pig":15,"minecraft:spider":2,"minecraft:creeper":1,"minecraft:sheep":8,"minecraft:zombie":2,"minecraft:chicken":8,"minecraft:cow":1},"minecraft:dropped":{"minecraft:wheat_seeds":1,"minecraft:stick":1,"minecraft:filled_map":1,"minecraft:wooden_sword":1,"minecraft:wooden_pickaxe":1},"minecraft:used":{"minecraft:cooked_mutton":2,"minecraft:stone_sword":44,"minecraft:iron_shovel":498,"minecraft:poppy":1,"minecraft:chest":2,"minecraft:wooden_pickaxe":42,"minecraft:cooked_chicken":6,"minecraft:rotten_flesh":5,"minecraft:torch":2,"minecraft:dirt":304,"minecraft:mutton":3,"minecraft:crafting_table":8,"minecraft:jungle_sapling":1,"minecraft:oxeye_daisy":2,"minecraft:bread":9,"minecraft:chicken":2,"minecraft:melon_slice":13,"minecraft:wooden_sword":79,"minecraft:furnace":3,"minecraft:oak_sapling":1,"minecraft:porkchop":4,"minecraft:cooked_porkchop":7,"minecraft:oak_boat":2,"minecraft:cooked_beef":1,"minecraft:dandelion":2,"minecraft:golden_pickaxe":20},"minecraft:killed_by":{"minecraft:player":1,"minecraft:skeleton":4,"minecraft:creeper":2,"minecraft:zombie":2},"minecraft:custom":{"minecraft:interact_with_furnace":9,"minecraft:mob_kills":38,"minecraft:interact_with_crafting_table":14,"minecraft:leave_game":1,"minecraft:time_since_death":88010,"minecraft:climb_one_cm":2668,"minecraft:time_since_rest":88042,"minecraft:sprint_one_cm":425398,"minecraft:damage_taken":3937,"minecraft:walk_one_cm":202944,"minecraft:drop":5,"minecraft:damage_dealt":4229,"minecraft:swim_one_cm":109524,"minecraft:fly_one_cm":895192,"minecraft:open_chest":8,"minecraft:crouch_one_cm":1878,"minecraft:play_time":135376,"minecraft:deaths":9,"minecraft:sneak_time":752,"minecraft:walk_under_water_one_cm":9415,"minecraft:boat_one_cm":83719,"minecraft:jump":3316,"minecraft:walk_on_water_one_cm":26027,"minecraft:total_world_time":135376,"minecraft:fall_one_cm":86186}},"DataVersion":3953}