{"stats":{"minecraft:mined":{"minecraft:dandelion":10,"minecraft:short_grass":160,"minecraft:grass_block":345,"minecraft:poppy":1,"minecraft:melon":3,"minecraft:jungle_log":1,"minecraft:tall_grass":22,"minecraft:spruce_leaves":9,"minecraft:diorite":1,"minecraft:oxeye_daisy":2,"minecraft:wall_torch":1,"minecraft:hay_block":1,"minecraft:azure_bluet":1,"minecraft:oak_log":49,"minecraft:coal_ore":12,"minecraft:dirt_path":117,"minecraft:dirt":57,"minecraft:packed_ice":20,"minecraft:bamboo":1,"minecraft:stone":45,"minecraft:oak_leaves":31},"minecraft:crafted":{"minecraft:cooked_beef":1,"minecraft:wooden_sword":3,"minecraft:oak_planks":160,"minecraft:stone_shovel":2,"minecraft:cooked_porkchop":13,"minecraft:crafting_table":8,"minecraft:wooden_pickaxe":3,"minecraft:cooked_chicken":6,"minecraft:furnace":3,"minecraft:bread":11,"minecraft:cooked_mutton":2,"minecraft:air":0,"minecraft:jungle_planks":4,"minecraft:oak_boat":2,"minecraft:stick":20,"minecraft:iron_ingot":2,"minecraft:stone_sword":2,"minecraft:chest":2,"minecraft:iron_shovel":2,"minecraft:torch":4,"minecraft:wheat":9},"minecraft:picked_up":{"minecraft:azure_bluet":1,"minecraft:feather":11,"minecraft:chicken":8,"minecraft:jungle_log":1,"minecraft:leather":2,"minecraft:packed_ice":19,"minecraft:wooden_pickaxe":1,"minecraft:oak_log":47,"minecraft:cornflower":1,"minecraft:dirt":590,"minecraft:wooden_sword":1,"minecraft:bone":2,"minecraft:kelp":1,"minecraft:wheat_seeds":34,"minecraft:beef":1,"minecraft:jungle_sapling":1,"minecraft:poppy":2,"minecraft:bamboo":11,"minecraft:light_gray_wool":2,"minecraft:melon_slice":13,"minecraft:oak_planks":27,"minecraft:egg":4,"minecraft:stick":8,"minecraft:torch":1,"minecraft:dandelion":14,"minecraft:porkchop":24,"minecraft:diorite":1,"minecraft:rotten_flesh":5,"minecraft:hay_block":1,"minecraft:oak_sapling":1,"minecraft:mutton":14,"minecraft:coal":12,"minecraft:white_wool":7,"minecraft:cobblestone":40,"minecraft:oxeye_daisy":3},"minecraft:broken":{"minecraft:iron_shovel":2,"minecraft:wooden_sword":1,"minecraft:stone_shovel":1,"minecraft:wooden_pickaxe":1},"minecraft:killed":{"minecraft:pig":15,"minecraft:spider":3,"minecraft:creeper":1,"minecraft:sheep":8,"minecraft:zombie":2,"minecraft:chicken":8,"minecraft:cow":1},"minecraft:dropped":{"minecraft:wheat_seeds":1,"minecraft:stick":1,"minecraft:filled_map":1,"minecraft:wooden_sword":1,"minecraft:wooden_pickaxe":1},"minecraft:used":{"minecraft:cooked_mutton":2,"minecraft:stone_sword":47,"minecraft:iron_shovel":556,"minecraft:stone_shovel":276,"minecraft:poppy":1,"minecraft:chest":2,"minecraft:wooden_pickaxe":59,"minecraft:cooked_chicken":6,"minecraft:rotten_flesh":5,"minecraft:torch":2,"minecraft:dirt":478,"minecraft:mutton":3,"minecraft:crafting_table":8,"minecraft:oak_log":2,"minecraft:jungle_sapling":1,"minecraft:oxeye_daisy":2,"minecraft:chicken":2,"minecraft:bread":11,"minecraft:melon_slice":13,"minecraft:wooden_sword":79,"minecraft:oak_sapling":1,"minecraft:porkchop":4,"minecraft:furnace":3,"minecraft:cooked_porkchop":8,"minecraft:oak_boat":2,"minecraft:cooked_beef":1,"minecraft:dandelion":2,"minecraft:golden_pickaxe":20},"minecraft:killed_by":{"minecraft:player":1,"minecraft:skeleton":4,"minecraft:creeper":2,"minecraft:zombie":2},"minecraft:custom":{"minecraft:interact_with_furnace":9,"minecraft:mob_kills":39,"minecraft:interact_with_crafting_table":15,"minecraft:leave_game":2,"minecraft:time_since_death":135964,"minecraft:sleep_in_bed":1,"minecraft:climb_one_cm":2668,"minecraft:time_since_rest":1560,"minecraft:sprint_one_cm":462286,"minecraft:damage_taken":4021,"minecraft:walk_one_cm":263642,"minecraft:drop":5,"minecraft:damage_dealt":4332,"minecraft:swim_one_cm":109524,"minecraft:fly_one_cm":964959,"minecraft:open_chest":9,"minecraft:crouch_one_cm":7986,"minecraft:play_time":183330,"minecraft:deaths":9,"minecraft:sneak_time":2155,"minecraft:walk_under_water_one_cm":9415,"minecraft:boat_one_cm":83719,"minecraft:jump":3583,"minecraft:walk_on_water_one_cm":26027,"minecraft:total_world_time":183330,"minecraft:fall_one_cm":91627}},"DataVersion":3953}