{"stats":{"minecraft:mined":{"minecraft:dandelion":9,"minecraft:short_grass":71,"minecraft:grass_block":42,"minecraft:poppy":1,"minecraft:melon":3,"minecraft:jungle_log":1,"minecraft:tall_grass":19,"minecraft:diorite":1,"minecraft:oxeye_daisy":2,"minecraft:wall_torch":1,"minecraft:oak_log":36,"minecraft:coal_ore":12,"minecraft:dirt":32,"minecraft:bamboo":1,"minecraft:stone":20,"minecraft:oak_leaves":29},"minecraft:crafted":{"minecraft:cooked_beef":1,"minecraft:wooden_sword":3,"minecraft:oak_planks":140,"minecraft:cooked_porkchop":1,"minecraft:crafting_table":5,"minecraft:wooden_pickaxe":3,"minecraft:cooked_chicken":4,"minecraft:furnace":2,"minecraft:bread":8,"minecraft:cooked_mutton":2,"minecraft:air":0,"minecraft:jungle_planks":4,"minecraft:oak_boat":1,"minecraft:stick":12,"minecraft:stone_sword":2,"minecraft:torch":4},"minecraft:picked_up":{"minecraft:feather":11,"minecraft:chicken":8,"minecraft:jungle_log":1,"minecraft:leather":2,"minecraft:wooden_pickaxe":1,"minecraft:oak_log":35,"minecraft:dirt":153,"minecraft:wooden_sword":1,"minecraft:bone":2,"minecraft:kelp":1,"minecraft:wheat_seeds":12,"minecraft:beef":1,"minecraft:jungle_sapling":1,"minecraft:poppy":1,"minecraft:bamboo":11,"minecraft:light_gray_wool":1,"minecraft:melon_slice":13,"minecraft:oak_planks":27,"minecraft:egg":4,"minecraft:stick":7,"minecraft:torch":1,"minecraft:dandelion":10,"minecraft:porkchop":17,"minecraft:diorite":1,"minecraft:rotten_flesh":5,"minecraft:oak_sapling":1,"minecraft:mutton":10,"minecraft:coal":12,"minecraft:white_wool":5,"minecraft:cobblestone":22,"minecraft:oxeye_daisy":2},"minecraft:broken":{"minecraft:wooden_sword":1},"minecraft:killed":{"minecraft:pig":12,"minecraft:spider":2,"minecraft:creeper":1,"minecraft:sheep":6,"minecraft:zombie":2,"minecraft:chicken":8,"minecraft:cow":1},"minecraft:dropped":{"minecraft:wheat_seeds":1,"minecraft:wooden_sword":1,"minecraft:wooden_pickaxe":1},"minecraft:used":{"minecraft:cooked_mutton":2,"minecraft:stone_sword":32,"minecraft:poppy":1,"minecraft:wooden_pickaxe":33,"minecraft:cooked_chicken":4,"minecraft:rotten_flesh":5,"minecraft:torch":2,"minecraft:dirt":90,"minecraft:mutton":1,"minecraft:crafting_table":5,"minecraft:jungle_sapling":1,"minecraft:oxeye_daisy":2,"minecraft:bread":6,"minecraft:chicken":2,"minecraft:melon_slice":13,"minecraft:wooden_sword":79,"minecraft:furnace":2,"minecraft:oak_sapling":1,"minecraft:porkchop":4,"minecraft:cooked_porkchop":1,"minecraft:oak_boat":1,"minecraft:cooked_beef":1,"minecraft:dandelion":2},"minecraft:killed_by":{"minecraft:player":1,"minecraft:skeleton":4,"minecraft:creeper":2,"minecraft:zombie":2},"minecraft:custom":{"minecraft:interact_with_furnace":5,"minecraft:mob_kills":33,"minecraft:interact_with_crafting_table":8,"minecraft:leave_game":1,"minecraft:time_since_death":46010,"minecraft:climb_one_cm":2411,"minecraft:time_since_rest":46042,"minecraft:sprint_one_cm":244353,"minecraft:damage_taken":3712,"minecraft:walk_one_cm":108233,"minecraft:drop":3,"minecraft:damage_dealt":3769,"minecraft:swim_one_cm":76988,"minecraft:fly_one_cm":468984,"minecraft:open_chest":5,"minecraft:crouch_one_cm":1214,"minecraft:play_time":93376,"minecraft:deaths":9,"minecraft:sneak_time":592,"minecraft:walk_under_water_one_cm":8008,"minecraft:boat_one_cm":39848,"minecraft:jump":1950,"minecraft:walk_on_water_one_cm":17758,"minecraft:total_world_time":93376,"minecraft:fall_one_cm":54448}},"DataVersion":3953}