{"stats":{"minecraft:mined":{"minecraft:dandelion":9,"minecraft:short_grass":71,"minecraft:grass_block":45,"minecraft:poppy":1,"minecraft:melon":3,"minecraft:jungle_log":1,"minecraft:tall_grass":19,"minecraft:diorite":1,"minecraft:oxeye_daisy":2,"minecraft:wall_torch":1,"minecraft:oak_log":36,"minecraft:coal_ore":12,"minecraft:packed_ice":20,"minecraft:dirt":38,"minecraft:bamboo":1,"minecraft:stone":28,"minecraft:oak_leaves":29},"minecraft:crafted":{"minecraft:cooked_beef":1,"minecraft:wooden_sword":3,"minecraft:oak_planks":140,"minecraft:cooked_porkchop":13,"minecraft:crafting_table":6,"minecraft:wooden_pickaxe":3,"minecraft:cooked_chicken":6,"minecraft:furnace":3,"minecraft:bread":8,"minecraft:cooked_mutton":2,"minecraft:air":0,"minecraft:jungle_planks":4,"minecraft:oak_boat":1,"minecraft:stick":12,"minecraft:stone_sword":2,"minecraft:torch":4},"minecraft:picked_up":{"minecraft:feather":11,"minecraft:chicken":8,"minecraft:jungle_log":1,"minecraft:leather":2,"minecraft:packed_ice":19,"minecraft:wooden_pickaxe":1,"minecraft:oak_log":35,"minecraft:dirt":162,"minecraft:wooden_sword":1,"minecraft:bone":2,"minecraft:kelp":1,"minecraft:wheat_seeds":12,"minecraft:beef":1,"minecraft:jungle_sapling":1,"minecraft:poppy":1,"minecraft:bamboo":11,"minecraft:light_gray_wool":1,"minecraft:melon_slice":13,"minecraft:oak_planks":27,"minecraft:egg":4,"minecraft:stick":7,"minecraft:torch":1,"minecraft:dandelion":10,"minecraft:porkchop":17,"minecraft:diorite":1,"minecraft:rotten_flesh":5,"minecraft:oak_sapling":1,"minecraft:mutton":10,"minecraft:coal":12,"minecraft:white_wool":5,"minecraft:cobblestone":30,"minecraft:oxeye_daisy":2},"minecraft:broken":{"minecraft:wooden_sword":1},"minecraft:killed":{"minecraft:pig":12,"minecraft:spider":2,"minecraft:creeper":1,"minecraft:sheep":6,"minecraft:zombie":2,"minecraft:chicken":8,"minecraft:cow":1},"minecraft:dropped":{"minecraft:wheat_seeds":1,"minecraft:filled_map":1,"minecraft:wooden_sword":1,"minecraft:wooden_pickaxe":1},"minecraft:used":{"minecraft:cooked_mutton":2,"minecraft:stone_sword":32,"minecraft:poppy":1,"minecraft:wooden_pickaxe":42,"minecraft:cooked_chicken":6,"minecraft:rotten_flesh":5,"minecraft:torch":2,"minecraft:dirt":105,"minecraft:mutton":2,"minecraft:crafting_table":6,"minecraft:jungle_sapling":1,"minecraft:oxeye_daisy":2,"minecraft:bread":8,"minecraft:chicken":2,"minecraft:melon_slice":13,"minecraft:wooden_sword":79,"minecraft:furnace":3,"minecraft:oak_sapling":1,"minecraft:porkchop":4,"minecraft:cooked_porkchop":2,"minecraft:oak_boat":1,"minecraft:cooked_beef":1,"minecraft:dandelion":2,"minecraft:golden_pickaxe":20},"minecraft:killed_by":{"minecraft:player":1,"minecraft:skeleton":4,"minecraft:creeper":2,"minecraft:zombie":2},"minecraft:custom":{"minecraft:interact_with_furnace":9,"minecraft:mob_kills":33,"minecraft:interact_with_crafting_table":10,"minecraft:leave_game":1,"minecraft:time_since_death":58010,"minecraft:climb_one_cm":2411,"minecraft:time_since_rest":58042,"minecraft:sprint_one_cm":283139,"minecraft:damage_taken":3772,"minecraft:walk_one_cm":119127,"minecraft:drop":4,"minecraft:damage_dealt":3769,"minecraft:swim_one_cm":76988,"minecraft:fly_one_cm":646397,"minecraft:open_chest":6,"minecraft:crouch_one_cm":1214,"minecraft:play_time":105376,"minecraft:deaths":9,"minecraft:sneak_time":592,"minecraft:walk_under_water_one_cm":8008,"minecraft:boat_one_cm":39848,"minecraft:jump":2430,"minecraft:walk_on_water_one_cm":18164,"minecraft:total_world_time":105376,"minecraft:fall_one_cm":64143}},"DataVersion":3953}