{"stats":{"minecraft:mined":{"minecraft:dark_oak_log":13,"minecraft:crafting_table":8,"minecraft:cornflower":2,"minecraft:short_grass":44,"minecraft:grass_block":18,"minecraft:melon":5,"minecraft:jungle_log":9,"minecraft:rose_bush":10,"minecraft:tall_grass":3,"minecraft:furnace":2,"minecraft:iron_ore":5,"minecraft:lilac":7,"minecraft:pumpkin":1,"minecraft:peony":6,"minecraft:oak_log":22,"minecraft:coal_ore":71,"minecraft:vine":3,"minecraft:dirt":60,"minecraft:stone":42,"minecraft:white_wool":1,"minecraft:oak_leaves":23,"minecraft:fern":6},"minecraft:crafted":{"minecraft:wooden_sword":4,"minecraft:oak_planks":12,"minecraft:cooked_porkchop":5,"minecraft:crafting_table":3,"minecraft:jungle_boat":1,"minecraft:wooden_pickaxe":2,"minecraft:cooked_chicken":1,"minecraft:iron_sword":1,"minecraft:furnace":1,"minecraft:stone_axe":1,"minecraft:air":0,"minecraft:jungle_planks":36,"minecraft:stick":16,"minecraft:iron_ingot":3,"minecraft:stone_pickaxe":1,"minecraft:wooden_axe":1,"minecraft:stone_sword":1,"minecraft:dark_oak_planks":48,"minecraft:torch":4},"minecraft:picked_up":{"minecraft:crafting_table":8,"minecraft:feather":4,"minecraft:lilac":6,"minecraft:chicken":3,"minecraft:jungle_log":9,"minecraft:brown_wool":1,"minecraft:leather":2,"minecraft:oak_log":24,"minecraft:string":4,"minecraft:dirt":92,"minecraft:cornflower":2,"minecraft:apple":2,"minecraft:wheat_seeds":5,"minecraft:beef":10,"minecraft:rose_bush":9,"minecraft:melon_slice":24,"minecraft:furnace":2,"minecraft:egg":3,"minecraft:stick":8,"minecraft:raw_iron":5,"minecraft:pumpkin":1,"minecraft:torch":65,"minecraft:porkchop":17,"minecraft:dark_oak_log":13,"minecraft:rotten_flesh":3,"minecraft:peony":4,"minecraft:oak_sapling":7,"minecraft:black_wool":3,"minecraft:mutton":13,"minecraft:coal":116,"minecraft:white_wool":4,"minecraft:cobblestone":42},"minecraft:killed":{"minecraft:pig":8,"minecraft:salmon":1,"minecraft:spider":2,"minecraft:sheep":7,"minecraft:zombie":1,"minecraft:chicken":3,"minecraft:cow":5},"minecraft:dropped":{"minecraft:wooden_sword":1},"minecraft:used":{"minecraft:stone_sword":10,"minecraft:stone_pickaxe":106,"minecraft:wooden_pickaxe":16,"minecraft:iron_sword":22,"minecraft:cooked_chicken":1,"minecraft:jungle_boat":1,"minecraft:white_wool":1,"minecraft:torch":65,"minecraft:dirt":14,"minecraft:crafting_table":7,"minecraft:wooden_axe":11,"minecraft:apple":2,"minecraft:dark_oak_log":1,"minecraft:chicken":1,"minecraft:melon_slice":2,"minecraft:stone_axe":2,"minecraft:wooden_sword":61,"minecraft:cobblestone":6,"minecraft:beef":3,"minecraft:cooked_porkchop":4,"minecraft:furnace":2,"minecraft:porkchop":10,"minecraft:egg":1},"minecraft:killed_by":{"minecraft:skeleton":4,"minecraft:creeper":1,"minecraft:zombie":5,"minecraft:trader_llama":1},"minecraft:custom":{"minecraft:interact_with_furnace":7,"minecraft:mob_kills":29,"minecraft:interact_with_crafting_table":8,"minecraft:leave_game":1,"minecraft:time_since_death":4794,"minecraft:climb_one_cm":2345,"minecraft:time_since_rest":4846,"minecraft:sprint_one_cm":192024,"minecraft:damage_taken":4366,"minecraft:walk_one_cm":261388,"minecraft:drop":1,"minecraft:damage_dealt":3031,"minecraft:swim_one_cm":52964,"minecraft:talked_to_villager":1,"minecraft:fly_one_cm":286384,"minecraft:player_kills":1,"minecraft:open_chest":4,"minecraft:play_time":105317,"minecraft:deaths":13,"minecraft:sneak_time":179,"minecraft:walk_under_water_one_cm":27711,"minecraft:boat_one_cm":10030,"minecraft:jump":1750,"minecraft:walk_on_water_one_cm":28185,"minecraft:total_world_time":105317,"minecraft:fall_one_cm":57175,"minecraft:horse_one_cm":1496}},"DataVersion":3953}