{"stats":{"minecraft:picked_up":{"minecraft:iron_chestplate":3,"minecraft:wheat":75,"minecraft:lead":2,"minecraft:oak_stairs":31,"minecraft:stone_brick_stairs":241,"minecraft:brewing_stand":5,"minecraft:string":8,"minecraft:soul_soil":19,"minecraft:raw_copper":27,"minecraft:iron_leggings":3,"minecraft:diamond_leggings":2,"minecraft:gold_nugget":23,"minecraft:spruce_planks":269,"minecraft:white_tulip":9,"minecraft:red_dye":1,"minecraft:rose_bush":9,"minecraft:iron_pickaxe":4,"minecraft:melon_slice":24,"minecraft:furnace":12,"minecraft:iron_boots":4,"minecraft:golden_helmet":1,"minecraft:stick":126,"minecraft:oak_fence":2,"minecraft:torch":126,"minecraft:spruce_stairs":8,"minecraft:porkchop":34,"minecraft:cherry_log":123,"minecraft:diorite":52,"minecraft:vine":43,"minecraft:golden_chestplate":1,"minecraft:quartz_block":40,"minecraft:stone_sword":1,"minecraft:rotten_flesh":56,"minecraft:blue_dye":6,"minecraft:red_tulip":11,"minecraft:mangrove_roots":1,"minecraft:white_terracotta":1,"minecraft:cobblestone":504,"minecraft:birch_log":146,"minecraft:pink_petals":551,"minecraft:magma_block":2,"minecraft:cooked_beef":1,"minecraft:feather":14,"minecraft:lilac":34,"minecraft:cherry_planks":35,"minecraft:jungle_log":9,"minecraft:brown_wool":2,"minecraft:potato":23,"minecraft:flint":1,"minecraft:light_gray_dye":3,"minecraft:lantern":82,"minecraft:stripped_birch_log":2,"minecraft:dirt":3111,"minecraft:bone":19,"minecraft:glass":168,"minecraft:stonecutter":2,"minecraft:bow":3,"minecraft:orange_tulip":12,"minecraft:wheat_seeds":530,"minecraft:rabbit":2,"minecraft:bamboo":3,"minecraft:oak_planks":344,"minecraft:sand":155,"minecraft:dark_oak_log":13,"minecraft:mossy_cobblestone":2,"minecraft:light_gray_terracotta":10,"minecraft:spruce_boat":6,"minecraft:bone_meal":39,"minecraft:emerald":4,"minecraft:golden_horse_armor":3,"minecraft:chainmail_helmet":2,"minecraft:spruce_sign":9,"minecraft:bread":13,"minecraft:oak_sapling":106,"minecraft:netherrack":426,"minecraft:oak_leaves":208,"minecraft:diamond_pickaxe":1,"minecraft:crafting_table":23,"minecraft:azure_bluet":7,"minecraft:chicken":4,"minecraft:clay_ball":265,"minecraft:leather_leggings":3,"minecraft:gold_block":6,"minecraft:brick":11,"minecraft:cornflower":18,"minecraft:oak_trapdoor":33,"minecraft:red_bed":4,"minecraft:flint_and_steel":2,"minecraft:quartz_slab":77,"minecraft:beef":19,"minecraft:oak_boat":7,"minecraft:poppy":7,"minecraft:spruce_slab":29,"minecraft:sugar_cane":18,"minecraft:chest":6,"minecraft:birch_sapling":21,"minecraft:spruce_trapdoor":10,"minecraft:egg":7,"minecraft:raw_iron":35,"minecraft:stone":41,"minecraft:oak_door":5,"minecraft:spruce_fence":39,"minecraft:carrot":4,"minecraft:iron_horse_armor":1,"minecraft:arrow":11,"minecraft:stone_shovel":1,"minecraft:diamond_chestplate":1,"minecraft:beetroot_seeds":3,"minecraft:peony":4,"minecraft:nether_bricks":6,"minecraft:diamond_boots":2,"minecraft:saddle":1,"minecraft:mutton":22,"minecraft:white_wool":17,"minecraft:oxeye_daisy":8,"minecraft:stripped_oak_log":48,"minecraft:jungle_boat":7,"minecraft:basalt":4,"minecraft:salmon":4,"minecraft:leather":12,"minecraft:birch_planks":143,"minecraft:oak_log":522,"minecraft:yellow_bed":1,"minecraft:blue_bed":2,"minecraft:apple":48,"minecraft:stone_bricks":154,"minecraft:rabbit_hide":3,"minecraft:iron_ingot":9,"minecraft:mangrove_planks":2,"minecraft:soul_sand":2,"minecraft:iron_sword":2,"minecraft:book":4,"minecraft:oak_slab":11,"minecraft:pumpkin":103,"minecraft:stone_brick_slab":13,"minecraft:quartz":153,"minecraft:dandelion":70,"minecraft:gravel":60,"minecraft:spruce_sapling":14,"minecraft:white_bed":1,"minecraft:spruce_log":149,"minecraft:spruce_door":12,"minecraft:mangrove_leaves":3,"minecraft:stone_axe":2,"minecraft:short_grass":2,"minecraft:cherry_sapling":41,"minecraft:terracotta":4,"minecraft:baked_potato":42,"minecraft:black_wool":9,"minecraft:mangrove_propagule":1,"minecraft:coal":234,"minecraft:sunflower":122},"minecraft:used":{"minecraft:cherry_sapling":17,"minecraft:spruce_slab":38,"minecraft:chest":17,"minecraft:white_terracotta":1,"minecraft:stone":11,"minecraft:iron_sword":362,"minecraft:iron_chestplate":2,"minecraft:mutton":3,"minecraft:jungle_planks":7,"minecraft:carrot":49,"minecraft:spruce_boat":4,"minecraft:glass":132,"minecraft:quartz_slab":77,"minecraft:lantern":25,"minecraft:birch_sapling":21,"minecraft:quartz_block":40,"minecraft:iron_helmet":2,"minecraft:stone_brick_stairs":327,"minecraft:stone_bricks":190,"minecraft:bow":6,"minecraft:oak_sapling":100,"minecraft:furnace":12,"minecraft:egg":1,"minecraft:potato":1,"minecraft:leather_leggings":1,"minecraft:spruce_door":5,"minecraft:stone_pickaxe":669,"minecraft:oak_planks":609,"minecraft:wooden_pickaxe":17,"minecraft:clay":1,"minecraft:blue_bed":2,"minecraft:jungle_boat":8,"minecraft:oak_leaves":108,"minecraft:white_wool":5,"minecraft:light_gray_terracotta":2,"minecraft:black_bed":2,"minecraft:shears":194,"minecraft:lightning_rod":1,"minecraft:dark_oak_log":1,"minecraft:melon_slice":2,"minecraft:bread":30,"minecraft:brown_wool":1,"minecraft:gravel":25,"minecraft:wooden_sword":83,"minecraft:cooked_rabbit":2,"minecraft:birch_log":65,"minecraft:oak_boat":7,"minecraft:bone_meal":24,"minecraft:oak_fence":23,"minecraft:oak_trapdoor":53,"minecraft:stone_sword":11,"minecraft:stone_shovel":2137,"minecraft:spruce_planks":100,"minecraft:cooked_chicken":1,"minecraft:netherrack":95,"minecraft:oak_door":6,"minecraft:torch":112,"minecraft:dirt":1613,"minecraft:spruce_stairs":38,"minecraft:spruce_fence":21,"minecraft:stone_brick_slab":116,"minecraft:wooden_axe":93,"minecraft:oak_stairs":98,"minecraft:iron_boots":2,"minecraft:beef":7,"minecraft:cooked_beef":5,"minecraft:cherry_log":3,"minecraft:iron_leggings":2,"minecraft:wheat_seeds":29,"minecraft:cooked_mutton":3,"minecraft:birch_planks":359,"minecraft:baked_potato":89,"minecraft:spruce_sign":1,"minecraft:stonecutter":2,"minecraft:vine":19,"minecraft:oak_slab":21,"minecraft:crafting_table":25,"minecraft:red_bed":2,"minecraft:white_bed":1,"minecraft:oak_log":290,"minecraft:flower_pot":3,"minecraft:black_wool":1,"minecraft:cornflower":4,"minecraft:diamond_pickaxe":765,"minecraft:apple":11,"minecraft:oxeye_daisy":2,"minecraft:chicken":2,"minecraft:mangrove_propagule":1,"minecraft:iron_pickaxe":237,"minecraft:spruce_trapdoor":32,"minecraft:spruce_sapling":5,"minecraft:stone_axe":2058,"minecraft:cobblestone":49,"minecraft:porkchop":12,"minecraft:cooked_porkchop":10,"minecraft:glass_pane":48,"minecraft:stripped_oak_log":23},"minecraft:dropped":{"minecraft:iron_sword":1,"minecraft:short_grass":1,"minecraft:cooked_beef":1,"minecraft:flint":1,"minecraft:dirt":184,"minecraft:wooden_sword":1,"minecraft:stone_axe":1,"minecraft:golden_chestplate":1,"minecraft:rotten_flesh":3,"minecraft:azure_bluet":3,"minecraft:carrot":1,"minecraft:poppy":2,"minecraft:stone_brick_stairs":10,"minecraft:netherrack":1,"minecraft:wheat_seeds":13,"minecraft:oak_fence":1,"minecraft:cobblestone":64,"minecraft:apple":6,"minecraft:stick":16,"minecraft:torch":4,"minecraft:brown_wool":1,"minecraft:oak_stairs":2,"minecraft:dandelion":5,"minecraft:stone_sword":1,"minecraft:stone_shovel":1,"minecraft:raw_iron":1,"minecraft:spruce_planks":10,"minecraft:stone_bricks":2,"minecraft:spruce_log":10,"minecraft:bow":3},"minecraft:broken":{"minecraft:stone_pickaxe":3,"minecraft:stone_axe":13,"minecraft:iron_sword":1,"minecraft:wooden_axe":1,"minecraft:stone_shovel":14},"minecraft:custom":{"minecraft:interact_with_crafting_table":136,"minecraft:open_barrel":34,"minecraft:bell_ring":3,"minecraft:leave_game":13,"minecraft:time_since_death":362976,"minecraft:sprint_one_cm":1521229,"minecraft:drop":67,"minecraft:talked_to_villager":25,"minecraft:play_time":1108603,"minecraft:deaths":17,"minecraft:jump":13724,"minecraft:walk_on_water_one_cm":89370,"minecraft:interact_with_furnace":127,"minecraft:traded_with_villager":21,"minecraft:sleep_in_bed":43,"minecraft:damage_dealt":10105,"minecraft:player_kills":1,"minecraft:crouch_one_cm":56068,"minecraft:horse_one_cm":1496,"minecraft:interact_with_anvil":1,"minecraft:mob_kills":74,"minecraft:climb_one_cm":12269,"minecraft:walk_one_cm":3036696,"minecraft:sneak_time":24017,"minecraft:walk_under_water_one_cm":67465,"minecraft:boat_one_cm":827407,"minecraft:total_world_time":1108603,"minecraft:pot_flower":3,"minecraft:interact_with_grindstone":4,"minecraft:interact_with_stonecutter":6,"minecraft:time_since_rest":27163,"minecraft:damage_taken":12195,"minecraft:swim_one_cm":75844,"minecraft:fly_one_cm":2330247,"minecraft:open_chest":363,"minecraft:fall_one_cm":398214},"minecraft:mined":{"minecraft:spruce_planks":91,"minecraft:white_bed":1,"minecraft:oak_sapling":1,"minecraft:cherry_log":62,"minecraft:brewing_stand":1,"minecraft:spruce_trapdoor":10,"minecraft:grass_block":1408,"minecraft:jungle_log":9,"minecraft:soul_soil":19,"minecraft:oxeye_daisy":7,"minecraft:tall_seagrass":2,"minecraft:magma_block":1,"minecraft:iron_ore":35,"minecraft:fire":1,"minecraft:pumpkin":39,"minecraft:azure_bluet":3,"minecraft:red_tulip":12,"minecraft:dirt_path":93,"minecraft:oak_stairs":31,"minecraft:quartz_slab":77,"minecraft:spruce_slab":25,"minecraft:quartz_block":40,"minecraft:red_bed":3,"minecraft:soul_fire":2,"minecraft:clay":43,"minecraft:torch":19,"minecraft:light_gray_terracotta":2,"minecraft:poppy":2,"minecraft:melon":5,"minecraft:chest":6,"minecraft:nether_quartz_ore":154,"minecraft:glass":32,"minecraft:cobblestone":25,"minecraft:sugar_cane":3,"minecraft:oak_planks":284,"minecraft:wall_torch":7,"minecraft:pink_petals":101,"minecraft:white_terracotta":1,"minecraft:birch_log":146,"minecraft:wheat":79,"minecraft:lilac":22,"minecraft:orange_tulip":13,"minecraft:stone_brick_stairs":160,"minecraft:oak_log":498,"minecraft:beetroots":1,"minecraft:sand":120,"minecraft:dirt":667,"minecraft:stonecutter":2,"minecraft:netherrack":474,"minecraft:oak_leaves":293,"minecraft:nether_gold_ore":6,"minecraft:mossy_cobblestone":1,"minecraft:oak_door":1,"minecraft:dark_oak_log":13,"minecraft:stripped_birch_log":2,"minecraft:mangrove_roots":1,"minecraft:spruce_fence":24,"minecraft:spruce_leaves":12,"minecraft:large_fern":1,"minecraft:oak_trapdoor":33,"minecraft:furnace":12,"minecraft:carrots":2,"minecraft:peony":6,"minecraft:gold_block":2,"minecraft:potatoes":17,"minecraft:vine":48,"minecraft:lantern":15,"minecraft:stripped_oak_log":34,"minecraft:stone":248,"minecraft:white_tulip":11,"minecraft:white_wool":3,"minecraft:oak_slab":11,"minecraft:glass_pane":1,"minecraft:soul_sand":2,"minecraft:stone_brick_slab":4,"minecraft:spruce_door":4,"minecraft:dandelion":23,"minecraft:oak_fence":2,"minecraft:crafting_table":23,"minecraft:cornflower":11,"minecraft:short_grass":486,"minecraft:rose_bush":10,"minecraft:tall_grass":58,"minecraft:copper_ore":8,"minecraft:diorite":26,"minecraft:blue_bed":2,"minecraft:spruce_stairs":8,"minecraft:birch_planks":149,"minecraft:ice":6,"minecraft:spruce_log":140,"minecraft:birch_leaves":183,"minecraft:mangrove_planks":1,"minecraft:mangrove_leaves":4,"minecraft:yellow_bed":1,"minecraft:coal_ore":147,"minecraft:cherry_leaves":2,"minecraft:sunflower":66,"minecraft:gravel":41,"minecraft:terracotta":2,"minecraft:stone_bricks":152,"minecraft:fern":6},"minecraft:killed_by":{"minecraft:creeper":1,"minecraft:zombie":6,"minecraft:trader_llama":1,"minecraft:skeleton":7},"minecraft:killed":{"minecraft:spider":4,"minecraft:skeleton":6,"minecraft:chicken":4,"minecraft:pig":13,"minecraft:salmon":5,"minecraft:sheep":9,"minecraft:zombie":18,"minecraft:cow":9,"minecraft:wandering_trader":1},"minecraft:crafted":{"minecraft:brick":11,"minecraft:oak_planks":780,"minecraft:cooked_chicken":1,"minecraft:lightning_rod":1,"minecraft:stone":446,"minecraft:cooked_mutton":3,"minecraft:quartz_block":38,"minecraft:glass":147,"minecraft:iron_boots":1,"minecraft:chest":11,"minecraft:stone_bricks":436,"minecraft:oak_fence":57,"minecraft:cooked_rabbit":2,"minecraft:flower_pot":3,"minecraft:oak_slab":12,"minecraft:emerald":20,"minecraft:cooked_porkchop":11,"minecraft:crafting_table":6,"minecraft:spruce_planks":556,"minecraft:jungle_boat":1,"minecraft:baked_potato":177,"minecraft:wooden_pickaxe":3,"minecraft:iron_helmet":2,"minecraft:spruce_door":9,"minecraft:copper_ingot":27,"minecraft:birch_planks":260,"minecraft:stone_brick_stairs":136,"minecraft:spruce_trapdoor":30,"minecraft:iron_chestplate":1,"minecraft:stick":788,"minecraft:iron_ingot":32,"minecraft:stone_sword":3,"minecraft:black_bed":2,"minecraft:light_gray_dye":4,"minecraft:shears":1,"minecraft:cherry_planks":304,"minecraft:wooden_sword":4,"minecraft:oak_door":6,"minecraft:stone_shovel":15,"minecraft:furnace":3,"minecraft:bone_meal":39,"minecraft:spruce_fence":33,"minecraft:oak_trapdoor":20,"minecraft:glass_pane":64,"minecraft:terracotta":8,"minecraft:spruce_stairs":32,"minecraft:spruce_slab":100,"minecraft:stone_pickaxe":6,"minecraft:spruce_boat":1,"minecraft:dark_oak_planks":48,"minecraft:cooked_beef":5,"minecraft:red_dye":1,"minecraft:light_gray_terracotta":8,"minecraft:spruce_sign":3,"minecraft:iron_sword":2,"minecraft:stone_axe":16,"minecraft:enchanted_book":1,"minecraft:bread":23,"minecraft:air":0,"minecraft:jungle_planks":36,"minecraft:blue_dye":6,"minecraft:oak_boat":1,"minecraft:wooden_axe":2,"minecraft:oak_stairs":72,"minecraft:iron_leggings":1,"minecraft:white_bed":1,"minecraft:torch":20,"minecraft:clay":9}},"DataVersion":3953}