{"stats":{"minecraft:mined":{"minecraft:dark_oak_log":13,"minecraft:crafting_table":6,"minecraft:cornflower":2,"minecraft:short_grass":34,"minecraft:grass_block":17,"minecraft:melon":5,"minecraft:rose_bush":10,"minecraft:tall_grass":2,"minecraft:furnace":2,"minecraft:iron_ore":3,"minecraft:pumpkin":1,"minecraft:oak_log":22,"minecraft:coal_ore":51,"minecraft:dirt":60,"minecraft:stone":38,"minecraft:white_wool":1,"minecraft:oak_leaves":17,"minecraft:fern":5},"minecraft:crafted":{"minecraft:wooden_sword":2,"minecraft:oak_planks":12,"minecraft:cooked_porkchop":5,"minecraft:crafting_table":2,"minecraft:wooden_pickaxe":2,"minecraft:cooked_chicken":1,"minecraft:iron_sword":1,"minecraft:furnace":1,"minecraft:stone_axe":1,"minecraft:air":0,"minecraft:stick":12,"minecraft:iron_ingot":3,"minecraft:stone_pickaxe":1,"minecraft:wooden_axe":1,"minecraft:stone_sword":1,"minecraft:dark_oak_planks":48},"minecraft:picked_up":{"minecraft:crafting_table":6,"minecraft:feather":2,"minecraft:chicken":2,"minecraft:oak_log":24,"minecraft:string":2,"minecraft:dirt":91,"minecraft:cornflower":2,"minecraft:apple":2,"minecraft:wheat_seeds":4,"minecraft:rose_bush":9,"minecraft:melon_slice":24,"minecraft:furnace":2,"minecraft:egg":2,"minecraft:stick":8,"minecraft:raw_iron":3,"minecraft:pumpkin":1,"minecraft:porkchop":15,"minecraft:dark_oak_log":13,"minecraft:rotten_flesh":3,"minecraft:oak_sapling":6,"minecraft:black_wool":2,"minecraft:mutton":10,"minecraft:coal":96,"minecraft:white_wool":3,"minecraft:cobblestone":38},"minecraft:killed":{"minecraft:pig":7,"minecraft:salmon":1,"minecraft:spider":1,"minecraft:sheep":4,"minecraft:chicken":2},"minecraft:used":{"minecraft:stone_sword":10,"minecraft:stone_pickaxe":80,"minecraft:wooden_pickaxe":16,"minecraft:cooked_chicken":1,"minecraft:white_wool":1,"minecraft:dirt":13,"minecraft:crafting_table":5,"minecraft:wooden_axe":11,"minecraft:apple":2,"minecraft:dark_oak_log":1,"minecraft:melon_slice":2,"minecraft:stone_axe":2,"minecraft:wooden_sword":47,"minecraft:cobblestone":1,"minecraft:furnace":2,"minecraft:porkchop":10},"minecraft:killed_by":{"minecraft:skeleton":2,"minecraft:creeper":1,"minecraft:zombie":5,"minecraft:trader_llama":1},"minecraft:custom":{"minecraft:interact_with_furnace":7,"minecraft:mob_kills":17,"minecraft:interact_with_crafting_table":6,"minecraft:leave_game":1,"minecraft:time_since_death":22667,"minecraft:climb_one_cm":1995,"minecraft:time_since_rest":22700,"minecraft:sprint_one_cm":106162,"minecraft:damage_taken":2733,"minecraft:walk_one_cm":175905,"minecraft:damage_dealt":1802,"minecraft:swim_one_cm":28069,"minecraft:talked_to_villager":1,"minecraft:fly_one_cm":141126,"minecraft:player_kills":1,"minecraft:play_time":75317,"minecraft:deaths":9,"minecraft:sneak_time":124,"minecraft:walk_under_water_one_cm":16265,"minecraft:jump":966,"minecraft:walk_on_water_one_cm":13022,"minecraft:total_world_time":75317,"minecraft:fall_one_cm":26780,"minecraft:horse_one_cm":1496}},"DataVersion":3953}