{"stats":{"minecraft:used":{"minecraft:cherry_sapling":17,"minecraft:spruce_slab":37,"minecraft:chest":6,"minecraft:white_terracotta":1,"minecraft:iron_sword":346,"minecraft:iron_chestplate":2,"minecraft:mutton":3,"minecraft:jungle_planks":7,"minecraft:carrot":49,"minecraft:spruce_boat":4,"minecraft:glass":32,"minecraft:lantern":7,"minecraft:birch_sapling":11,"minecraft:iron_helmet":2,"minecraft:stone_brick_stairs":232,"minecraft:stone_bricks":153,"minecraft:bow":6,"minecraft:furnace":9,"minecraft:oak_sapling":73,"minecraft:egg":1,"minecraft:potato":1,"minecraft:leather_leggings":1,"minecraft:spruce_door":5,"minecraft:stone_pickaxe":491,"minecraft:oak_planks":482,"minecraft:wooden_pickaxe":17,"minecraft:blue_bed":2,"minecraft:clay":1,"minecraft:jungle_boat":8,"minecraft:oak_leaves":60,"minecraft:white_wool":5,"minecraft:light_gray_terracotta":2,"minecraft:shears":123,"minecraft:dark_oak_log":1,"minecraft:bread":30,"minecraft:melon_slice":2,"minecraft:brown_wool":1,"minecraft:gravel":25,"minecraft:wooden_sword":83,"minecraft:cooked_rabbit":2,"minecraft:birch_log":15,"minecraft:oak_boat":7,"minecraft:oak_trapdoor":18,"minecraft:oak_fence":5,"minecraft:stone_sword":11,"minecraft:stone_shovel":1460,"minecraft:spruce_planks":100,"minecraft:cooked_chicken":1,"minecraft:oak_door":2,"minecraft:torch":97,"minecraft:dirt":1088,"minecraft:spruce_stairs":28,"minecraft:spruce_fence":20,"minecraft:wooden_axe":93,"minecraft:oak_stairs":17,"minecraft:iron_boots":2,"minecraft:beef":7,"minecraft:cooked_beef":5,"minecraft:cherry_log":3,"minecraft:iron_leggings":2,"minecraft:wheat_seeds":29,"minecraft:cooked_mutton":3,"minecraft:birch_planks":195,"minecraft:baked_potato":44,"minecraft:spruce_sign":1,"minecraft:oak_slab":9,"minecraft:crafting_table":19,"minecraft:red_bed":1,"minecraft:oak_log":187,"minecraft:cornflower":2,"minecraft:black_wool":1,"minecraft:apple":4,"minecraft:oxeye_daisy":2,"minecraft:chicken":2,"minecraft:iron_pickaxe":225,"minecraft:spruce_trapdoor":8,"minecraft:spruce_sapling":5,"minecraft:stone_axe":1351,"minecraft:cobblestone":38,"minecraft:cooked_porkchop":10,"minecraft:porkchop":12,"minecraft:glass_pane":16},"minecraft:broken":{"minecraft:stone_pickaxe":2,"minecraft:stone_axe":7,"minecraft:iron_sword":1,"minecraft:wooden_axe":1,"minecraft:stone_shovel":10},"minecraft:picked_up":{"minecraft:iron_chestplate":3,"minecraft:wheat":72,"minecraft:lead":2,"minecraft:oak_stairs":15,"minecraft:stone_brick_stairs":22,"minecraft:brewing_stand":4,"minecraft:string":6,"minecraft:raw_copper":27,"minecraft:iron_leggings":2,"minecraft:diamond_leggings":1,"minecraft:spruce_planks":58,"minecraft:white_tulip":9,"minecraft:rose_bush":9,"minecraft:iron_pickaxe":3,"minecraft:melon_slice":24,"minecraft:iron_boots":3,"minecraft:furnace":8,"minecraft:stick":91,"minecraft:torch":110,"minecraft:spruce_stairs":6,"minecraft:porkchop":34,"minecraft:cherry_log":79,"minecraft:diorite":26,"minecraft:golden_chestplate":1,"minecraft:stone_sword":1,"minecraft:rotten_flesh":32,"minecraft:red_tulip":11,"minecraft:white_terracotta":1,"minecraft:cobblestone":475,"minecraft:birch_log":78,"minecraft:pink_petals":276,"minecraft:magma_block":1,"minecraft:cooked_beef":1,"minecraft:feather":11,"minecraft:lilac":20,"minecraft:jungle_log":9,"minecraft:brown_wool":2,"minecraft:potato":23,"minecraft:flint":1,"minecraft:lantern":72,"minecraft:dirt":2088,"minecraft:stripped_birch_log":2,"minecraft:glass":48,"minecraft:bone":19,"minecraft:bow":3,"minecraft:orange_tulip":12,"minecraft:wheat_seeds":290,"minecraft:rabbit":2,"minecraft:bamboo":3,"minecraft:oak_planks":189,"minecraft:sand":136,"minecraft:dark_oak_log":13,"minecraft:mossy_cobblestone":1,"minecraft:light_gray_terracotta":2,"minecraft:spruce_boat":5,"minecraft:chainmail_helmet":1,"minecraft:spruce_sign":6,"minecraft:golden_horse_armor":2,"minecraft:bread":13,"minecraft:oak_sapling":75,"minecraft:netherrack":2,"minecraft:oak_leaves":123,"minecraft:crafting_table":18,"minecraft:azure_bluet":5,"minecraft:chicken":4,"minecraft:clay_ball":148,"minecraft:leather_leggings":2,"minecraft:gold_block":4,"minecraft:cornflower":13,"minecraft:oak_trapdoor":10,"minecraft:red_bed":2,"minecraft:flint_and_steel":1,"minecraft:beef":19,"minecraft:oak_boat":7,"minecraft:poppy":5,"minecraft:spruce_slab":5,"minecraft:sugar_cane":10,"minecraft:chest":1,"minecraft:birch_sapling":11,"minecraft:spruce_trapdoor":7,"minecraft:egg":5,"minecraft:raw_iron":35,"minecraft:stone":1,"minecraft:oak_door":2,"minecraft:spruce_fence":5,"minecraft:carrot":3,"minecraft:arrow":6,"minecraft:stone_shovel":1,"minecraft:beetroot_seeds":2,"minecraft:peony":4,"minecraft:nether_bricks":3,"minecraft:diamond_boots":1,"minecraft:mutton":22,"minecraft:white_wool":14,"minecraft:oxeye_daisy":7,"minecraft:stripped_oak_log":18,"minecraft:jungle_boat":7,"minecraft:basalt":2,"minecraft:salmon":2,"minecraft:leather":8,"minecraft:birch_planks":27,"minecraft:oak_log":366,"minecraft:yellow_bed":1,"minecraft:blue_bed":2,"minecraft:apple":13,"minecraft:stone_bricks":149,"minecraft:rabbit_hide":2,"minecraft:iron_ingot":9,"minecraft:iron_sword":2,"minecraft:book":3,"minecraft:oak_slab":3,"minecraft:pumpkin":69,"minecraft:dandelion":37,"minecraft:gravel":42,"minecraft:spruce_sapling":12,"minecraft:white_bed":1,"minecraft:spruce_log":149,"minecraft:spruce_door":4,"minecraft:stone_axe":1,"minecraft:cherry_sapling":29,"minecraft:baked_potato":42,"minecraft:black_wool":3,"minecraft:coal":233,"minecraft:sunflower":61},"minecraft:killed":{"minecraft:spider":4,"minecraft:skeleton":6,"minecraft:chicken":4,"minecraft:pig":13,"minecraft:salmon":5,"minecraft:sheep":9,"minecraft:zombie":16,"minecraft:cow":9,"minecraft:wandering_trader":1},"minecraft:killed_by":{"minecraft:creeper":1,"minecraft:zombie":6,"minecraft:trader_llama":1,"minecraft:skeleton":7},"minecraft:custom":{"minecraft:interact_with_crafting_table":100,"minecraft:open_barrel":23,"minecraft:bell_ring":3,"minecraft:leave_game":8,"minecraft:time_since_death":44002,"minecraft:sprint_one_cm":1109029,"minecraft:drop":65,"minecraft:talked_to_villager":16,"minecraft:play_time":789629,"minecraft:deaths":17,"minecraft:jump":10514,"minecraft:walk_on_water_one_cm":86650,"minecraft:interact_with_furnace":105,"minecraft:traded_with_villager":1,"minecraft:sleep_in_bed":35,"minecraft:damage_dealt":9693,"minecraft:player_kills":1,"minecraft:crouch_one_cm":34385,"minecraft:horse_one_cm":1496,"minecraft:mob_kills":72,"minecraft:climb_one_cm":11114,"minecraft:walk_one_cm":2128385,"minecraft:sneak_time":14610,"minecraft:walk_under_water_one_cm":65262,"minecraft:boat_one_cm":827407,"minecraft:total_world_time":789629,"minecraft:interact_with_grindstone":4,"minecraft:interact_with_stonecutter":3,"minecraft:time_since_rest":2927,"minecraft:damage_taken":10536,"minecraft:swim_one_cm":72008,"minecraft:fly_one_cm":1829807,"minecraft:open_chest":201,"minecraft:fall_one_cm":304730},"minecraft:dropped":{"minecraft:iron_sword":1,"minecraft:cooked_beef":1,"minecraft:flint":1,"minecraft:dirt":184,"minecraft:wooden_sword":1,"minecraft:stone_axe":1,"minecraft:golden_chestplate":1,"minecraft:rotten_flesh":3,"minecraft:azure_bluet":3,"minecraft:carrot":1,"minecraft:poppy":2,"minecraft:stone_brick_stairs":9,"minecraft:netherrack":1,"minecraft:wheat_seeds":13,"minecraft:oak_fence":1,"minecraft:cobblestone":64,"minecraft:apple":6,"minecraft:stick":16,"minecraft:torch":4,"minecraft:brown_wool":1,"minecraft:oak_stairs":2,"minecraft:dandelion":5,"minecraft:stone_sword":1,"minecraft:raw_iron":1,"minecraft:stone_shovel":1,"minecraft:spruce_planks":10,"minecraft:stone_bricks":2,"minecraft:spruce_log":10,"minecraft:bow":3},"minecraft:mined":{"minecraft:spruce_planks":49,"minecraft:white_bed":1,"minecraft:oak_sapling":1,"minecraft:cherry_log":62,"minecraft:brewing_stand":1,"minecraft:spruce_trapdoor":7,"minecraft:grass_block":998,"minecraft:jungle_log":9,"minecraft:oxeye_daisy":7,"minecraft:tall_seagrass":2,"minecraft:magma_block":1,"minecraft:iron_ore":35,"minecraft:pumpkin":39,"minecraft:azure_bluet":3,"minecraft:red_tulip":12,"minecraft:dirt_path":3,"minecraft:oak_stairs":15,"minecraft:spruce_slab":5,"minecraft:red_bed":1,"minecraft:clay":39,"minecraft:torch":10,"minecraft:light_gray_terracotta":2,"minecraft:poppy":2,"minecraft:melon":5,"minecraft:chest":1,"minecraft:glass":32,"minecraft:cobblestone":14,"minecraft:sugar_cane":3,"minecraft:oak_planks":177,"minecraft:wall_torch":7,"minecraft:pink_petals":101,"minecraft:white_terracotta":1,"minecraft:birch_log":78,"minecraft:wheat":79,"minecraft:lilac":22,"minecraft:orange_tulip":13,"minecraft:stone_brick_stairs":15,"minecraft:oak_log":366,"minecraft:beetroots":1,"minecraft:sand":120,"minecraft:dirt":435,"minecraft:netherrack":1,"minecraft:oak_leaves":243,"minecraft:mossy_cobblestone":1,"minecraft:oak_door":1,"minecraft:stripped_birch_log":2,"minecraft:dark_oak_log":13,"minecraft:spruce_fence":5,"minecraft:spruce_leaves":12,"minecraft:large_fern":1,"minecraft:oak_trapdoor":10,"minecraft:furnace":8,"minecraft:carrots":2,"minecraft:peony":6,"minecraft:gold_block":2,"minecraft:potatoes":17,"minecraft:vine":3,"minecraft:lantern":12,"minecraft:stripped_oak_log":18,"minecraft:white_tulip":11,"minecraft:stone":230,"minecraft:white_wool":1,"minecraft:oak_slab":3,"minecraft:glass_pane":1,"minecraft:spruce_door":4,"minecraft:dandelion":22,"minecraft:crafting_table":18,"minecraft:cornflower":9,"minecraft:short_grass":417,"minecraft:rose_bush":10,"minecraft:tall_grass":54,"minecraft:copper_ore":8,"minecraft:diorite":26,"minecraft:blue_bed":2,"minecraft:spruce_stairs":6,"minecraft:birch_planks":27,"minecraft:ice":6,"minecraft:spruce_log":140,"minecraft:birch_leaves":112,"minecraft:yellow_bed":1,"minecraft:coal_ore":147,"minecraft:cherry_leaves":2,"minecraft:sunflower":66,"minecraft:gravel":39,"minecraft:stone_bricks":147,"minecraft:fern":6},"minecraft:crafted":{"minecraft:brick":11,"minecraft:oak_planks":560,"minecraft:cooked_chicken":1,"minecraft:lightning_rod":1,"minecraft:stone":342,"minecraft:cooked_mutton":3,"minecraft:glass":147,"minecraft:iron_boots":1,"minecraft:chest":5,"minecraft:stone_bricks":340,"minecraft:oak_fence":6,"minecraft:cooked_rabbit":2,"minecraft:oak_slab":6,"minecraft:emerald":1,"minecraft:cooked_porkchop":11,"minecraft:crafting_table":4,"minecraft:spruce_planks":556,"minecraft:jungle_boat":1,"minecraft:wooden_pickaxe":3,"minecraft:baked_potato":132,"minecraft:iron_helmet":2,"minecraft:spruce_door":9,"minecraft:copper_ingot":27,"minecraft:birch_planks":260,"minecraft:stone_brick_stairs":136,"minecraft:spruce_trapdoor":8,"minecraft:iron_chestplate":1,"minecraft:stick":80,"minecraft:iron_ingot":32,"minecraft:stone_sword":3,"minecraft:light_gray_dye":4,"minecraft:shears":1,"minecraft:cherry_planks":64,"minecraft:wooden_sword":4,"minecraft:oak_door":3,"minecraft:stone_shovel":10,"minecraft:furnace":2,"minecraft:bone_meal":39,"minecraft:spruce_fence":33,"minecraft:oak_trapdoor":16,"minecraft:glass_pane":64,"minecraft:terracotta":8,"minecraft:spruce_stairs":32,"minecraft:spruce_slab":36,"minecraft:stone_pickaxe":5,"minecraft:spruce_boat":1,"minecraft:dark_oak_planks":48,"minecraft:cooked_beef":5,"minecraft:red_dye":1,"minecraft:light_gray_terracotta":8,"minecraft:spruce_sign":3,"minecraft:iron_sword":2,"minecraft:stone_axe":11,"minecraft:bread":23,"minecraft:air":0,"minecraft:jungle_planks":36,"minecraft:blue_dye":6,"minecraft:oak_boat":1,"minecraft:wooden_axe":2,"minecraft:oak_stairs":4,"minecraft:iron_leggings":1,"minecraft:torch":20,"minecraft:clay":9}},"DataVersion":3953}