{"stats":{"minecraft:mined":{"minecraft:spruce_planks":1,"minecraft:mossy_cobblestone":1,"minecraft:oak_door":1,"minecraft:cherry_log":62,"minecraft:dark_oak_log":13,"minecraft:brewing_stand":1,"minecraft:grass_block":821,"minecraft:spruce_fence":3,"minecraft:jungle_log":9,"minecraft:spruce_leaves":10,"minecraft:oxeye_daisy":5,"minecraft:large_fern":1,"minecraft:tall_seagrass":2,"minecraft:magma_block":1,"minecraft:furnace":8,"minecraft:carrots":2,"minecraft:iron_ore":35,"minecraft:pumpkin":39,"minecraft:peony":6,"minecraft:azure_bluet":1,"minecraft:gold_block":2,"minecraft:potatoes":17,"minecraft:dirt_path":2,"minecraft:vine":3,"minecraft:oak_stairs":1,"minecraft:lantern":12,"minecraft:stone":230,"minecraft:white_wool":1,"minecraft:glass_pane":1,"minecraft:red_bed":1,"minecraft:dandelion":11,"minecraft:clay":39,"minecraft:cornflower":5,"minecraft:crafting_table":18,"minecraft:torch":3,"minecraft:light_gray_terracotta":2,"minecraft:short_grass":260,"minecraft:melon":5,"minecraft:chest":1,"minecraft:rose_bush":10,"minecraft:copper_ore":8,"minecraft:tall_grass":51,"minecraft:cobblestone":6,"minecraft:sugar_cane":3,"minecraft:diorite":26,"minecraft:blue_bed":2,"minecraft:wall_torch":7,"minecraft:pink_petals":101,"minecraft:white_terracotta":1,"minecraft:birch_log":50,"minecraft:wheat":5,"minecraft:ice":6,"minecraft:lilac":22,"minecraft:spruce_log":19,"minecraft:birch_leaves":76,"minecraft:yellow_bed":1,"minecraft:oak_log":109,"minecraft:coal_ore":147,"minecraft:beetroots":1,"minecraft:gravel":39,"minecraft:cherry_leaves":2,"minecraft:sunflower":66,"minecraft:sand":20,"minecraft:dirt":133,"minecraft:stone_bricks":39,"minecraft:netherrack":1,"minecraft:oak_leaves":39,"minecraft:fern":6},"minecraft:broken":{"minecraft:stone_pickaxe":1,"minecraft:stone_axe":1,"minecraft:wooden_axe":1,"minecraft:stone_shovel":6},"minecraft:custom":{"minecraft:mob_kills":55,"minecraft:interact_with_crafting_table":46,"minecraft:bell_ring":3,"minecraft:leave_game":7,"minecraft:time_since_death":203519,"minecraft:climb_one_cm":7726,"minecraft:sprint_one_cm":715283,"minecraft:walk_one_cm":1065894,"minecraft:drop":17,"minecraft:talked_to_villager":3,"minecraft:play_time":458026,"minecraft:sneak_time":2383,"minecraft:deaths":16,"minecraft:walk_under_water_one_cm":64167,"minecraft:boat_one_cm":691000,"minecraft:jump":6537,"minecraft:walk_on_water_one_cm":82706,"minecraft:total_world_time":458026,"minecraft:interact_with_furnace":64,"minecraft:interact_with_grindstone":4,"minecraft:sleep_in_bed":20,"minecraft:time_since_rest":25288,"minecraft:damage_taken":6933,"minecraft:damage_dealt":6775,"minecraft:swim_one_cm":68831,"minecraft:player_kills":1,"minecraft:fly_one_cm":1256251,"minecraft:open_chest":120,"minecraft:crouch_one_cm":4544,"minecraft:fall_one_cm":182213,"minecraft:horse_one_cm":1496},"minecraft:used":{"minecraft:cherry_sapling":17,"minecraft:stone_sword":10,"minecraft:stone_shovel":1046,"minecraft:chest":5,"minecraft:spruce_planks":46,"minecraft:white_terracotta":1,"minecraft:iron_sword":209,"minecraft:cooked_chicken":1,"minecraft:oak_door":2,"minecraft:iron_chestplate":1,"minecraft:torch":89,"minecraft:dirt":226,"minecraft:mutton":3,"minecraft:jungle_planks":7,"minecraft:carrot":1,"minecraft:spruce_boat":4,"minecraft:wooden_axe":93,"minecraft:lantern":1,"minecraft:oak_stairs":2,"minecraft:birch_sapling":5,"minecraft:iron_helmet":1,"minecraft:iron_boots":1,"minecraft:stone_bricks":139,"minecraft:beef":7,"minecraft:bow":3,"minecraft:oak_sapling":31,"minecraft:furnace":9,"minecraft:egg":1,"minecraft:potato":1,"minecraft:cooked_beef":2,"minecraft:cherry_log":3,"minecraft:iron_leggings":1,"minecraft:cooked_mutton":3,"minecraft:leather_leggings":1,"minecraft:baked_potato":38,"minecraft:stone_pickaxe":295,"minecraft:clay":1,"minecraft:blue_bed":2,"minecraft:wooden_pickaxe":17,"minecraft:spruce_sign":1,"minecraft:jungle_boat":8,"minecraft:white_wool":5,"minecraft:crafting_table":18,"minecraft:light_gray_terracotta":2,"minecraft:oak_log":39,"minecraft:black_wool":1,"minecraft:apple":3,"minecraft:dark_oak_log":1,"minecraft:chicken":2,"minecraft:melon_slice":2,"minecraft:bread":7,"minecraft:iron_pickaxe":225,"minecraft:brown_wool":1,"minecraft:gravel":25,"minecraft:spruce_sapling":5,"minecraft:stone_axe":443,"minecraft:wooden_sword":83,"minecraft:cobblestone":37,"minecraft:porkchop":12,"minecraft:cooked_porkchop":4,"minecraft:cooked_rabbit":2},"minecraft:dropped":{"minecraft:iron_sword":1,"minecraft:cobblestone":64,"minecraft:apple":6,"minecraft:flint":1,"minecraft:dirt":179,"minecraft:brown_wool":1,"minecraft:wooden_sword":1,"minecraft:golden_chestplate":1,"minecraft:stone_sword":1,"minecraft:raw_iron":1,"minecraft:stone_bricks":2},"minecraft:picked_up":{"minecraft:iron_chestplate":3,"minecraft:crafting_table":18,"minecraft:azure_bluet":2,"minecraft:chicken":4,"minecraft:clay_ball":148,"minecraft:leather_leggings":2,"minecraft:oak_stairs":1,"minecraft:gold_block":4,"minecraft:brewing_stand":4,"minecraft:cornflower":9,"minecraft:string":4,"minecraft:red_bed":2,"minecraft:raw_copper":27,"minecraft:flint_and_steel":1,"minecraft:iron_leggings":2,"minecraft:spruce_planks":2,"minecraft:beef":19,"minecraft:rose_bush":9,"minecraft:poppy":2,"minecraft:iron_pickaxe":3,"minecraft:melon_slice":24,"minecraft:sugar_cane":10,"minecraft:chest":1,"minecraft:birch_sapling":5,"minecraft:furnace":8,"minecraft:iron_boots":3,"minecraft:egg":5,"minecraft:stick":41,"minecraft:raw_iron":35,"minecraft:stone":1,"minecraft:oak_door":1,"minecraft:torch":100,"minecraft:spruce_fence":3,"minecraft:porkchop":31,"minecraft:cherry_log":79,"minecraft:diorite":26,"minecraft:carrot":2,"minecraft:golden_chestplate":1,"minecraft:stone_sword":1,"minecraft:arrow":3,"minecraft:rotten_flesh":19,"minecraft:beetroot_seeds":2,"minecraft:peony":4,"minecraft:white_terracotta":1,"minecraft:mutton":22,"minecraft:white_wool":14,"minecraft:cobblestone":343,"minecraft:oxeye_daisy":4,"minecraft:birch_log":50,"minecraft:pink_petals":276,"minecraft:magma_block":1,"minecraft:jungle_boat":7,"minecraft:feather":11,"minecraft:lilac":20,"minecraft:salmon":2,"minecraft:jungle_log":9,"minecraft:brown_wool":2,"minecraft:leather":7,"minecraft:potato":23,"minecraft:flint":1,"minecraft:oak_log":112,"minecraft:yellow_bed":1,"minecraft:lantern":72,"minecraft:blue_bed":2,"minecraft:dirt":1244,"minecraft:bone":14,"minecraft:apple":10,"minecraft:stone_bricks":41,"minecraft:bow":1,"minecraft:wheat_seeds":61,"minecraft:rabbit_hide":2,"minecraft:iron_ingot":9,"minecraft:rabbit":2,"minecraft:bamboo":3,"minecraft:iron_sword":2,"minecraft:oak_planks":16,"minecraft:book":3,"minecraft:pumpkin":69,"minecraft:dandelion":26,"minecraft:gravel":42,"minecraft:sand":19,"minecraft:spruce_sapling":10,"minecraft:spruce_log":19,"minecraft:dark_oak_log":13,"minecraft:mossy_cobblestone":1,"minecraft:light_gray_terracotta":2,"minecraft:spruce_boat":5,"minecraft:cherry_sapling":29,"minecraft:bread":13,"minecraft:spruce_sign":6,"minecraft:golden_horse_armor":2,"minecraft:baked_potato":42,"minecraft:netherrack":1,"minecraft:oak_sapling":33,"minecraft:black_wool":3,"minecraft:coal":233,"minecraft:sunflower":61},"minecraft:crafted":{"minecraft:brick":11,"minecraft:wooden_sword":4,"minecraft:oak_door":3,"minecraft:oak_planks":188,"minecraft:stone_shovel":7,"minecraft:cooked_chicken":1,"minecraft:furnace":2,"minecraft:stone":108,"minecraft:bone_meal":24,"minecraft:cooked_mutton":3,"minecraft:terracotta":8,"minecraft:iron_boots":1,"minecraft:stone_pickaxe":3,"minecraft:chest":4,"minecraft:spruce_boat":1,"minecraft:dark_oak_planks":48,"minecraft:stone_bricks":108,"minecraft:cooked_rabbit":2,"minecraft:cooked_beef":2,"minecraft:red_dye":1,"minecraft:light_gray_terracotta":8,"minecraft:spruce_sign":3,"minecraft:cooked_porkchop":8,"minecraft:crafting_table":4,"minecraft:spruce_planks":76,"minecraft:jungle_boat":1,"minecraft:iron_helmet":2,"minecraft:baked_potato":38,"minecraft:wooden_pickaxe":3,"minecraft:iron_sword":2,"minecraft:copper_ingot":27,"minecraft:stone_axe":3,"minecraft:air":0,"minecraft:jungle_planks":36,"minecraft:blue_dye":6,"minecraft:iron_chestplate":1,"minecraft:stick":44,"minecraft:iron_ingot":32,"minecraft:oak_stairs":4,"minecraft:wooden_axe":2,"minecraft:stone_sword":1,"minecraft:iron_leggings":1,"minecraft:light_gray_dye":4,"minecraft:torch":20,"minecraft:clay":9},"minecraft:killed_by":{"minecraft:creeper":1,"minecraft:trader_llama":1,"minecraft:skeleton":7,"minecraft:zombie":5},"minecraft:killed":{"minecraft:spider":3,"minecraft:skeleton":4,"minecraft:chicken":4,"minecraft:pig":11,"minecraft:salmon":5,"minecraft:sheep":9,"minecraft:zombie":8,"minecraft:cow":9}},"DataVersion":3953}