{"stats":{"minecraft:mined":{"minecraft:dark_oak_log":13,"minecraft:spruce_fence":3,"minecraft:grass_block":28,"minecraft:jungle_log":9,"minecraft:spruce_leaves":10,"minecraft:large_fern":1,"minecraft:magma_block":1,"minecraft:furnace":5,"minecraft:carrots":2,"minecraft:iron_ore":25,"minecraft:pumpkin":39,"minecraft:peony":6,"minecraft:gold_block":2,"minecraft:potatoes":17,"minecraft:vine":3,"minecraft:dirt_path":1,"minecraft:lantern":12,"minecraft:stone":47,"minecraft:white_wool":1,"minecraft:red_bed":1,"minecraft:cornflower":2,"minecraft:crafting_table":12,"minecraft:short_grass":65,"minecraft:melon":5,"minecraft:rose_bush":10,"minecraft:tall_grass":3,"minecraft:sugar_cane":1,"minecraft:blue_bed":1,"minecraft:wheat":5,"minecraft:ice":6,"minecraft:lilac":7,"minecraft:spruce_log":19,"minecraft:coal_ore":74,"minecraft:oak_log":22,"minecraft:beetroots":1,"minecraft:dirt":72,"minecraft:netherrack":1,"minecraft:oak_leaves":23,"minecraft:fern":6},"minecraft:crafted":{"minecraft:wooden_sword":4,"minecraft:oak_planks":12,"minecraft:cooked_chicken":1,"minecraft:furnace":1,"minecraft:cooked_mutton":1,"minecraft:stone_pickaxe":1,"minecraft:chest":1,"minecraft:spruce_boat":1,"minecraft:dark_oak_planks":48,"minecraft:cooked_rabbit":2,"minecraft:cooked_porkchop":5,"minecraft:spruce_sign":3,"minecraft:crafting_table":3,"minecraft:spruce_planks":76,"minecraft:jungle_boat":1,"minecraft:wooden_pickaxe":3,"minecraft:baked_potato":15,"minecraft:iron_sword":1,"minecraft:stone_axe":1,"minecraft:air":0,"minecraft:jungle_planks":36,"minecraft:stick":20,"minecraft:iron_ingot":3,"minecraft:wooden_axe":2,"minecraft:stone_sword":1,"minecraft:torch":4},"minecraft:picked_up":{"minecraft:crafting_table":12,"minecraft:chicken":4,"minecraft:leather_leggings":1,"minecraft:gold_block":2,"minecraft:cornflower":2,"minecraft:string":4,"minecraft:red_bed":1,"minecraft:beef":13,"minecraft:rose_bush":9,"minecraft:melon_slice":24,"minecraft:sugar_cane":2,"minecraft:furnace":5,"minecraft:egg":3,"minecraft:stick":13,"minecraft:raw_iron":25,"minecraft:torch":65,"minecraft:spruce_fence":3,"minecraft:porkchop":17,"minecraft:carrot":2,"minecraft:rotten_flesh":3,"minecraft:beetroot_seeds":1,"minecraft:peony":4,"minecraft:mutton":14,"minecraft:white_wool":5,"minecraft:cobblestone":47,"minecraft:magma_block":1,"minecraft:jungle_boat":7,"minecraft:feather":6,"minecraft:lilac":6,"minecraft:jungle_log":9,"minecraft:leather":4,"minecraft:brown_wool":2,"minecraft:potato":17,"minecraft:oak_log":24,"minecraft:blue_bed":1,"minecraft:dirt":110,"minecraft:lantern":15,"minecraft:apple":3,"minecraft:wheat_seeds":11,"minecraft:rabbit_hide":1,"minecraft:rabbit":2,"minecraft:bamboo":3,"minecraft:pumpkin":35,"minecraft:spruce_sapling":5,"minecraft:spruce_log":19,"minecraft:dark_oak_log":13,"minecraft:spruce_boat":4,"minecraft:oak_sapling":7,"minecraft:black_wool":3,"minecraft:netherrack":1,"minecraft:coal":119},"minecraft:killed":{"minecraft:spider":2,"minecraft:chicken":4,"minecraft:pig":8,"minecraft:salmon":1,"minecraft:sheep":7,"minecraft:zombie":1,"minecraft:cow":6},"minecraft:dropped":{"minecraft:brown_wool":1,"minecraft:wooden_sword":1,"minecraft:raw_iron":1},"minecraft:used":{"minecraft:stone_sword":10,"minecraft:chest":1,"minecraft:iron_sword":42,"minecraft:cooked_chicken":1,"minecraft:torch":65,"minecraft:dirt":30,"minecraft:mutton":3,"minecraft:jungle_planks":7,"minecraft:carrot":1,"minecraft:spruce_boat":4,"minecraft:wooden_axe":80,"minecraft:beef":6,"minecraft:furnace":5,"minecraft:egg":1,"minecraft:potato":1,"minecraft:cooked_mutton":1,"minecraft:leather_leggings":1,"minecraft:stone_pickaxe":106,"minecraft:baked_potato":4,"minecraft:wooden_pickaxe":17,"minecraft:spruce_sign":1,"minecraft:jungle_boat":8,"minecraft:white_wool":1,"minecraft:crafting_table":12,"minecraft:black_wool":1,"minecraft:apple":3,"minecraft:dark_oak_log":1,"minecraft:chicken":2,"minecraft:melon_slice":2,"minecraft:brown_wool":1,"minecraft:iron_pickaxe":53,"minecraft:stone_axe":2,"minecraft:wooden_sword":83,"minecraft:cobblestone":6,"minecraft:cooked_porkchop":4,"minecraft:porkchop":10},"minecraft:killed_by":{"minecraft:creeper":1,"minecraft:trader_llama":1,"minecraft:skeleton":4,"minecraft:zombie":5},"minecraft:custom":{"minecraft:mob_kills":31,"minecraft:interact_with_crafting_table":18,"minecraft:bell_ring":3,"minecraft:leave_game":3,"minecraft:time_since_death":92952,"minecraft:climb_one_cm":6062,"minecraft:sprint_one_cm":341252,"minecraft:walk_one_cm":483571,"minecraft:drop":3,"minecraft:talked_to_villager":1,"minecraft:play_time":193475,"minecraft:deaths":13,"minecraft:sneak_time":532,"minecraft:walk_under_water_one_cm":35993,"minecraft:boat_one_cm":691000,"minecraft:jump":2833,"minecraft:walk_on_water_one_cm":41300,"minecraft:total_world_time":193475,"minecraft:interact_with_furnace":15,"minecraft:interact_with_grindstone":4,"minecraft:sleep_in_bed":4,"minecraft:time_since_rest":13269,"minecraft:damage_taken":4552,"minecraft:damage_dealt":3172,"minecraft:swim_one_cm":60265,"minecraft:fly_one_cm":461161,"minecraft:player_kills":1,"minecraft:open_chest":14,"minecraft:crouch_one_cm":635,"minecraft:fall_one_cm":81450,"minecraft:horse_one_cm":1496}},"DataVersion":3953}