{"stats":{"minecraft:mined":{"minecraft:red_bed":1,"minecraft:dark_oak_log":13,"minecraft:crafting_table":11,"minecraft:cornflower":2,"minecraft:short_grass":46,"minecraft:grass_block":27,"minecraft:melon":5,"minecraft:jungle_log":9,"minecraft:rose_bush":10,"minecraft:tall_grass":3,"minecraft:spruce_leaves":10,"minecraft:blue_bed":1,"minecraft:furnace":3,"minecraft:iron_ore":5,"minecraft:lilac":7,"minecraft:spruce_log":19,"minecraft:pumpkin":1,"minecraft:peony":6,"minecraft:oak_log":22,"minecraft:coal_ore":71,"minecraft:vine":3,"minecraft:dirt":71,"minecraft:stone":42,"minecraft:white_wool":1,"minecraft:oak_leaves":23,"minecraft:fern":6},"minecraft:crafted":{"minecraft:wooden_sword":4,"minecraft:oak_planks":12,"minecraft:cooked_porkchop":5,"minecraft:crafting_table":3,"minecraft:jungle_boat":1,"minecraft:cooked_chicken":1,"minecraft:wooden_pickaxe":3,"minecraft:iron_sword":1,"minecraft:furnace":1,"minecraft:stone_axe":1,"minecraft:cooked_mutton":1,"minecraft:air":0,"minecraft:jungle_planks":36,"minecraft:stick":16,"minecraft:iron_ingot":3,"minecraft:stone_pickaxe":1,"minecraft:wooden_axe":2,"minecraft:stone_sword":1,"minecraft:dark_oak_planks":48,"minecraft:torch":4},"minecraft:picked_up":{"minecraft:crafting_table":11,"minecraft:jungle_boat":7,"minecraft:feather":6,"minecraft:lilac":6,"minecraft:chicken":4,"minecraft:jungle_log":9,"minecraft:brown_wool":2,"minecraft:leather":4,"minecraft:oak_log":24,"minecraft:blue_bed":1,"minecraft:dirt":107,"minecraft:cornflower":2,"minecraft:string":4,"minecraft:red_bed":1,"minecraft:apple":3,"minecraft:wheat_seeds":5,"minecraft:beef":13,"minecraft:rose_bush":9,"minecraft:bamboo":3,"minecraft:melon_slice":24,"minecraft:egg":3,"minecraft:furnace":3,"minecraft:stick":13,"minecraft:raw_iron":5,"minecraft:pumpkin":1,"minecraft:torch":65,"minecraft:porkchop":17,"minecraft:spruce_sapling":5,"minecraft:spruce_log":19,"minecraft:dark_oak_log":13,"minecraft:rotten_flesh":3,"minecraft:peony":4,"minecraft:oak_sapling":7,"minecraft:black_wool":3,"minecraft:mutton":14,"minecraft:coal":116,"minecraft:white_wool":5,"minecraft:cobblestone":42},"minecraft:killed":{"minecraft:pig":8,"minecraft:salmon":1,"minecraft:spider":2,"minecraft:sheep":7,"minecraft:zombie":1,"minecraft:chicken":4,"minecraft:cow":6},"minecraft:dropped":{"minecraft:brown_wool":1,"minecraft:wooden_sword":1},"minecraft:used":{"minecraft:stone_sword":10,"minecraft:stone_pickaxe":106,"minecraft:wooden_pickaxe":17,"minecraft:iron_sword":22,"minecraft:cooked_chicken":1,"minecraft:jungle_boat":8,"minecraft:white_wool":1,"minecraft:torch":65,"minecraft:mutton":3,"minecraft:dirt":17,"minecraft:crafting_table":10,"minecraft:jungle_planks":7,"minecraft:wooden_axe":12,"minecraft:black_wool":1,"minecraft:apple":3,"minecraft:dark_oak_log":1,"minecraft:chicken":2,"minecraft:melon_slice":2,"minecraft:stone_axe":2,"minecraft:wooden_sword":83,"minecraft:cobblestone":6,"minecraft:beef":6,"minecraft:porkchop":10,"minecraft:furnace":2,"minecraft:cooked_porkchop":4,"minecraft:egg":1},"minecraft:killed_by":{"minecraft:skeleton":4,"minecraft:creeper":1,"minecraft:zombie":5,"minecraft:trader_llama":1},"minecraft:custom":{"minecraft:interact_with_furnace":8,"minecraft:mob_kills":31,"minecraft:interact_with_crafting_table":14,"minecraft:leave_game":2,"minecraft:time_since_death":39220,"minecraft:sleep_in_bed":1,"minecraft:climb_one_cm":6062,"minecraft:time_since_rest":1560,"minecraft:sprint_one_cm":237055,"minecraft:damage_taken":4516,"minecraft:walk_one_cm":364339,"minecraft:drop":2,"minecraft:damage_dealt":3172,"minecraft:swim_one_cm":57719,"minecraft:talked_to_villager":1,"minecraft:fly_one_cm":330806,"minecraft:player_kills":1,"minecraft:open_chest":7,"minecraft:play_time":139743,"minecraft:deaths":13,"minecraft:sneak_time":180,"minecraft:walk_under_water_one_cm":30293,"minecraft:boat_one_cm":347689,"minecraft:jump":2177,"minecraft:walk_on_water_one_cm":35175,"minecraft:total_world_time":139743,"minecraft:fall_one_cm":63629,"minecraft:horse_one_cm":1496}},"DataVersion":3953}