{"stats":{"minecraft:mined":{"minecraft:dark_oak_log":12,"minecraft:pumpkin":1,"minecraft:crafting_table":3,"minecraft:cornflower":2,"minecraft:short_grass":34,"minecraft:grass_block":17,"minecraft:oak_log":22,"minecraft:melon":5,"minecraft:rose_bush":10,"minecraft:dirt":60,"minecraft:tall_grass":2,"minecraft:white_wool":1,"minecraft:oak_leaves":17,"minecraft:fern":5},"minecraft:crafted":{"minecraft:wooden_sword":2,"minecraft:oak_planks":12,"minecraft:crafting_table":2,"minecraft:stick":8,"minecraft:wooden_pickaxe":2,"minecraft:wooden_axe":1,"minecraft:dark_oak_planks":16},"minecraft:picked_up":{"minecraft:stick":8,"minecraft:crafting_table":3,"minecraft:feather":2,"minecraft:chicken":1,"minecraft:pumpkin":1,"minecraft:porkchop":12,"minecraft:oak_log":24,"minecraft:dark_oak_log":12,"minecraft:cornflower":2,"minecraft:dirt":91,"minecraft:rotten_flesh":3,"minecraft:apple":2,"minecraft:wheat_seeds":4,"minecraft:rose_bush":9,"minecraft:melon_slice":24,"minecraft:oak_sapling":6,"minecraft:black_wool":2,"minecraft:mutton":10,"minecraft:white_wool":3,"minecraft:egg":2},"minecraft:killed":{"minecraft:sheep":4,"minecraft:pig":6,"minecraft:chicken":1},"minecraft:used":{"minecraft:wooden_axe":9,"minecraft:apple":2,"minecraft:melon_slice":2,"minecraft:wooden_pickaxe":1,"minecraft:white_wool":1,"minecraft:wooden_sword":38,"minecraft:dirt":13,"minecraft:crafting_table":2,"minecraft:porkchop":7},"minecraft:killed_by":{"minecraft:skeleton":2,"minecraft:creeper":1,"minecraft:zombie":5,"minecraft:trader_llama":1},"minecraft:custom":{"minecraft:time_since_rest":10700,"minecraft:sprint_one_cm":90232,"minecraft:damage_taken":2673,"minecraft:walk_one_cm":148448,"minecraft:mob_kills":13,"minecraft:damage_dealt":1449,"minecraft:swim_one_cm":2653,"minecraft:interact_with_crafting_table":2,"minecraft:fly_one_cm":120381,"minecraft:player_kills":1,"minecraft:talked_to_villager":1,"minecraft:play_time":63317,"minecraft:deaths":9,"minecraft:sneak_time":39,"minecraft:walk_under_water_one_cm":7180,"minecraft:jump":858,"minecraft:leave_game":1,"minecraft:time_since_death":10667,"minecraft:walk_on_water_one_cm":6067,"minecraft:total_world_time":63317,"minecraft:climb_one_cm":1995,"minecraft:fall_one_cm":25468,"minecraft:horse_one_cm":1496}},"DataVersion":3953}