{"stats":{"minecraft:used":{"minecraft:cherry_sapling":17,"minecraft:spruce_slab":37,"minecraft:chest":17,"minecraft:white_terracotta":1,"minecraft:stone":3,"minecraft:iron_sword":348,"minecraft:iron_chestplate":2,"minecraft:mutton":3,"minecraft:jungle_planks":7,"minecraft:carrot":49,"minecraft:spruce_boat":4,"minecraft:glass":32,"minecraft:lantern":10,"minecraft:birch_sapling":11,"minecraft:iron_helmet":2,"minecraft:stone_brick_stairs":304,"minecraft:stone_bricks":153,"minecraft:bow":6,"minecraft:oak_sapling":73,"minecraft:furnace":12,"minecraft:egg":1,"minecraft:potato":1,"minecraft:leather_leggings":1,"minecraft:spruce_door":5,"minecraft:stone_pickaxe":646,"minecraft:oak_planks":482,"minecraft:wooden_pickaxe":17,"minecraft:clay":1,"minecraft:blue_bed":2,"minecraft:jungle_boat":8,"minecraft:oak_leaves":60,"minecraft:white_wool":5,"minecraft:light_gray_terracotta":2,"minecraft:black_bed":2,"minecraft:shears":139,"minecraft:lightning_rod":1,"minecraft:dark_oak_log":1,"minecraft:melon_slice":2,"minecraft:bread":30,"minecraft:brown_wool":1,"minecraft:gravel":25,"minecraft:wooden_sword":83,"minecraft:cooked_rabbit":2,"minecraft:birch_log":15,"minecraft:oak_boat":7,"minecraft:bone_meal":1,"minecraft:oak_fence":5,"minecraft:oak_trapdoor":25,"minecraft:stone_sword":11,"minecraft:stone_shovel":1460,"minecraft:spruce_planks":100,"minecraft:cooked_chicken":1,"minecraft:oak_door":6,"minecraft:torch":97,"minecraft:dirt":1192,"minecraft:spruce_stairs":38,"minecraft:spruce_fence":20,"minecraft:stone_brick_slab":58,"minecraft:wooden_axe":93,"minecraft:oak_stairs":17,"minecraft:iron_boots":2,"minecraft:beef":7,"minecraft:cooked_beef":5,"minecraft:cherry_log":3,"minecraft:iron_leggings":2,"minecraft:wheat_seeds":29,"minecraft:cooked_mutton":3,"minecraft:birch_planks":352,"minecraft:baked_potato":63,"minecraft:spruce_sign":1,"minecraft:stonecutter":2,"minecraft:vine":12,"minecraft:oak_slab":9,"minecraft:crafting_table":25,"minecraft:red_bed":2,"minecraft:white_bed":1,"minecraft:oak_log":222,"minecraft:black_wool":1,"minecraft:cornflower":2,"minecraft:apple":4,"minecraft:oxeye_daisy":2,"minecraft:chicken":2,"minecraft:mangrove_propagule":1,"minecraft:iron_pickaxe":237,"minecraft:spruce_trapdoor":11,"minecraft:spruce_sapling":5,"minecraft:stone_axe":1639,"minecraft:cobblestone":49,"minecraft:porkchop":12,"minecraft:cooked_porkchop":10,"minecraft:glass_pane":16},"minecraft:broken":{"minecraft:stone_pickaxe":3,"minecraft:stone_axe":9,"minecraft:iron_sword":1,"minecraft:wooden_axe":1,"minecraft:stone_shovel":10},"minecraft:picked_up":{"minecraft:iron_chestplate":3,"minecraft:wheat":75,"minecraft:lead":2,"minecraft:oak_stairs":15,"minecraft:stone_brick_stairs":233,"minecraft:brewing_stand":5,"minecraft:string":8,"minecraft:raw_copper":27,"minecraft:iron_leggings":3,"minecraft:diamond_leggings":1,"minecraft:spruce_planks":269,"minecraft:red_dye":1,"minecraft:white_tulip":9,"minecraft:rose_bush":9,"minecraft:iron_pickaxe":4,"minecraft:melon_slice":24,"minecraft:furnace":10,"minecraft:iron_boots":4,"minecraft:stick":104,"minecraft:torch":111,"minecraft:spruce_stairs":8,"minecraft:porkchop":34,"minecraft:cherry_log":123,"minecraft:diorite":52,"minecraft:vine":15,"minecraft:golden_chestplate":1,"minecraft:stone_sword":1,"minecraft:rotten_flesh":54,"minecraft:blue_dye":6,"minecraft:red_tulip":11,"minecraft:mangrove_roots":1,"minecraft:white_terracotta":1,"minecraft:cobblestone":489,"minecraft:birch_log":78,"minecraft:pink_petals":551,"minecraft:magma_block":2,"minecraft:cooked_beef":1,"minecraft:feather":14,"minecraft:lilac":34,"minecraft:cherry_planks":35,"minecraft:jungle_log":9,"minecraft:brown_wool":2,"minecraft:potato":23,"minecraft:flint":1,"minecraft:light_gray_dye":3,"minecraft:lantern":75,"minecraft:stripped_birch_log":2,"minecraft:dirt":2522,"minecraft:bone":19,"minecraft:glass":168,"minecraft:stonecutter":2,"minecraft:bow":3,"minecraft:orange_tulip":12,"minecraft:wheat_seeds":527,"minecraft:rabbit":2,"minecraft:bamboo":3,"minecraft:oak_planks":322,"minecraft:sand":155,"minecraft:dark_oak_log":13,"minecraft:mossy_cobblestone":2,"minecraft:light_gray_terracotta":10,"minecraft:spruce_boat":6,"minecraft:emerald":4,"minecraft:bone_meal":39,"minecraft:bread":13,"minecraft:golden_horse_armor":3,"minecraft:spruce_sign":9,"minecraft:chainmail_helmet":2,"minecraft:oak_sapling":79,"minecraft:netherrack":3,"minecraft:oak_leaves":186,"minecraft:crafting_table":23,"minecraft:azure_bluet":7,"minecraft:chicken":4,"minecraft:clay_ball":265,"minecraft:leather_leggings":3,"minecraft:gold_block":6,"minecraft:brick":11,"minecraft:cornflower":16,"minecraft:oak_trapdoor":13,"minecraft:red_bed":4,"minecraft:flint_and_steel":2,"minecraft:beef":19,"minecraft:oak_boat":7,"minecraft:poppy":7,"minecraft:spruce_slab":9,"minecraft:sugar_cane":18,"minecraft:chest":6,"minecraft:birch_sapling":11,"minecraft:spruce_trapdoor":7,"minecraft:egg":7,"minecraft:raw_iron":35,"minecraft:stone":41,"minecraft:oak_door":5,"minecraft:spruce_fence":20,"minecraft:carrot":4,"minecraft:iron_horse_armor":1,"minecraft:arrow":11,"minecraft:stone_shovel":1,"minecraft:beetroot_seeds":3,"minecraft:peony":4,"minecraft:nether_bricks":6,"minecraft:diamond_boots":1,"minecraft:saddle":1,"minecraft:mutton":22,"minecraft:white_wool":17,"minecraft:oxeye_daisy":8,"minecraft:stripped_oak_log":32,"minecraft:jungle_boat":7,"minecraft:basalt":4,"minecraft:salmon":4,"minecraft:leather":12,"minecraft:birch_planks":132,"minecraft:oak_log":432,"minecraft:yellow_bed":1,"minecraft:blue_bed":2,"minecraft:apple":46,"minecraft:stone_bricks":149,"minecraft:rabbit_hide":3,"minecraft:iron_ingot":9,"minecraft:mangrove_planks":2,"minecraft:iron_sword":2,"minecraft:book":4,"minecraft:oak_slab":3,"minecraft:pumpkin":103,"minecraft:stone_brick_slab":10,"minecraft:dandelion":70,"minecraft:gravel":59,"minecraft:spruce_sapling":14,"minecraft:white_bed":1,"minecraft:spruce_log":149,"minecraft:spruce_door":12,"minecraft:stone_axe":2,"minecraft:cherry_sapling":41,"minecraft:terracotta":4,"minecraft:baked_potato":42,"minecraft:black_wool":9,"minecraft:mangrove_propagule":1,"minecraft:coal":234,"minecraft:sunflower":122},"minecraft:killed":{"minecraft:spider":4,"minecraft:skeleton":6,"minecraft:chicken":4,"minecraft:pig":13,"minecraft:salmon":5,"minecraft:sheep":9,"minecraft:zombie":16,"minecraft:cow":9,"minecraft:wandering_trader":1},"minecraft:killed_by":{"minecraft:creeper":1,"minecraft:zombie":6,"minecraft:trader_llama":1,"minecraft:skeleton":7},"minecraft:custom":{"minecraft:interact_with_crafting_table":118,"minecraft:open_barrel":23,"minecraft:bell_ring":3,"minecraft:leave_game":11,"minecraft:time_since_death":168702,"minecraft:sprint_one_cm":1259447,"minecraft:drop":66,"minecraft:talked_to_villager":16,"minecraft:play_time":914329,"minecraft:deaths":17,"minecraft:jump":11592,"minecraft:walk_on_water_one_cm":86650,"minecraft:interact_with_furnace":127,"minecraft:traded_with_villager":1,"minecraft:sleep_in_bed":41,"minecraft:damage_dealt":9693,"minecraft:player_kills":1,"minecraft:crouch_one_cm":45732,"minecraft:horse_one_cm":1496,"minecraft:mob_kills":72,"minecraft:climb_one_cm":12225,"minecraft:walk_one_cm":2411663,"minecraft:sneak_time":19090,"minecraft:walk_under_water_one_cm":65262,"minecraft:boat_one_cm":827407,"minecraft:total_world_time":914329,"minecraft:interact_with_grindstone":4,"minecraft:interact_with_stonecutter":5,"minecraft:time_since_rest":27647,"minecraft:damage_taken":11256,"minecraft:swim_one_cm":72008,"minecraft:fly_one_cm":2039825,"minecraft:open_chest":281,"minecraft:fall_one_cm":344171},"minecraft:dropped":{"minecraft:iron_sword":1,"minecraft:cooked_beef":1,"minecraft:flint":1,"minecraft:dirt":184,"minecraft:wooden_sword":1,"minecraft:stone_axe":1,"minecraft:golden_chestplate":1,"minecraft:rotten_flesh":3,"minecraft:azure_bluet":3,"minecraft:carrot":1,"minecraft:poppy":2,"minecraft:stone_brick_stairs":10,"minecraft:netherrack":1,"minecraft:wheat_seeds":13,"minecraft:oak_fence":1,"minecraft:cobblestone":64,"minecraft:apple":6,"minecraft:stick":16,"minecraft:torch":4,"minecraft:brown_wool":1,"minecraft:oak_stairs":2,"minecraft:dandelion":5,"minecraft:stone_sword":1,"minecraft:raw_iron":1,"minecraft:stone_shovel":1,"minecraft:spruce_planks":10,"minecraft:stone_bricks":2,"minecraft:spruce_log":10,"minecraft:bow":3},"minecraft:mined":{"minecraft:spruce_planks":91,"minecraft:white_bed":1,"minecraft:oak_sapling":1,"minecraft:cherry_log":62,"minecraft:brewing_stand":1,"minecraft:spruce_trapdoor":7,"minecraft:grass_block":998,"minecraft:jungle_log":9,"minecraft:oxeye_daisy":7,"minecraft:tall_seagrass":2,"minecraft:magma_block":1,"minecraft:iron_ore":35,"minecraft:pumpkin":39,"minecraft:azure_bluet":3,"minecraft:red_tulip":12,"minecraft:dirt_path":3,"minecraft:oak_stairs":15,"minecraft:spruce_slab":5,"minecraft:red_bed":3,"minecraft:clay":43,"minecraft:torch":10,"minecraft:light_gray_terracotta":2,"minecraft:poppy":2,"minecraft:melon":5,"minecraft:chest":6,"minecraft:glass":32,"minecraft:cobblestone":25,"minecraft:sugar_cane":3,"minecraft:oak_planks":261,"minecraft:wall_torch":7,"minecraft:pink_petals":101,"minecraft:white_terracotta":1,"minecraft:birch_log":78,"minecraft:wheat":79,"minecraft:lilac":22,"minecraft:orange_tulip":13,"minecraft:stone_brick_stairs":152,"minecraft:oak_log":408,"minecraft:beetroots":1,"minecraft:sand":120,"minecraft:dirt":566,"minecraft:stonecutter":2,"minecraft:netherrack":1,"minecraft:oak_leaves":246,"minecraft:mossy_cobblestone":1,"minecraft:oak_door":1,"minecraft:stripped_birch_log":2,"minecraft:dark_oak_log":13,"minecraft:mangrove_roots":1,"minecraft:spruce_fence":5,"minecraft:spruce_leaves":12,"minecraft:large_fern":1,"minecraft:oak_trapdoor":13,"minecraft:furnace":10,"minecraft:carrots":2,"minecraft:peony":6,"minecraft:gold_block":2,"minecraft:potatoes":17,"minecraft:vine":19,"minecraft:lantern":14,"minecraft:stripped_oak_log":18,"minecraft:stone":233,"minecraft:white_tulip":11,"minecraft:white_wool":3,"minecraft:oak_slab":3,"minecraft:glass_pane":1,"minecraft:stone_brick_slab":2,"minecraft:spruce_door":4,"minecraft:dandelion":23,"minecraft:crafting_table":23,"minecraft:cornflower":9,"minecraft:short_grass":429,"minecraft:rose_bush":10,"minecraft:tall_grass":57,"minecraft:copper_ore":8,"minecraft:diorite":26,"minecraft:blue_bed":2,"minecraft:spruce_stairs":8,"minecraft:birch_planks":138,"minecraft:ice":6,"minecraft:spruce_log":140,"minecraft:birch_leaves":112,"minecraft:mangrove_planks":1,"minecraft:mangrove_leaves":1,"minecraft:yellow_bed":1,"minecraft:coal_ore":147,"minecraft:cherry_leaves":2,"minecraft:sunflower":66,"minecraft:gravel":39,"minecraft:terracotta":2,"minecraft:stone_bricks":147,"minecraft:fern":6},"minecraft:crafted":{"minecraft:brick":11,"minecraft:oak_planks":560,"minecraft:cooked_chicken":1,"minecraft:lightning_rod":1,"minecraft:stone":446,"minecraft:cooked_mutton":3,"minecraft:glass":147,"minecraft:iron_boots":1,"minecraft:chest":11,"minecraft:stone_bricks":404,"minecraft:oak_fence":6,"minecraft:cooked_rabbit":2,"minecraft:oak_slab":6,"minecraft:emerald":1,"minecraft:cooked_porkchop":11,"minecraft:crafting_table":6,"minecraft:spruce_planks":556,"minecraft:jungle_boat":1,"minecraft:wooden_pickaxe":3,"minecraft:iron_helmet":2,"minecraft:baked_potato":177,"minecraft:spruce_door":9,"minecraft:copper_ingot":27,"minecraft:birch_planks":260,"minecraft:stone_brick_stairs":136,"minecraft:spruce_trapdoor":8,"minecraft:iron_chestplate":1,"minecraft:stick":88,"minecraft:iron_ingot":32,"minecraft:stone_sword":3,"minecraft:black_bed":2,"minecraft:light_gray_dye":4,"minecraft:shears":1,"minecraft:cherry_planks":128,"minecraft:wooden_sword":4,"minecraft:oak_door":6,"minecraft:stone_shovel":10,"minecraft:furnace":3,"minecraft:bone_meal":39,"minecraft:spruce_fence":33,"minecraft:oak_trapdoor":16,"minecraft:glass_pane":64,"minecraft:terracotta":8,"minecraft:spruce_stairs":32,"minecraft:spruce_slab":36,"minecraft:stone_pickaxe":6,"minecraft:spruce_boat":1,"minecraft:dark_oak_planks":48,"minecraft:cooked_beef":5,"minecraft:red_dye":1,"minecraft:light_gray_terracotta":8,"minecraft:spruce_sign":3,"minecraft:iron_sword":2,"minecraft:stone_axe":13,"minecraft:bread":23,"minecraft:air":0,"minecraft:jungle_planks":36,"minecraft:blue_dye":6,"minecraft:oak_boat":1,"minecraft:wooden_axe":2,"minecraft:oak_stairs":16,"minecraft:iron_leggings":1,"minecraft:white_bed":1,"minecraft:torch":20,"minecraft:clay":9}},"DataVersion":3953}