{"stats":{"minecraft:crafted":{"minecraft:black_dye":12,"minecraft:oak_planks":276,"minecraft:oak_sign":3,"minecraft:cooked_chicken":7,"minecraft:birch_slab":264,"minecraft:stone":464,"minecraft:cobblestone_stairs":200,"minecraft:glass":187,"minecraft:stone_brick_slab":174,"minecraft:iron_boots":1,"minecraft:melon_seeds":3,"minecraft:chest":26,"minecraft:stone_bricks":412,"minecraft:oak_slab":126,"minecraft:wooden_shovel":1,"minecraft:emerald":55,"minecraft:cooked_porkchop":2,"minecraft:crafting_table":12,"minecraft:spruce_planks":904,"minecraft:polished_andesite_stairs":32,"minecraft:wooden_pickaxe":1,"minecraft:baked_potato":12,"minecraft:iron_helmet":1,"minecraft:spruce_door":3,"minecraft:oak_wood":3,"minecraft:pumpkin_seeds":4,"minecraft:birch_planks":364,"minecraft:stone_brick_stairs":8,"minecraft:wooden_hoe":1,"minecraft:iron_chestplate":1,"minecraft:diamond_pickaxe":2,"minecraft:charcoal":65,"minecraft:shield":1,"minecraft:stick":1780,"minecraft:stone_slab":36,"minecraft:iron_ingot":5,"minecraft:stone_sword":1,"minecraft:spruce_fence_gate":2,"minecraft:shears":1,"minecraft:polished_andesite":388,"minecraft:cherry_planks":48,"minecraft:oak_door":3,"minecraft:stone_shovel":3,"minecraft:stone_brick_wall":60,"minecraft:furnace":8,"minecraft:andesite_wall":18,"minecraft:polished_andesite_slab":6,"minecraft:glass_pane":144,"minecraft:iron_axe":1,"minecraft:spruce_slab":294,"minecraft:stone_pickaxe":4,"minecraft:cobblestone_wall":12,"minecraft:spruce_boat":1,"minecraft:wheat":108,"minecraft:cooked_beef":7,"minecraft:stone_axe":2,"minecraft:bread":42,"minecraft:air":0,"minecraft:jungle_planks":56,"minecraft:black_stained_glass":96,"minecraft:wooden_axe":1,"minecraft:black_stained_glass_pane":176,"minecraft:iron_leggings":1,"minecraft:white_bed":4,"minecraft:andesite":22,"minecraft:acacia_planks":28,"minecraft:torch":56},"minecraft:used":{"minecraft:iron_shovel":1084,"minecraft:spruce_slab":393,"minecraft:oak_sign":1,"minecraft:chest":30,"minecraft:shield":8,"minecraft:stone":2,"minecraft:rotten_flesh":1,"minecraft:spruce_leaves":110,"minecraft:jungle_planks":15,"minecraft:carrot":11,"minecraft:spruce_boat":1,"minecraft:black_stained_glass_pane":149,"minecraft:lantern":6,"minecraft:birch_sapling":26,"minecraft:polished_andesite_stairs":28,"minecraft:iron_helmet":1,"minecraft:stone_brick_stairs":11,"minecraft:stone_bricks":282,"minecraft:furnace":13,"minecraft:oak_sapling":17,"minecraft:potato":110,"minecraft:diorite":2,"minecraft:spruce_door":4,"minecraft:stone_pickaxe":409,"minecraft:oak_planks":4,"minecraft:wooden_pickaxe":12,"minecraft:diamond_axe":954,"minecraft:sand":94,"minecraft:stone_brick_wall":52,"minecraft:shears":177,"minecraft:pumpkin_seeds":4,"minecraft:melon_slice":1,"minecraft:birch_slab":259,"minecraft:bread":79,"minecraft:diamond_sword":396,"minecraft:bone_meal":41,"minecraft:oak_fence":1,"minecraft:stone_sword":86,"minecraft:stone_shovel":421,"minecraft:spruce_planks":147,"minecraft:wooden_shovel":61,"minecraft:cooked_chicken":10,"minecraft:oak_door":2,"minecraft:torch":108,"minecraft:dirt":2100,"minecraft:cobblestone_wall":8,"minecraft:shulker_box":17,"minecraft:andesite_wall":18,"minecraft:stone_brick_slab":167,"minecraft:wooden_axe":16,"minecraft:iron_axe":503,"minecraft:melon_seeds":1,"minecraft:cooked_beef":5,"minecraft:pumpkin":1,"minecraft:wheat_seeds":98,"minecraft:water_bucket":8,"minecraft:cobblestone_stairs":63,"minecraft:birch_planks":177,"minecraft:polished_andesite":296,"minecraft:baked_potato":5,"minecraft:cartography_table":1,"minecraft:spruce_fence_gate":4,"minecraft:oak_slab":77,"minecraft:crafting_table":25,"minecraft:white_bed":8,"minecraft:spruce_log":86,"minecraft:wooden_hoe":41,"minecraft:diamond_pickaxe":2080,"minecraft:apple":1,"minecraft:diamond_shovel":2524,"minecraft:spruce_sapling":40,"minecraft:stone_axe":264,"minecraft:cobblestone":164,"minecraft:cooked_porkchop":2,"minecraft:bucket":7,"minecraft:glass_pane":144},"minecraft:custom":{"minecraft:interact_with_crafting_table":138,"minecraft:open_barrel":1,"minecraft:open_shulker_box":31,"minecraft:bell_ring":1,"minecraft:leave_game":8,"minecraft:time_since_death":249381,"minecraft:sprint_one_cm":1417714,"minecraft:damage_blocked_by_shield":582,"minecraft:drop":17,"minecraft:talked_to_villager":98,"minecraft:play_time":721363,"minecraft:deaths":6,"minecraft:jump":10058,"minecraft:walk_on_water_one_cm":45820,"minecraft:interact_with_furnace":167,"minecraft:traded_with_villager":57,"minecraft:sleep_in_bed":26,"minecraft:damage_dealt":6184,"minecraft:crouch_one_cm":64400,"minecraft:interact_with_smithing_table":2,"minecraft:mob_kills":53,"minecraft:interact_with_anvil":1,"minecraft:climb_one_cm":17584,"minecraft:walk_one_cm":2400711,"minecraft:sneak_time":16473,"minecraft:walk_under_water_one_cm":51055,"minecraft:boat_one_cm":687892,"minecraft:total_world_time":721363,"minecraft:interact_with_stonecutter":3,"minecraft:time_since_rest":7270,"minecraft:damage_taken":3647,"minecraft:swim_one_cm":93301,"minecraft:fly_one_cm":2366071,"minecraft:open_chest":495,"minecraft:fall_one_cm":234844},"minecraft:broken":{"minecraft:stone_pickaxe":3,"minecraft:stone_axe":2,"minecraft:stone_shovel":3,"minecraft:stone_sword":1,"minecraft:iron_axe":2},"minecraft:dropped":{"minecraft:emerald":20,"minecraft:white_bed":1,"minecraft:acacia_sapling":4,"minecraft:spruce_slab":18,"minecraft:arrow":1,"minecraft:wheat_seeds":10,"minecraft:diorite":2,"minecraft:raw_copper":2,"minecraft:shulker_box":1,"minecraft:oak_sapling":1},"minecraft:killed_by":{"minecraft:creeper":1,"minecraft:zombie":3,"minecraft:skeleton":2},"minecraft:killed":{"minecraft:spider":4,"minecraft:skeleton":2,"minecraft:chicken":10,"minecraft:pig":3,"minecraft:sheep":10,"minecraft:zombie":13,"minecraft:cow":4,"minecraft:squid":7},"minecraft:picked_up":{"minecraft:wooden_axe":3,"minecraft:iron_chestplate":1,"minecraft:wheat":125,"minecraft:yellow_wool":6,"minecraft:smithing_table":1,"minecraft:diamond_sword":2,"minecraft:oak_stairs":11,"minecraft:stone_brick_stairs":3,"minecraft:string":3,"minecraft:raw_copper":58,"minecraft:iron_leggings":1,"minecraft:diamond_leggings":1,"minecraft:gold_nugget":1,"minecraft:spruce_planks":227,"minecraft:melon_slice":43,"minecraft:furnace":5,"minecraft:stick":80,"minecraft:composter":2,"minecraft:oak_fence":47,"minecraft:torch":125,"minecraft:acacia_log":7,"minecraft:spruce_stairs":86,"minecraft:porkchop":7,"minecraft:cherry_log":12,"minecraft:diorite":29,"minecraft:stone_sword":2,"minecraft:rotten_flesh":21,"minecraft:cobblestone":1331,"minecraft:birch_log":91,"minecraft:feather":10,"minecraft:jungle_log":19,"minecraft:birch_slab":14,"minecraft:andesite":394,"minecraft:brown_wool":1,"minecraft:potato":292,"minecraft:flint":3,"minecraft:dirt":2543,"minecraft:lapis_lazuli":57,"minecraft:lantern":6,"minecraft:bone":2,"minecraft:stonecutter":1,"minecraft:wheat_seeds":463,"minecraft:bell":2,"minecraft:diamond_helmet":1,"minecraft:oak_planks":55,"minecraft:jungle_planks":94,"minecraft:poisonous_potato":3,"minecraft:sand":1030,"minecraft:ink_sac":15,"minecraft:barrel":2,"minecraft:shulker_box":19,"minecraft:mossy_cobblestone":1,"minecraft:polished_andesite":8,"minecraft:spruce_fence_gate":2,"minecraft:granite":29,"minecraft:bone_meal":70,"minecraft:bread":30,"minecraft:oak_sapling":19,"minecraft:oak_leaves":49,"minecraft:diamond_pickaxe":1,"minecraft:spruce_leaves":110,"minecraft:crafting_table":18,"minecraft:azure_bluet":4,"minecraft:chicken":10,"minecraft:clay_ball":8,"minecraft:wooden_pickaxe":3,"minecraft:stone_brick_wall":10,"minecraft:shield":1,"minecraft:cornflower":4,"minecraft:oak_trapdoor":4,"minecraft:iron_axe":1,"minecraft:iron_shovel":2,"minecraft:cartography_table":1,"minecraft:beef":7,"minecraft:jungle_sapling":3,"minecraft:poppy":2,"minecraft:spruce_slab":353,"minecraft:light_gray_wool":1,"minecraft:chest":4,"minecraft:birch_sapling":26,"minecraft:spruce_trapdoor":7,"minecraft:egg":4,"minecraft:sandstone":332,"minecraft:raw_iron":5,"minecraft:carrot":23,"minecraft:arrow":6,"minecraft:diamond_chestplate":1,"minecraft:diamond_boots":1,"minecraft:hay_block":12,"minecraft:mutton":18,"minecraft:white_wool":38,"minecraft:oxeye_daisy":8,"minecraft:leather":3,"minecraft:birch_planks":16,"minecraft:oak_log":91,"minecraft:cobblestone_stairs":3,"minecraft:deepslate_tile_slab":132,"minecraft:apple":2,"minecraft:stone_bricks":29,"minecraft:kelp":8,"minecraft:stone_pickaxe":2,"minecraft:cooked_chicken":3,"minecraft:stripped_oak_wood":3,"minecraft:acacia_sapling":2,"minecraft:oak_slab":12,"minecraft:pumpkin":20,"minecraft:stone_brick_slab":5,"minecraft:dandelion":45,"minecraft:gravel":33,"minecraft:spruce_sapling":79,"minecraft:white_bed":7,"minecraft:spruce_log":292,"minecraft:spruce_door":2,"minecraft:diamond_shovel":3,"minecraft:stone_axe":2,"minecraft:iron_helmet":2,"minecraft:diamond_axe":2,"minecraft:gray_wool":1,"minecraft:terracotta":2,"minecraft:melon_seeds":1,"minecraft:coal":146},"minecraft:mined":{"minecraft:spruce_planks":249,"minecraft:attached_melon_stem":1,"minecraft:white_bed":5,"minecraft:cherry_log":13,"minecraft:cobblestone_stairs":3,"minecraft:jungle_leaves":8,"minecraft:spruce_trapdoor":7,"minecraft:granite":33,"minecraft:grass_block":1244,"minecraft:acacia_log":7,"minecraft:stone_brick_wall":10,"minecraft:jungle_log":15,"minecraft:composter":2,"minecraft:oxeye_daisy":9,"minecraft:tall_seagrass":1,"minecraft:iron_ore":5,"minecraft:barrel":2,"minecraft:pumpkin":21,"minecraft:azure_bluet":3,"minecraft:dirt_path":648,"minecraft:oak_stairs":11,"minecraft:spruce_slab":389,"minecraft:kelp_plant":2,"minecraft:clay":1,"minecraft:torch":55,"minecraft:poppy":3,"minecraft:melon":10,"minecraft:chest":4,"minecraft:cobblestone":107,"minecraft:oak_planks":55,"minecraft:wall_torch":10,"minecraft:birch_sapling":1,"minecraft:yellow_wool":6,"minecraft:birch_log":91,"minecraft:wheat":125,"minecraft:stripped_oak_wood":3,"minecraft:stone_brick_stairs":3,"minecraft:oak_log":92,"minecraft:sand":1042,"minecraft:dirt":667,"minecraft:stonecutter":1,"minecraft:oak_leaves":100,"minecraft:mossy_cobblestone":1,"minecraft:shulker_box":18,"minecraft:jungle_planks":1,"minecraft:birch_slab":13,"minecraft:spruce_leaves":177,"minecraft:cartography_table":1,"minecraft:sandstone":334,"minecraft:hay_block":12,"minecraft:oak_trapdoor":4,"minecraft:spruce_sapling":3,"minecraft:furnace":5,"minecraft:carrots":6,"minecraft:andesite":403,"minecraft:bell":1,"minecraft:potatoes":80,"minecraft:vine":2,"minecraft:stone":1305,"minecraft:white_wool":6,"minecraft:podzol":107,"minecraft:smithing_table":1,"minecraft:oak_slab":12,"minecraft:acacia_leaves":2,"minecraft:glass_pane":144,"minecraft:stone_brick_slab":4,"minecraft:spruce_door":2,"minecraft:dandelion":40,"minecraft:oak_fence":51,"minecraft:crafting_table":16,"minecraft:cornflower":4,"minecraft:short_grass":924,"minecraft:tall_grass":98,"minecraft:copper_ore":17,"minecraft:lapis_ore":10,"minecraft:diorite":38,"minecraft:spruce_stairs":89,"minecraft:birch_planks":16,"minecraft:spruce_log":294,"minecraft:birch_leaves":28,"minecraft:coal_ore":139,"minecraft:cherry_leaves":2,"minecraft:gravel":36,"minecraft:terracotta":2,"minecraft:polished_andesite":8,"minecraft:spruce_fence_gate":2,"minecraft:stone_bricks":31,"minecraft:fern":1}},"DataVersion":3953}