{"stats":{"minecraft:used":{"minecraft:stone_sword":15,"minecraft:stone_pickaxe":64,"minecraft:wooden_pickaxe":12,"minecraft:wooden_shovel":61,"minecraft:cooked_chicken":10,"minecraft:rotten_flesh":1,"minecraft:torch":4,"minecraft:dirt":57,"minecraft:crafting_table":8,"minecraft:jungle_planks":15,"minecraft:wooden_axe":16,"minecraft:stone_axe":122,"minecraft:cobblestone":20,"minecraft:furnace":3,"minecraft:cooked_porkchop":2,"minecraft:cooked_beef":2},"minecraft:picked_up":{"minecraft:wooden_axe":3,"minecraft:crafting_table":9,"minecraft:feather":10,"minecraft:chicken":10,"minecraft:jungle_log":19,"minecraft:brown_wool":1,"minecraft:leather":3,"minecraft:wooden_pickaxe":3,"minecraft:oak_log":3,"minecraft:string":3,"minecraft:dirt":109,"minecraft:raw_copper":2,"minecraft:wheat_seeds":21,"minecraft:cartography_table":1,"minecraft:cooked_chicken":3,"minecraft:beef":7,"minecraft:stone_pickaxe":2,"minecraft:jungle_sapling":3,"minecraft:light_gray_wool":1,"minecraft:acacia_sapling":2,"minecraft:egg":4,"minecraft:furnace":3,"minecraft:stick":12,"minecraft:pumpkin":8,"minecraft:torch":1,"minecraft:acacia_log":7,"minecraft:porkchop":7,"minecraft:jungle_planks":94,"minecraft:stone_sword":2,"minecraft:rotten_flesh":9,"minecraft:stone_axe":2,"minecraft:hay_block":12,"minecraft:gray_wool":1,"minecraft:oak_sapling":1,"minecraft:mutton":9,"minecraft:coal":23,"minecraft:white_wool":4,"minecraft:cobblestone":58},"minecraft:killed":{"minecraft:pig":3,"minecraft:spider":3,"minecraft:sheep":7,"minecraft:zombie":2,"minecraft:chicken":10,"minecraft:cow":4},"minecraft:killed_by":{"minecraft:skeleton":2,"minecraft:creeper":1,"minecraft:zombie":2},"minecraft:custom":{"minecraft:interact_with_furnace":8,"minecraft:mob_kills":29,"minecraft:interact_with_crafting_table":13,"minecraft:leave_game":1,"minecraft:time_since_death":71503,"minecraft:sleep_in_bed":1,"minecraft:climb_one_cm":5621,"minecraft:time_since_rest":2927,"minecraft:sprint_one_cm":214017,"minecraft:damage_taken":1948,"minecraft:walk_one_cm":172945,"minecraft:damage_dealt":2515,"minecraft:swim_one_cm":9272,"minecraft:fly_one_cm":318969,"minecraft:open_chest":8,"minecraft:crouch_one_cm":2360,"minecraft:play_time":96367,"minecraft:deaths":5,"minecraft:sneak_time":1118,"minecraft:walk_under_water_one_cm":2269,"minecraft:boat_one_cm":40677,"minecraft:jump":1762,"minecraft:walk_on_water_one_cm":8925,"minecraft:total_world_time":96367,"minecraft:fall_one_cm":45069},"minecraft:mined":{"minecraft:acacia_leaves":2,"minecraft:jungle_leaves":8,"minecraft:crafting_table":7,"minecraft:torch":1,"minecraft:short_grass":135,"minecraft:acacia_log":7,"minecraft:grass_block":28,"minecraft:jungle_planks":1,"minecraft:jungle_log":15,"minecraft:tall_grass":23,"minecraft:copper_ore":1,"minecraft:cobblestone":1,"minecraft:cartography_table":1,"minecraft:hay_block":12,"minecraft:furnace":3,"minecraft:pumpkin":9,"minecraft:oak_log":3,"minecraft:coal_ore":14,"minecraft:vine":1,"minecraft:dirt":38,"minecraft:stone":56,"minecraft:oak_leaves":4,"minecraft:fern":1},"minecraft:crafted":{"minecraft:cooked_beef":7,"minecraft:oak_planks":12,"minecraft:wooden_shovel":1,"minecraft:stone_shovel":1,"minecraft:cooked_porkchop":2,"minecraft:crafting_table":3,"minecraft:wooden_pickaxe":1,"minecraft:cooked_chicken":7,"minecraft:furnace":1,"minecraft:stone_axe":1,"minecraft:air":0,"minecraft:jungle_planks":56,"minecraft:stick":16,"minecraft:stone_pickaxe":1,"minecraft:wooden_axe":1,"minecraft:stone_sword":1,"minecraft:acacia_planks":28,"minecraft:torch":8}},"DataVersion":3953}