{"stats":{"minecraft:picked_up":{"minecraft:wooden_axe":3,"minecraft:spruce_leaves":110,"minecraft:crafting_table":15,"minecraft:wheat":111,"minecraft:azure_bluet":1,"minecraft:chicken":10,"minecraft:clay_ball":8,"minecraft:smithing_table":1,"minecraft:diamond_sword":2,"minecraft:wooden_pickaxe":3,"minecraft:stone_brick_wall":10,"minecraft:stone_brick_stairs":3,"minecraft:shield":1,"minecraft:cornflower":1,"minecraft:oak_trapdoor":2,"minecraft:string":3,"minecraft:raw_copper":58,"minecraft:iron_axe":1,"minecraft:iron_leggings":1,"minecraft:iron_shovel":2,"minecraft:diamond_leggings":1,"minecraft:cartography_table":1,"minecraft:gold_nugget":1,"minecraft:spruce_planks":127,"minecraft:beef":7,"minecraft:jungle_sapling":3,"minecraft:light_gray_wool":1,"minecraft:spruce_slab":353,"minecraft:melon_slice":8,"minecraft:chest":4,"minecraft:birch_sapling":26,"minecraft:furnace":5,"minecraft:egg":4,"minecraft:stick":76,"minecraft:raw_iron":1,"minecraft:composter":2,"minecraft:oak_fence":10,"minecraft:torch":66,"minecraft:acacia_log":7,"minecraft:porkchop":7,"minecraft:cherry_log":12,"minecraft:diorite":29,"minecraft:carrot":23,"minecraft:stone_sword":2,"minecraft:arrow":5,"minecraft:rotten_flesh":15,"minecraft:diamond_chestplate":1,"minecraft:diamond_boots":1,"minecraft:hay_block":12,"minecraft:mutton":14,"minecraft:white_wool":29,"minecraft:cobblestone":1250,"minecraft:oxeye_daisy":1,"minecraft:birch_log":91,"minecraft:feather":10,"minecraft:andesite":393,"minecraft:birch_slab":14,"minecraft:jungle_log":19,"minecraft:brown_wool":1,"minecraft:leather":3,"minecraft:potato":148,"minecraft:birch_planks":16,"minecraft:flint":3,"minecraft:oak_log":71,"minecraft:lapis_lazuli":57,"minecraft:dirt":1496,"minecraft:lantern":6,"minecraft:bone":2,"minecraft:apple":1,"minecraft:stone_bricks":29,"minecraft:kelp":8,"minecraft:stonecutter":1,"minecraft:wheat_seeds":340,"minecraft:bell":1,"minecraft:stone_pickaxe":2,"minecraft:cooked_chicken":3,"minecraft:diamond_helmet":1,"minecraft:acacia_sapling":2,"minecraft:pumpkin":13,"minecraft:stone_brick_slab":5,"minecraft:dandelion":11,"minecraft:poisonous_potato":2,"minecraft:gravel":33,"minecraft:sand":334,"minecraft:jungle_planks":94,"minecraft:spruce_sapling":77,"minecraft:ink_sac":15,"minecraft:white_bed":4,"minecraft:spruce_log":279,"minecraft:spruce_door":2,"minecraft:barrel":2,"minecraft:shulker_box":6,"minecraft:mossy_cobblestone":1,"minecraft:polished_andesite":8,"minecraft:spruce_fence_gate":2,"minecraft:diamond_shovel":2,"minecraft:stone_axe":2,"minecraft:iron_helmet":1,"minecraft:granite":29,"minecraft:diamond_axe":2,"minecraft:bone_meal":70,"minecraft:gray_wool":1,"minecraft:bread":30,"minecraft:terracotta":2,"minecraft:oak_sapling":12,"minecraft:coal":116,"minecraft:oak_leaves":49,"minecraft:diamond_pickaxe":1},"minecraft:used":{"minecraft:stone_sword":86,"minecraft:iron_shovel":1084,"minecraft:spruce_slab":393,"minecraft:stone_shovel":421,"minecraft:chest":27,"minecraft:spruce_planks":147,"minecraft:shield":4,"minecraft:stone":2,"minecraft:wooden_shovel":61,"minecraft:cooked_chicken":10,"minecraft:rotten_flesh":1,"minecraft:spruce_leaves":110,"minecraft:torch":92,"minecraft:dirt":1124,"minecraft:jungle_planks":15,"minecraft:cobblestone_wall":8,"minecraft:carrot":11,"minecraft:shulker_box":5,"minecraft:wooden_axe":16,"minecraft:andesite_wall":18,"minecraft:spruce_boat":1,"minecraft:stone_brick_slab":167,"minecraft:black_stained_glass_pane":149,"minecraft:lantern":6,"minecraft:iron_axe":503,"minecraft:birch_sapling":17,"minecraft:polished_andesite_stairs":28,"minecraft:iron_helmet":1,"minecraft:stone_brick_stairs":11,"minecraft:melon_seeds":1,"minecraft:stone_bricks":282,"minecraft:oak_sapling":11,"minecraft:furnace":13,"minecraft:potato":82,"minecraft:cooked_beef":5,"minecraft:pumpkin":1,"minecraft:wheat_seeds":98,"minecraft:water_bucket":8,"minecraft:diorite":2,"minecraft:cobblestone_stairs":21,"minecraft:spruce_door":4,"minecraft:birch_planks":177,"minecraft:stone_pickaxe":409,"minecraft:polished_andesite":296,"minecraft:baked_potato":2,"minecraft:cartography_table":1,"minecraft:wooden_pickaxe":12,"minecraft:diamond_axe":560,"minecraft:spruce_fence_gate":4,"minecraft:sand":1,"minecraft:crafting_table":21,"minecraft:white_bed":6,"minecraft:stone_brick_wall":52,"minecraft:spruce_log":86,"minecraft:shears":177,"minecraft:pumpkin_seeds":4,"minecraft:wooden_hoe":41,"minecraft:diamond_pickaxe":1606,"minecraft:diamond_shovel":578,"minecraft:birch_slab":259,"minecraft:bread":62,"minecraft:spruce_sapling":38,"minecraft:stone_axe":264,"minecraft:diamond_sword":90,"minecraft:cobblestone":164,"minecraft:cooked_porkchop":2,"minecraft:glass_pane":144,"minecraft:bucket":7,"minecraft:bone_meal":41},"minecraft:dropped":{"minecraft:wheat_seeds":2,"minecraft:emerald":20,"minecraft:diorite":2,"minecraft:raw_copper":2,"minecraft:acacia_sapling":4,"minecraft:oak_sapling":1,"minecraft:spruce_slab":18},"minecraft:broken":{"minecraft:stone_sword":1,"minecraft:stone_pickaxe":3,"minecraft:iron_axe":2,"minecraft:stone_axe":2,"minecraft:stone_shovel":3},"minecraft:custom":{"minecraft:interact_with_smithing_table":2,"minecraft:interact_with_anvil":1,"minecraft:mob_kills":43,"minecraft:interact_with_crafting_table":129,"minecraft:open_barrel":1,"minecraft:open_shulker_box":11,"minecraft:bell_ring":1,"minecraft:leave_game":5,"minecraft:time_since_death":104855,"minecraft:climb_one_cm":17584,"minecraft:sprint_one_cm":1117649,"minecraft:walk_one_cm":1802861,"minecraft:damage_blocked_by_shield":354,"minecraft:drop":12,"minecraft:talked_to_villager":69,"minecraft:play_time":576837,"minecraft:sneak_time":14416,"minecraft:deaths":6,"minecraft:walk_under_water_one_cm":45765,"minecraft:boat_one_cm":647134,"minecraft:jump":7861,"minecraft:walk_on_water_one_cm":39634,"minecraft:total_world_time":576837,"minecraft:interact_with_furnace":153,"minecraft:traded_with_villager":47,"minecraft:interact_with_stonecutter":3,"minecraft:sleep_in_bed":19,"minecraft:time_since_rest":46449,"minecraft:damage_taken":3390,"minecraft:damage_dealt":4522,"minecraft:swim_one_cm":91058,"minecraft:fly_one_cm":1837967,"minecraft:open_chest":389,"minecraft:crouch_one_cm":55837,"minecraft:fall_one_cm":179473},"minecraft:mined":{"minecraft:spruce_planks":147,"minecraft:white_bed":4,"minecraft:mossy_cobblestone":1,"minecraft:cherry_log":13,"minecraft:jungle_leaves":8,"minecraft:shulker_box":6,"minecraft:granite":33,"minecraft:stone_brick_wall":10,"minecraft:acacia_log":7,"minecraft:grass_block":769,"minecraft:jungle_planks":1,"minecraft:jungle_log":15,"minecraft:birch_slab":13,"minecraft:spruce_leaves":173,"minecraft:composter":2,"minecraft:cartography_table":1,"minecraft:oxeye_daisy":1,"minecraft:hay_block":12,"minecraft:tall_seagrass":1,"minecraft:oak_trapdoor":2,"minecraft:carrots":6,"minecraft:spruce_sapling":3,"minecraft:furnace":5,"minecraft:iron_ore":1,"minecraft:barrel":2,"minecraft:andesite":402,"minecraft:pumpkin":14,"minecraft:bell":1,"minecraft:potatoes":38,"minecraft:dirt_path":375,"minecraft:vine":2,"minecraft:stone":1218,"minecraft:spruce_slab":389,"minecraft:smithing_table":1,"minecraft:podzol":107,"minecraft:acacia_leaves":2,"minecraft:glass_pane":144,"minecraft:kelp_plant":2,"minecraft:stone_brick_slab":4,"minecraft:dandelion":4,"minecraft:spruce_door":2,"minecraft:clay":1,"minecraft:oak_fence":10,"minecraft:cornflower":1,"minecraft:crafting_table":13,"minecraft:torch":27,"minecraft:short_grass":418,"minecraft:melon":2,"minecraft:chest":4,"minecraft:copper_ore":17,"minecraft:tall_grass":51,"minecraft:cobblestone":107,"minecraft:lapis_ore":10,"minecraft:diorite":38,"minecraft:wall_torch":5,"minecraft:birch_sapling":1,"minecraft:birch_planks":16,"minecraft:birch_log":91,"minecraft:wheat":111,"minecraft:spruce_log":281,"minecraft:birch_leaves":28,"minecraft:stone_brick_stairs":3,"minecraft:coal_ore":108,"minecraft:oak_log":72,"minecraft:gravel":36,"minecraft:cherry_leaves":2,"minecraft:dirt":329,"minecraft:sand":338,"minecraft:terracotta":2,"minecraft:spruce_fence_gate":2,"minecraft:stone_bricks":31,"minecraft:stonecutter":1,"minecraft:polished_andesite":8,"minecraft:oak_leaves":90,"minecraft:fern":1},"minecraft:killed_by":{"minecraft:creeper":1,"minecraft:skeleton":2,"minecraft:zombie":3},"minecraft:killed":{"minecraft:spider":4,"minecraft:skeleton":1,"minecraft:chicken":10,"minecraft:pig":3,"minecraft:squid":7,"minecraft:sheep":7,"minecraft:zombie":7,"minecraft:cow":4},"minecraft:crafted":{"minecraft:cherry_planks":48,"minecraft:black_dye":12,"minecraft:oak_planks":196,"minecraft:stone_shovel":3,"minecraft:stone_brick_wall":60,"minecraft:cooked_chicken":7,"minecraft:birch_slab":264,"minecraft:furnace":8,"minecraft:cobblestone_stairs":200,"minecraft:stone":464,"minecraft:andesite_wall":18,"minecraft:polished_andesite_slab":6,"minecraft:glass_pane":144,"minecraft:glass":187,"minecraft:stone_brick_slab":174,"minecraft:iron_boots":1,"minecraft:iron_axe":1,"minecraft:melon_seeds":3,"minecraft:spruce_slab":294,"minecraft:stone_pickaxe":4,"minecraft:cobblestone_wall":12,"minecraft:chest":23,"minecraft:spruce_boat":1,"minecraft:stone_bricks":412,"minecraft:wheat":108,"minecraft:cooked_beef":7,"minecraft:wooden_shovel":1,"minecraft:emerald":46,"minecraft:cooked_porkchop":2,"minecraft:crafting_table":10,"minecraft:spruce_planks":876,"minecraft:polished_andesite_stairs":32,"minecraft:baked_potato":12,"minecraft:wooden_pickaxe":1,"minecraft:iron_helmet":1,"minecraft:spruce_door":3,"minecraft:oak_wood":3,"minecraft:birch_planks":364,"minecraft:pumpkin_seeds":4,"minecraft:stone_axe":2,"minecraft:bread":42,"minecraft:air":0,"minecraft:jungle_planks":56,"minecraft:black_stained_glass":96,"minecraft:stone_brick_stairs":8,"minecraft:iron_chestplate":1,"minecraft:wooden_hoe":1,"minecraft:charcoal":59,"minecraft:diamond_pickaxe":1,"minecraft:shield":1,"minecraft:stick":1464,"minecraft:stone_slab":36,"minecraft:wooden_axe":1,"minecraft:stone_sword":1,"minecraft:black_stained_glass_pane":176,"minecraft:iron_leggings":1,"minecraft:white_bed":3,"minecraft:andesite":22,"minecraft:torch":48,"minecraft:acacia_planks":28,"minecraft:spruce_fence_gate":2,"minecraft:shears":1,"minecraft:polished_andesite":388}},"DataVersion":3953}