{"stats":{"minecraft:picked_up":{"minecraft:wooden_axe":3,"minecraft:spruce_leaves":110,"minecraft:crafting_table":14,"minecraft:wheat":84,"minecraft:azure_bluet":1,"minecraft:chicken":10,"minecraft:diamond_sword":1,"minecraft:wooden_pickaxe":3,"minecraft:stone_brick_wall":8,"minecraft:cornflower":1,"minecraft:string":3,"minecraft:oak_trapdoor":2,"minecraft:raw_copper":41,"minecraft:iron_axe":1,"minecraft:iron_shovel":1,"minecraft:cartography_table":1,"minecraft:gold_nugget":1,"minecraft:spruce_planks":122,"minecraft:beef":7,"minecraft:jungle_sapling":3,"minecraft:light_gray_wool":1,"minecraft:spruce_slab":335,"minecraft:melon_slice":3,"minecraft:chest":4,"minecraft:birch_sapling":24,"minecraft:furnace":4,"minecraft:egg":4,"minecraft:stick":70,"minecraft:raw_iron":1,"minecraft:composter":2,"minecraft:oak_fence":8,"minecraft:torch":43,"minecraft:acacia_log":7,"minecraft:porkchop":7,"minecraft:diorite":16,"minecraft:stone_sword":2,"minecraft:arrow":1,"minecraft:rotten_flesh":11,"minecraft:hay_block":12,"minecraft:mutton":14,"minecraft:cobblestone":720,"minecraft:white_wool":29,"minecraft:oxeye_daisy":1,"minecraft:birch_log":84,"minecraft:feather":10,"minecraft:andesite":154,"minecraft:birch_slab":2,"minecraft:jungle_log":19,"minecraft:brown_wool":1,"minecraft:leather":3,"minecraft:potato":40,"minecraft:birch_planks":16,"minecraft:flint":1,"minecraft:oak_log":34,"minecraft:lapis_lazuli":57,"minecraft:dirt":1284,"minecraft:lantern":6,"minecraft:stone_bricks":10,"minecraft:kelp":8,"minecraft:wheat_seeds":261,"minecraft:stone_pickaxe":2,"minecraft:cooked_chicken":3,"minecraft:acacia_sapling":2,"minecraft:pumpkin":8,"minecraft:stone_brick_slab":4,"minecraft:dandelion":8,"minecraft:gravel":16,"minecraft:sand":288,"minecraft:jungle_planks":94,"minecraft:spruce_sapling":59,"minecraft:ink_sac":6,"minecraft:white_bed":2,"minecraft:spruce_log":225,"minecraft:spruce_door":2,"minecraft:mossy_cobblestone":1,"minecraft:diamond_shovel":1,"minecraft:spruce_fence_gate":2,"minecraft:stone_axe":2,"minecraft:granite":11,"minecraft:diamond_axe":1,"minecraft:bone_meal":70,"minecraft:gray_wool":1,"minecraft:bread":27,"minecraft:terracotta":2,"minecraft:oak_sapling":6,"minecraft:oak_leaves":49,"minecraft:coal":43,"minecraft:diamond_pickaxe":1},"minecraft:used":{"minecraft:stone_sword":86,"minecraft:iron_shovel":1020,"minecraft:spruce_slab":393,"minecraft:stone_shovel":421,"minecraft:chest":21,"minecraft:spruce_planks":147,"minecraft:wooden_shovel":61,"minecraft:cooked_chicken":10,"minecraft:rotten_flesh":1,"minecraft:spruce_leaves":99,"minecraft:torch":63,"minecraft:dirt":837,"minecraft:jungle_planks":15,"minecraft:cobblestone_wall":8,"minecraft:spruce_boat":1,"minecraft:stone_brick_slab":112,"minecraft:wooden_axe":16,"minecraft:black_stained_glass_pane":96,"minecraft:iron_axe":503,"minecraft:birch_sapling":16,"minecraft:polished_andesite_stairs":12,"minecraft:iron_helmet":1,"minecraft:stone_bricks":157,"minecraft:oak_sapling":4,"minecraft:furnace":9,"minecraft:potato":38,"minecraft:cooked_beef":5,"minecraft:wheat_seeds":84,"minecraft:diorite":2,"minecraft:spruce_door":4,"minecraft:birch_planks":177,"minecraft:stone_pickaxe":404,"minecraft:polished_andesite":127,"minecraft:cartography_table":1,"minecraft:wooden_pickaxe":12,"minecraft:diamond_axe":362,"minecraft:spruce_fence_gate":2,"minecraft:sand":1,"minecraft:crafting_table":18,"minecraft:white_bed":3,"minecraft:stone_brick_wall":28,"minecraft:shears":177,"minecraft:spruce_log":60,"minecraft:wooden_hoe":33,"minecraft:diamond_pickaxe":635,"minecraft:diamond_shovel":333,"minecraft:birch_slab":161,"minecraft:bread":37,"minecraft:spruce_sapling":34,"minecraft:stone_axe":264,"minecraft:diamond_sword":8,"minecraft:cobblestone":164,"minecraft:cooked_porkchop":2,"minecraft:glass_pane":144,"minecraft:bone_meal":41},"minecraft:dropped":{"minecraft:emerald":20,"minecraft:raw_copper":2,"minecraft:acacia_sapling":4,"minecraft:oak_sapling":1},"minecraft:broken":{"minecraft:stone_sword":1,"minecraft:stone_pickaxe":3,"minecraft:iron_axe":2,"minecraft:stone_axe":2,"minecraft:stone_shovel":3},"minecraft:custom":{"minecraft:interact_with_anvil":1,"minecraft:mob_kills":37,"minecraft:interact_with_crafting_table":86,"minecraft:bell_ring":1,"minecraft:leave_game":4,"minecraft:time_since_death":404988,"minecraft:climb_one_cm":16878,"minecraft:sprint_one_cm":782404,"minecraft:walk_one_cm":1308379,"minecraft:drop":7,"minecraft:talked_to_villager":39,"minecraft:play_time":429852,"minecraft:sneak_time":11492,"minecraft:deaths":5,"minecraft:walk_under_water_one_cm":26893,"minecraft:boat_one_cm":633599,"minecraft:jump":5737,"minecraft:walk_on_water_one_cm":32006,"minecraft:total_world_time":429852,"minecraft:interact_with_furnace":109,"minecraft:traded_with_villager":20,"minecraft:interact_with_stonecutter":2,"minecraft:sleep_in_bed":17,"minecraft:time_since_rest":25131,"minecraft:damage_taken":2596,"minecraft:damage_dealt":3593,"minecraft:swim_one_cm":76968,"minecraft:fly_one_cm":1295609,"minecraft:open_chest":273,"minecraft:crouch_one_cm":43801,"minecraft:fall_one_cm":129972},"minecraft:mined":{"minecraft:spruce_planks":147,"minecraft:white_bed":2,"minecraft:mossy_cobblestone":1,"minecraft:jungle_leaves":8,"minecraft:granite":11,"minecraft:acacia_log":7,"minecraft:stone_brick_wall":8,"minecraft:grass_block":613,"minecraft:jungle_planks":1,"minecraft:jungle_log":15,"minecraft:birch_slab":1,"minecraft:spruce_leaves":159,"minecraft:composter":2,"minecraft:cartography_table":1,"minecraft:oxeye_daisy":1,"minecraft:hay_block":12,"minecraft:oak_trapdoor":2,"minecraft:spruce_sapling":2,"minecraft:furnace":4,"minecraft:iron_ore":1,"minecraft:andesite":156,"minecraft:pumpkin":9,"minecraft:potatoes":10,"minecraft:dirt_path":347,"minecraft:vine":2,"minecraft:stone":665,"minecraft:spruce_slab":373,"minecraft:podzol":107,"minecraft:acacia_leaves":2,"minecraft:glass_pane":144,"minecraft:kelp_plant":2,"minecraft:stone_brick_slab":3,"minecraft:dandelion":1,"minecraft:spruce_door":2,"minecraft:oak_fence":8,"minecraft:cornflower":1,"minecraft:crafting_table":12,"minecraft:torch":17,"minecraft:short_grass":322,"minecraft:melon":1,"minecraft:chest":4,"minecraft:copper_ore":12,"minecraft:tall_grass":40,"minecraft:cobblestone":88,"minecraft:lapis_ore":10,"minecraft:diorite":25,"minecraft:wall_torch":2,"minecraft:birch_planks":16,"minecraft:birch_log":84,"minecraft:wheat":84,"minecraft:spruce_log":226,"minecraft:birch_leaves":8,"minecraft:oak_log":34,"minecraft:coal_ore":34,"minecraft:gravel":20,"minecraft:sand":315,"minecraft:dirt":244,"minecraft:terracotta":2,"minecraft:spruce_fence_gate":2,"minecraft:stone_bricks":12,"minecraft:oak_leaves":77,"minecraft:fern":1},"minecraft:killed_by":{"minecraft:creeper":1,"minecraft:skeleton":2,"minecraft:zombie":2},"minecraft:killed":{"minecraft:spider":3,"minecraft:chicken":10,"minecraft:pig":3,"minecraft:squid":4,"minecraft:sheep":7,"minecraft:zombie":6,"minecraft:cow":4},"minecraft:crafted":{"minecraft:black_dye":5,"minecraft:oak_planks":48,"minecraft:stone_shovel":3,"minecraft:stone_brick_wall":36,"minecraft:cooked_chicken":7,"minecraft:birch_slab":162,"minecraft:furnace":5,"minecraft:stone":298,"minecraft:glass_pane":144,"minecraft:glass":187,"minecraft:stone_brick_slab":114,"minecraft:iron_axe":1,"minecraft:spruce_slab":294,"minecraft:stone_pickaxe":3,"minecraft:cobblestone_wall":12,"minecraft:chest":17,"minecraft:spruce_boat":1,"minecraft:stone_bricks":284,"minecraft:cooked_beef":7,"minecraft:wooden_shovel":1,"minecraft:emerald":20,"minecraft:cooked_porkchop":2,"minecraft:crafting_table":8,"minecraft:spruce_planks":720,"minecraft:polished_andesite_stairs":12,"minecraft:wooden_pickaxe":1,"minecraft:iron_helmet":1,"minecraft:spruce_door":3,"minecraft:oak_wood":3,"minecraft:birch_planks":336,"minecraft:stone_axe":2,"minecraft:air":0,"minecraft:jungle_planks":56,"minecraft:black_stained_glass":40,"minecraft:wooden_hoe":1,"minecraft:charcoal":59,"minecraft:shield":1,"minecraft:stick":672,"minecraft:wooden_axe":1,"minecraft:stone_sword":1,"minecraft:black_stained_glass_pane":96,"minecraft:white_bed":1,"minecraft:acacia_planks":28,"minecraft:spruce_fence_gate":2,"minecraft:torch":32,"minecraft:shears":1,"minecraft:polished_andesite":148}},"DataVersion":3953}