{"stats":{"minecraft:crafted":{"minecraft:crafting_table":1,"minecraft:stick":12,"minecraft:wooden_pickaxe":1,"minecraft:stone_pickaxe":1,"minecraft:wooden_axe":1,"minecraft:stone_sword":1,"minecraft:stone_axe":1,"minecraft:jungle_planks":56},"minecraft:used":{"minecraft:wooden_axe":16,"minecraft:wooden_pickaxe":12,"minecraft:stone_axe":3,"minecraft:crafting_table":2,"minecraft:jungle_planks":2},"minecraft:custom":{"minecraft:time_since_rest":10658,"minecraft:sprint_one_cm":22676,"minecraft:damage_taken":728,"minecraft:walk_one_cm":18978,"minecraft:mob_kills":1,"minecraft:damage_dealt":255,"minecraft:interact_with_crafting_table":4,"minecraft:fly_one_cm":37591,"minecraft:crouch_one_cm":344,"minecraft:play_time":21369,"minecraft:deaths":3,"minecraft:sneak_time":384,"minecraft:jump":318,"minecraft:leave_game":1,"minecraft:time_since_death":10623,"minecraft:climb_one_cm":2280,"minecraft:total_world_time":21369,"minecraft:fall_one_cm":3939},"minecraft:killed_by":{"minecraft:skeleton":1,"minecraft:creeper":1,"minecraft:zombie":1},"minecraft:killed":{"minecraft:zombie":1},"minecraft:picked_up":{"minecraft:wooden_axe":1,"minecraft:stick":4,"minecraft:crafting_table":3,"minecraft:jungle_log":19,"minecraft:wooden_pickaxe":1,"minecraft:jungle_planks":20,"minecraft:dirt":30,"minecraft:rotten_flesh":4,"minecraft:jungle_sapling":2,"minecraft:cobblestone":11,"minecraft:egg":1},"minecraft:mined":{"minecraft:jungle_leaves":4,"minecraft:crafting_table":2,"minecraft:short_grass":3,"minecraft:vine":1,"minecraft:jungle_planks":1,"minecraft:jungle_log":15,"minecraft:stone":12,"minecraft:oak_leaves":3,"minecraft:fern":1}},"DataVersion":3953}