{"stats":{"minecraft:used":{"minecraft:stone_sword":32,"minecraft:iron_shovel":142,"minecraft:spruce_slab":372,"minecraft:stone_shovel":421,"minecraft:spruce_planks":147,"minecraft:chest":20,"minecraft:wooden_shovel":61,"minecraft:cooked_chicken":10,"minecraft:rotten_flesh":1,"minecraft:spruce_leaves":51,"minecraft:torch":37,"minecraft:dirt":367,"minecraft:jungle_planks":15,"minecraft:cobblestone_wall":8,"minecraft:wooden_axe":16,"minecraft:iron_axe":320,"minecraft:birch_sapling":13,"minecraft:iron_helmet":1,"minecraft:stone_bricks":37,"minecraft:oak_sapling":4,"minecraft:furnace":6,"minecraft:cooked_beef":5,"minecraft:potato":10,"minecraft:wheat_seeds":57,"minecraft:spruce_door":1,"minecraft:birch_planks":157,"minecraft:stone_pickaxe":345,"minecraft:cartography_table":1,"minecraft:wooden_pickaxe":12,"minecraft:spruce_fence_gate":2,"minecraft:sand":1,"minecraft:crafting_table":15,"minecraft:white_bed":3,"minecraft:stone_brick_wall":28,"minecraft:shears":69,"minecraft:spruce_log":30,"minecraft:bread":24,"minecraft:spruce_sapling":20,"minecraft:stone_axe":264,"minecraft:cobblestone":89,"minecraft:cooked_porkchop":2,"minecraft:glass_pane":144,"minecraft:bone_meal":35},"minecraft:broken":{"minecraft:stone_pickaxe":2,"minecraft:iron_axe":1,"minecraft:stone_axe":2,"minecraft:stone_shovel":3},"minecraft:picked_up":{"minecraft:wooden_axe":3,"minecraft:spruce_leaves":69,"minecraft:crafting_table":13,"minecraft:wheat":28,"minecraft:azure_bluet":1,"minecraft:chicken":10,"minecraft:wooden_pickaxe":3,"minecraft:stone_brick_wall":3,"minecraft:string":3,"minecraft:oak_trapdoor":2,"minecraft:iron_axe":1,"minecraft:raw_copper":20,"minecraft:iron_shovel":1,"minecraft:cartography_table":1,"minecraft:gold_nugget":1,"minecraft:spruce_planks":39,"minecraft:beef":7,"minecraft:jungle_sapling":3,"minecraft:spruce_slab":113,"minecraft:light_gray_wool":1,"minecraft:melon_slice":3,"minecraft:chest":4,"minecraft:birch_sapling":20,"minecraft:furnace":4,"minecraft:egg":4,"minecraft:stick":56,"minecraft:raw_iron":1,"minecraft:oak_fence":5,"minecraft:torch":14,"minecraft:acacia_log":7,"minecraft:porkchop":7,"minecraft:diorite":13,"minecraft:rotten_flesh":11,"minecraft:stone_sword":2,"minecraft:arrow":1,"minecraft:hay_block":12,"minecraft:mutton":14,"minecraft:white_wool":29,"minecraft:cobblestone":247,"minecraft:oxeye_daisy":1,"minecraft:birch_log":71,"minecraft:feather":10,"minecraft:andesite":6,"minecraft:jungle_log":19,"minecraft:leather":3,"minecraft:brown_wool":1,"minecraft:birch_planks":11,"minecraft:flint":1,"minecraft:oak_log":13,"minecraft:dirt":437,"minecraft:stone_bricks":1,"minecraft:wheat_seeds":100,"minecraft:stone_pickaxe":2,"minecraft:cooked_chicken":3,"minecraft:acacia_sapling":2,"minecraft:pumpkin":8,"minecraft:dandelion":6,"minecraft:gravel":15,"minecraft:jungle_planks":94,"minecraft:sand":160,"minecraft:spruce_sapling":37,"minecraft:white_bed":2,"minecraft:spruce_log":146,"minecraft:mossy_cobblestone":1,"minecraft:stone_axe":2,"minecraft:granite":10,"minecraft:bone_meal":70,"minecraft:gray_wool":1,"minecraft:bread":27,"minecraft:terracotta":2,"minecraft:oak_sapling":6,"minecraft:coal":43},"minecraft:killed":{"minecraft:spider":3,"minecraft:chicken":10,"minecraft:pig":3,"minecraft:sheep":7,"minecraft:zombie":6,"minecraft:cow":4},"minecraft:killed_by":{"minecraft:creeper":1,"minecraft:skeleton":2,"minecraft:zombie":2},"minecraft:custom":{"minecraft:mob_kills":33,"minecraft:interact_with_crafting_table":63,"minecraft:leave_game":2,"minecraft:time_since_death":262159,"minecraft:climb_one_cm":16878,"minecraft:sprint_one_cm":570891,"minecraft:walk_one_cm":762219,"minecraft:drop":6,"minecraft:talked_to_villager":35,"minecraft:play_time":287023,"minecraft:deaths":5,"minecraft:sneak_time":7036,"minecraft:walk_under_water_one_cm":10876,"minecraft:boat_one_cm":623314,"minecraft:jump":4479,"minecraft:walk_on_water_one_cm":22807,"minecraft:total_world_time":287023,"minecraft:interact_with_furnace":46,"minecraft:traded_with_villager":20,"minecraft:interact_with_stonecutter":2,"minecraft:sleep_in_bed":13,"minecraft:time_since_rest":57,"minecraft:damage_taken":2496,"minecraft:damage_dealt":3133,"minecraft:swim_one_cm":21908,"minecraft:fly_one_cm":1027735,"minecraft:open_chest":156,"minecraft:crouch_one_cm":28229,"minecraft:fall_one_cm":112201},"minecraft:dropped":{"minecraft:raw_copper":2,"minecraft:oak_sapling":1,"minecraft:acacia_sapling":4},"minecraft:crafted":{"minecraft:oak_planks":48,"minecraft:stone_shovel":3,"minecraft:stone_brick_wall":36,"minecraft:cooked_chicken":7,"minecraft:furnace":2,"minecraft:stone":101,"minecraft:glass_pane":144,"minecraft:glass":61,"minecraft:iron_axe":1,"minecraft:spruce_slab":264,"minecraft:stone_pickaxe":3,"minecraft:cobblestone_wall":12,"minecraft:chest":16,"minecraft:stone_bricks":88,"minecraft:cooked_beef":7,"minecraft:wooden_shovel":1,"minecraft:emerald":20,"minecraft:cooked_porkchop":2,"minecraft:crafting_table":6,"minecraft:spruce_planks":720,"minecraft:iron_helmet":1,"minecraft:wooden_pickaxe":1,"minecraft:spruce_door":3,"minecraft:oak_wood":3,"minecraft:birch_planks":240,"minecraft:stone_axe":2,"minecraft:air":0,"minecraft:jungle_planks":56,"minecraft:shield":1,"minecraft:stick":672,"minecraft:wooden_axe":1,"minecraft:stone_sword":1,"minecraft:white_bed":1,"minecraft:acacia_planks":28,"minecraft:spruce_fence_gate":2,"minecraft:torch":32,"minecraft:shears":1},"minecraft:mined":{"minecraft:spruce_planks":42,"minecraft:white_bed":2,"minecraft:mossy_cobblestone":1,"minecraft:jungle_leaves":8,"minecraft:granite":10,"minecraft:acacia_log":7,"minecraft:stone_brick_wall":3,"minecraft:grass_block":298,"minecraft:jungle_planks":1,"minecraft:jungle_log":15,"minecraft:spruce_leaves":83,"minecraft:cartography_table":1,"minecraft:oxeye_daisy":1,"minecraft:hay_block":12,"minecraft:oak_trapdoor":2,"minecraft:spruce_sapling":2,"minecraft:furnace":4,"minecraft:iron_ore":1,"minecraft:andesite":6,"minecraft:pumpkin":9,"minecraft:vine":2,"minecraft:dirt_path":21,"minecraft:stone":230,"minecraft:spruce_slab":114,"minecraft:acacia_leaves":2,"minecraft:glass_pane":32,"minecraft:dandelion":1,"minecraft:oak_fence":5,"minecraft:crafting_table":11,"minecraft:torch":8,"minecraft:short_grass":259,"minecraft:melon":1,"minecraft:chest":4,"minecraft:cobblestone":29,"minecraft:copper_ore":6,"minecraft:tall_grass":35,"minecraft:diorite":17,"minecraft:wall_torch":1,"minecraft:birch_planks":11,"minecraft:birch_log":71,"minecraft:wheat":28,"minecraft:spruce_log":144,"minecraft:birch_leaves":8,"minecraft:coal_ore":34,"minecraft:oak_log":13,"minecraft:gravel":18,"minecraft:sand":177,"minecraft:dirt":94,"minecraft:terracotta":2,"minecraft:stone_bricks":1,"minecraft:oak_leaves":7,"minecraft:fern":1}},"DataVersion":3953}