{"stats":{"minecraft:mined":{"minecraft:spruce_planks":147,"minecraft:white_bed":4,"minecraft:cherry_log":13,"minecraft:cobblestone_stairs":3,"minecraft:jungle_leaves":8,"minecraft:granite":33,"minecraft:grass_block":1141,"minecraft:acacia_log":7,"minecraft:stone_brick_wall":10,"minecraft:jungle_log":15,"minecraft:composter":2,"minecraft:oxeye_daisy":9,"minecraft:tall_seagrass":1,"minecraft:iron_ore":1,"minecraft:barrel":2,"minecraft:pumpkin":17,"minecraft:azure_bluet":1,"minecraft:dirt_path":633,"minecraft:spruce_slab":389,"minecraft:kelp_plant":2,"minecraft:clay":1,"minecraft:torch":48,"minecraft:poppy":1,"minecraft:melon":3,"minecraft:chest":4,"minecraft:cobblestone":107,"minecraft:oak_planks":9,"minecraft:wall_torch":9,"minecraft:birch_sapling":1,"minecraft:yellow_wool":6,"minecraft:birch_log":91,"minecraft:wheat":111,"minecraft:stripped_oak_wood":3,"minecraft:stone_brick_stairs":3,"minecraft:oak_log":76,"minecraft:sand":338,"minecraft:dirt":447,"minecraft:stonecutter":1,"minecraft:oak_leaves":94,"minecraft:mossy_cobblestone":1,"minecraft:shulker_box":12,"minecraft:jungle_planks":1,"minecraft:birch_slab":13,"minecraft:spruce_leaves":173,"minecraft:cartography_table":1,"minecraft:hay_block":12,"minecraft:oak_trapdoor":4,"minecraft:spruce_sapling":3,"minecraft:furnace":5,"minecraft:carrots":6,"minecraft:andesite":402,"minecraft:bell":1,"minecraft:potatoes":38,"minecraft:vine":2,"minecraft:stone":1218,"minecraft:white_wool":6,"minecraft:podzol":107,"minecraft:smithing_table":1,"minecraft:oak_slab":12,"minecraft:acacia_leaves":2,"minecraft:glass_pane":144,"minecraft:stone_brick_slab":4,"minecraft:spruce_door":2,"minecraft:dandelion":29,"minecraft:oak_fence":44,"minecraft:crafting_table":14,"minecraft:cornflower":3,"minecraft:short_grass":671,"minecraft:tall_grass":55,"minecraft:copper_ore":17,"minecraft:lapis_ore":10,"minecraft:diorite":38,"minecraft:birch_planks":16,"minecraft:spruce_log":281,"minecraft:birch_leaves":28,"minecraft:coal_ore":108,"minecraft:cherry_leaves":2,"minecraft:gravel":36,"minecraft:terracotta":2,"minecraft:polished_andesite":8,"minecraft:spruce_fence_gate":2,"minecraft:stone_bricks":31,"minecraft:fern":1},"minecraft:broken":{"minecraft:stone_pickaxe":3,"minecraft:stone_axe":2,"minecraft:stone_shovel":3,"minecraft:stone_sword":1,"minecraft:iron_axe":2},"minecraft:custom":{"minecraft:interact_with_crafting_table":132,"minecraft:open_barrel":1,"minecraft:open_shulker_box":21,"minecraft:bell_ring":1,"minecraft:leave_game":7,"minecraft:time_since_death":164112,"minecraft:sprint_one_cm":1221083,"minecraft:damage_blocked_by_shield":354,"minecraft:drop":12,"minecraft:talked_to_villager":69,"minecraft:play_time":636094,"minecraft:deaths":6,"minecraft:jump":8514,"minecraft:walk_on_water_one_cm":39634,"minecraft:interact_with_furnace":153,"minecraft:traded_with_villager":47,"minecraft:sleep_in_bed":21,"minecraft:damage_dealt":4522,"minecraft:crouch_one_cm":56477,"minecraft:interact_with_smithing_table":2,"minecraft:mob_kills":43,"minecraft:interact_with_anvil":1,"minecraft:climb_one_cm":17584,"minecraft:walk_one_cm":2102003,"minecraft:sneak_time":14634,"minecraft:walk_under_water_one_cm":45765,"minecraft:boat_one_cm":647134,"minecraft:total_world_time":636094,"minecraft:interact_with_stonecutter":3,"minecraft:time_since_rest":39272,"minecraft:damage_taken":3429,"minecraft:swim_one_cm":91058,"minecraft:fly_one_cm":1992226,"minecraft:open_chest":415,"minecraft:fall_one_cm":192737},"minecraft:used":{"minecraft:iron_shovel":1084,"minecraft:spruce_slab":393,"minecraft:oak_sign":1,"minecraft:chest":28,"minecraft:shield":4,"minecraft:stone":2,"minecraft:rotten_flesh":1,"minecraft:spruce_leaves":110,"minecraft:jungle_planks":15,"minecraft:carrot":11,"minecraft:spruce_boat":1,"minecraft:black_stained_glass_pane":149,"minecraft:lantern":6,"minecraft:birch_sapling":17,"minecraft:polished_andesite_stairs":28,"minecraft:iron_helmet":1,"minecraft:stone_brick_stairs":11,"minecraft:stone_bricks":282,"minecraft:furnace":13,"minecraft:oak_sapling":11,"minecraft:potato":82,"minecraft:diorite":2,"minecraft:spruce_door":4,"minecraft:stone_pickaxe":409,"minecraft:oak_planks":4,"minecraft:wooden_pickaxe":12,"minecraft:diamond_axe":641,"minecraft:sand":1,"minecraft:stone_brick_wall":52,"minecraft:shears":177,"minecraft:pumpkin_seeds":4,"minecraft:birch_slab":259,"minecraft:bread":64,"minecraft:diamond_sword":249,"minecraft:bone_meal":41,"minecraft:oak_fence":1,"minecraft:stone_sword":86,"minecraft:stone_shovel":421,"minecraft:spruce_planks":147,"minecraft:wooden_shovel":61,"minecraft:cooked_chicken":10,"minecraft:oak_door":2,"minecraft:torch":92,"minecraft:dirt":1948,"minecraft:cobblestone_wall":8,"minecraft:shulker_box":11,"minecraft:andesite_wall":18,"minecraft:stone_brick_slab":167,"minecraft:wooden_axe":16,"minecraft:iron_axe":503,"minecraft:melon_seeds":1,"minecraft:cooked_beef":5,"minecraft:pumpkin":1,"minecraft:wheat_seeds":98,"minecraft:water_bucket":8,"minecraft:cobblestone_stairs":57,"minecraft:birch_planks":177,"minecraft:polished_andesite":296,"minecraft:baked_potato":5,"minecraft:cartography_table":1,"minecraft:spruce_fence_gate":4,"minecraft:crafting_table":23,"minecraft:white_bed":7,"minecraft:spruce_log":86,"minecraft:wooden_hoe":41,"minecraft:diamond_pickaxe":1615,"minecraft:diamond_shovel":1474,"minecraft:spruce_sapling":38,"minecraft:stone_axe":264,"minecraft:cobblestone":164,"minecraft:cooked_porkchop":2,"minecraft:bucket":7,"minecraft:glass_pane":144},"minecraft:dropped":{"minecraft:emerald":20,"minecraft:acacia_sapling":4,"minecraft:spruce_slab":18,"minecraft:wheat_seeds":2,"minecraft:diorite":2,"minecraft:raw_copper":2,"minecraft:oak_sapling":1},"minecraft:picked_up":{"minecraft:wooden_axe":3,"minecraft:wheat":111,"minecraft:yellow_wool":6,"minecraft:smithing_table":1,"minecraft:diamond_sword":2,"minecraft:stone_brick_stairs":3,"minecraft:string":3,"minecraft:raw_copper":58,"minecraft:iron_leggings":1,"minecraft:diamond_leggings":1,"minecraft:gold_nugget":1,"minecraft:spruce_planks":127,"minecraft:melon_slice":15,"minecraft:furnace":5,"minecraft:stick":78,"minecraft:composter":2,"minecraft:oak_fence":43,"minecraft:torch":117,"minecraft:acacia_log":7,"minecraft:porkchop":7,"minecraft:cherry_log":12,"minecraft:diorite":29,"minecraft:stone_sword":2,"minecraft:rotten_flesh":15,"minecraft:cobblestone":1250,"minecraft:birch_log":91,"minecraft:feather":10,"minecraft:jungle_log":19,"minecraft:birch_slab":14,"minecraft:andesite":393,"minecraft:brown_wool":1,"minecraft:potato":148,"minecraft:flint":3,"minecraft:dirt":2210,"minecraft:lapis_lazuli":57,"minecraft:lantern":6,"minecraft:bone":2,"minecraft:stonecutter":1,"minecraft:wheat_seeds":379,"minecraft:bell":2,"minecraft:diamond_helmet":1,"minecraft:oak_planks":9,"minecraft:jungle_planks":94,"minecraft:poisonous_potato":2,"minecraft:sand":334,"minecraft:ink_sac":15,"minecraft:barrel":2,"minecraft:shulker_box":12,"minecraft:mossy_cobblestone":1,"minecraft:polished_andesite":8,"minecraft:spruce_fence_gate":2,"minecraft:granite":29,"minecraft:bone_meal":70,"minecraft:bread":30,"minecraft:oak_sapling":13,"minecraft:oak_leaves":49,"minecraft:diamond_pickaxe":1,"minecraft:spruce_leaves":110,"minecraft:crafting_table":16,"minecraft:azure_bluet":2,"minecraft:chicken":10,"minecraft:clay_ball":8,"minecraft:wooden_pickaxe":3,"minecraft:stone_brick_wall":10,"minecraft:shield":1,"minecraft:cornflower":3,"minecraft:oak_trapdoor":4,"minecraft:iron_axe":1,"minecraft:iron_shovel":2,"minecraft:cartography_table":1,"minecraft:beef":7,"minecraft:jungle_sapling":3,"minecraft:poppy":1,"minecraft:spruce_slab":353,"minecraft:light_gray_wool":1,"minecraft:chest":4,"minecraft:birch_sapling":26,"minecraft:egg":4,"minecraft:raw_iron":1,"minecraft:carrot":23,"minecraft:arrow":5,"minecraft:diamond_chestplate":1,"minecraft:diamond_boots":1,"minecraft:hay_block":12,"minecraft:mutton":14,"minecraft:white_wool":35,"minecraft:oxeye_daisy":8,"minecraft:leather":3,"minecraft:birch_planks":16,"minecraft:oak_log":75,"minecraft:cobblestone_stairs":3,"minecraft:deepslate_tile_slab":132,"minecraft:apple":1,"minecraft:stone_bricks":29,"minecraft:kelp":8,"minecraft:stone_pickaxe":2,"minecraft:cooked_chicken":3,"minecraft:stripped_oak_wood":3,"minecraft:acacia_sapling":2,"minecraft:oak_slab":12,"minecraft:pumpkin":16,"minecraft:stone_brick_slab":5,"minecraft:dandelion":35,"minecraft:gravel":33,"minecraft:spruce_sapling":77,"minecraft:white_bed":5,"minecraft:spruce_log":279,"minecraft:spruce_door":2,"minecraft:diamond_shovel":3,"minecraft:stone_axe":2,"minecraft:iron_helmet":1,"minecraft:diamond_axe":2,"minecraft:gray_wool":1,"minecraft:terracotta":2,"minecraft:coal":116},"minecraft:crafted":{"minecraft:black_dye":12,"minecraft:oak_planks":212,"minecraft:oak_sign":3,"minecraft:cooked_chicken":7,"minecraft:birch_slab":264,"minecraft:stone":464,"minecraft:cobblestone_stairs":200,"minecraft:glass":187,"minecraft:stone_brick_slab":174,"minecraft:iron_boots":1,"minecraft:melon_seeds":3,"minecraft:chest":24,"minecraft:stone_bricks":412,"minecraft:wooden_shovel":1,"minecraft:emerald":46,"minecraft:cooked_porkchop":2,"minecraft:crafting_table":11,"minecraft:spruce_planks":876,"minecraft:polished_andesite_stairs":32,"minecraft:wooden_pickaxe":1,"minecraft:baked_potato":12,"minecraft:iron_helmet":1,"minecraft:spruce_door":3,"minecraft:oak_wood":3,"minecraft:pumpkin_seeds":4,"minecraft:birch_planks":364,"minecraft:stone_brick_stairs":8,"minecraft:wooden_hoe":1,"minecraft:iron_chestplate":1,"minecraft:diamond_pickaxe":1,"minecraft:charcoal":59,"minecraft:shield":1,"minecraft:stick":1472,"minecraft:stone_slab":36,"minecraft:stone_sword":1,"minecraft:spruce_fence_gate":2,"minecraft:shears":1,"minecraft:polished_andesite":388,"minecraft:cherry_planks":48,"minecraft:oak_door":3,"minecraft:stone_shovel":3,"minecraft:stone_brick_wall":60,"minecraft:furnace":8,"minecraft:andesite_wall":18,"minecraft:polished_andesite_slab":6,"minecraft:glass_pane":144,"minecraft:iron_axe":1,"minecraft:spruce_slab":294,"minecraft:stone_pickaxe":4,"minecraft:cobblestone_wall":12,"minecraft:spruce_boat":1,"minecraft:wheat":108,"minecraft:cooked_beef":7,"minecraft:stone_axe":2,"minecraft:bread":42,"minecraft:air":0,"minecraft:jungle_planks":56,"minecraft:black_stained_glass":96,"minecraft:wooden_axe":1,"minecraft:black_stained_glass_pane":176,"minecraft:iron_leggings":1,"minecraft:white_bed":3,"minecraft:andesite":22,"minecraft:acacia_planks":28,"minecraft:torch":48},"minecraft:killed_by":{"minecraft:creeper":1,"minecraft:zombie":3,"minecraft:skeleton":2},"minecraft:killed":{"minecraft:spider":4,"minecraft:skeleton":1,"minecraft:chicken":10,"minecraft:pig":3,"minecraft:sheep":7,"minecraft:zombie":7,"minecraft:cow":4,"minecraft:squid":7}},"DataVersion":3953}