{"stats":{"minecraft:picked_up":{"minecraft:wooden_axe":3,"minecraft:spruce_leaves":110,"minecraft:crafting_table":14,"minecraft:wheat":84,"minecraft:azure_bluet":1,"minecraft:chicken":10,"minecraft:diamond_sword":1,"minecraft:wooden_pickaxe":3,"minecraft:stone_brick_wall":7,"minecraft:string":3,"minecraft:oak_trapdoor":2,"minecraft:raw_copper":41,"minecraft:iron_axe":1,"minecraft:iron_shovel":1,"minecraft:cartography_table":1,"minecraft:gold_nugget":1,"minecraft:spruce_planks":122,"minecraft:beef":7,"minecraft:jungle_sapling":3,"minecraft:light_gray_wool":1,"minecraft:spruce_slab":335,"minecraft:melon_slice":3,"minecraft:chest":4,"minecraft:birch_sapling":20,"minecraft:furnace":4,"minecraft:egg":4,"minecraft:stick":62,"minecraft:raw_iron":1,"minecraft:composter":2,"minecraft:oak_fence":8,"minecraft:torch":30,"minecraft:acacia_log":7,"minecraft:porkchop":7,"minecraft:diorite":16,"minecraft:stone_sword":2,"minecraft:arrow":1,"minecraft:rotten_flesh":11,"minecraft:hay_block":12,"minecraft:mutton":14,"minecraft:white_wool":29,"minecraft:cobblestone":711,"minecraft:oxeye_daisy":1,"minecraft:birch_log":71,"minecraft:feather":10,"minecraft:andesite":154,"minecraft:jungle_log":19,"minecraft:brown_wool":1,"minecraft:leather":3,"minecraft:potato":40,"minecraft:birch_planks":16,"minecraft:flint":1,"minecraft:oak_log":34,"minecraft:lapis_lazuli":57,"minecraft:dirt":557,"minecraft:lantern":6,"minecraft:stone_bricks":10,"minecraft:wheat_seeds":254,"minecraft:stone_pickaxe":2,"minecraft:cooked_chicken":3,"minecraft:acacia_sapling":2,"minecraft:pumpkin":8,"minecraft:dandelion":8,"minecraft:gravel":15,"minecraft:jungle_planks":94,"minecraft:sand":187,"minecraft:spruce_sapling":44,"minecraft:white_bed":2,"minecraft:spruce_log":172,"minecraft:spruce_door":1,"minecraft:mossy_cobblestone":1,"minecraft:diamond_shovel":1,"minecraft:spruce_fence_gate":2,"minecraft:stone_axe":2,"minecraft:granite":11,"minecraft:diamond_axe":1,"minecraft:bone_meal":70,"minecraft:gray_wool":1,"minecraft:bread":27,"minecraft:terracotta":2,"minecraft:oak_sapling":6,"minecraft:oak_leaves":49,"minecraft:coal":43,"minecraft:diamond_pickaxe":1},"minecraft:used":{"minecraft:stone_sword":33,"minecraft:iron_shovel":313,"minecraft:spruce_slab":393,"minecraft:stone_shovel":421,"minecraft:chest":21,"minecraft:spruce_planks":147,"minecraft:wooden_shovel":61,"minecraft:cooked_chicken":10,"minecraft:rotten_flesh":1,"minecraft:spruce_leaves":51,"minecraft:torch":62,"minecraft:dirt":480,"minecraft:jungle_planks":15,"minecraft:cobblestone_wall":8,"minecraft:stone_brick_slab":30,"minecraft:wooden_axe":16,"minecraft:iron_axe":503,"minecraft:birch_sapling":13,"minecraft:polished_andesite_stairs":12,"minecraft:iron_helmet":1,"minecraft:stone_bricks":157,"minecraft:oak_sapling":4,"minecraft:furnace":9,"minecraft:potato":38,"minecraft:cooked_beef":5,"minecraft:wheat_seeds":84,"minecraft:diorite":2,"minecraft:spruce_door":1,"minecraft:birch_planks":177,"minecraft:stone_pickaxe":404,"minecraft:polished_andesite":127,"minecraft:cartography_table":1,"minecraft:wooden_pickaxe":12,"minecraft:diamond_axe":271,"minecraft:spruce_fence_gate":2,"minecraft:sand":1,"minecraft:crafting_table":17,"minecraft:white_bed":3,"minecraft:stone_brick_wall":28,"minecraft:shears":177,"minecraft:spruce_log":52,"minecraft:wooden_hoe":33,"minecraft:diamond_pickaxe":621,"minecraft:bread":31,"minecraft:spruce_sapling":20,"minecraft:stone_axe":264,"minecraft:cobblestone":164,"minecraft:cooked_porkchop":2,"minecraft:glass_pane":144,"minecraft:bone_meal":35},"minecraft:dropped":{"minecraft:emerald":20,"minecraft:raw_copper":2,"minecraft:acacia_sapling":4,"minecraft:oak_sapling":1},"minecraft:broken":{"minecraft:stone_pickaxe":3,"minecraft:iron_axe":2,"minecraft:stone_axe":2,"minecraft:stone_shovel":3},"minecraft:custom":{"minecraft:mob_kills":33,"minecraft:interact_with_crafting_table":73,"minecraft:leave_game":3,"minecraft:time_since_death":347020,"minecraft:climb_one_cm":16878,"minecraft:sprint_one_cm":671732,"minecraft:walk_one_cm":1030157,"minecraft:drop":7,"minecraft:talked_to_villager":39,"minecraft:play_time":371884,"minecraft:sneak_time":9381,"minecraft:deaths":5,"minecraft:walk_under_water_one_cm":13301,"minecraft:boat_one_cm":623314,"minecraft:jump":5108,"minecraft:walk_on_water_one_cm":26105,"minecraft:total_world_time":371884,"minecraft:interact_with_furnace":85,"minecraft:traded_with_villager":20,"minecraft:interact_with_stonecutter":2,"minecraft:sleep_in_bed":16,"minecraft:time_since_rest":14208,"minecraft:damage_taken":2526,"minecraft:damage_dealt":3143,"minecraft:swim_one_cm":24077,"minecraft:fly_one_cm":1151321,"minecraft:open_chest":209,"minecraft:crouch_one_cm":34654,"minecraft:fall_one_cm":120244},"minecraft:mined":{"minecraft:spruce_planks":147,"minecraft:white_bed":2,"minecraft:mossy_cobblestone":1,"minecraft:jungle_leaves":8,"minecraft:granite":11,"minecraft:acacia_log":7,"minecraft:grass_block":343,"minecraft:stone_brick_wall":7,"minecraft:jungle_planks":1,"minecraft:jungle_log":15,"minecraft:spruce_leaves":130,"minecraft:composter":2,"minecraft:cartography_table":1,"minecraft:oxeye_daisy":1,"minecraft:hay_block":12,"minecraft:oak_trapdoor":2,"minecraft:spruce_sapling":2,"minecraft:furnace":4,"minecraft:iron_ore":1,"minecraft:andesite":156,"minecraft:pumpkin":9,"minecraft:potatoes":10,"minecraft:vine":2,"minecraft:dirt_path":47,"minecraft:stone":656,"minecraft:spruce_slab":371,"minecraft:acacia_leaves":2,"minecraft:glass_pane":57,"minecraft:dandelion":1,"minecraft:spruce_door":1,"minecraft:oak_fence":8,"minecraft:crafting_table":12,"minecraft:torch":12,"minecraft:short_grass":271,"minecraft:melon":1,"minecraft:chest":4,"minecraft:tall_grass":40,"minecraft:copper_ore":12,"minecraft:cobblestone":88,"minecraft:lapis_ore":10,"minecraft:diorite":25,"minecraft:wall_torch":2,"minecraft:birch_planks":16,"minecraft:birch_log":71,"minecraft:wheat":84,"minecraft:spruce_log":172,"minecraft:birch_leaves":8,"minecraft:oak_log":34,"minecraft:coal_ore":34,"minecraft:gravel":18,"minecraft:sand":211,"minecraft:dirt":151,"minecraft:terracotta":2,"minecraft:spruce_fence_gate":2,"minecraft:stone_bricks":12,"minecraft:oak_leaves":77,"minecraft:fern":1},"minecraft:killed_by":{"minecraft:creeper":1,"minecraft:skeleton":2,"minecraft:zombie":2},"minecraft:killed":{"minecraft:spider":3,"minecraft:chicken":10,"minecraft:pig":3,"minecraft:sheep":7,"minecraft:zombie":6,"minecraft:cow":4},"minecraft:crafted":{"minecraft:oak_planks":48,"minecraft:stone_shovel":3,"minecraft:stone_brick_wall":36,"minecraft:cooked_chicken":7,"minecraft:furnace":5,"minecraft:stone":266,"minecraft:glass_pane":144,"minecraft:glass":61,"minecraft:stone_brick_slab":36,"minecraft:iron_axe":1,"minecraft:spruce_slab":264,"minecraft:stone_pickaxe":3,"minecraft:cobblestone_wall":12,"minecraft:chest":17,"minecraft:stone_bricks":248,"minecraft:cooked_beef":7,"minecraft:wooden_shovel":1,"minecraft:emerald":20,"minecraft:cooked_porkchop":2,"minecraft:crafting_table":7,"minecraft:spruce_planks":720,"minecraft:polished_andesite_stairs":12,"minecraft:wooden_pickaxe":1,"minecraft:iron_helmet":1,"minecraft:spruce_door":3,"minecraft:birch_planks":240,"minecraft:oak_wood":3,"minecraft:stone_axe":2,"minecraft:air":0,"minecraft:jungle_planks":56,"minecraft:wooden_hoe":1,"minecraft:charcoal":21,"minecraft:shield":1,"minecraft:stick":672,"minecraft:wooden_axe":1,"minecraft:stone_sword":1,"minecraft:white_bed":1,"minecraft:acacia_planks":28,"minecraft:spruce_fence_gate":2,"minecraft:torch":32,"minecraft:shears":1,"minecraft:polished_andesite":148}},"DataVersion":3953}