{"stats":{"minecraft:used":{"minecraft:nether_brick_fence":16,"minecraft:stone_sword":81,"minecraft:iron_shovel":430,"minecraft:stone_shovel":68,"minecraft:spruce_planks":19,"minecraft:shield":62,"minecraft:iron_sword":158,"minecraft:stone_hoe":28,"minecraft:netherrack":64,"minecraft:torch":841,"minecraft:brewing_stand":3,"minecraft:soul_sand":2,"minecraft:dirt":239,"minecraft:jungle_planks":3,"minecraft:nether_bricks":28,"minecraft:carrot":67,"minecraft:granite":1,"minecraft:polished_diorite":4,"minecraft:stone_brick_slab":4,"minecraft:lava_bucket":1,"minecraft:grass_block":1,"minecraft:iron_axe":6,"minecraft:iron_helmet":1,"minecraft:glowstone":5,"minecraft:basalt":6,"minecraft:bow":112,"minecraft:furnace":4,"minecraft:egg":6,"minecraft:potato":93,"minecraft:cobbled_deepslate":22,"minecraft:water_bucket":8,"minecraft:diamond_boots":1,"minecraft:stone_pickaxe":71,"minecraft:oak_planks":4,"minecraft:spruce_sign":9,"minecraft:wooden_pickaxe":5,"minecraft:spruce_fence_gate":8,"minecraft:fletching_table":1,"minecraft:diamond_axe":729,"minecraft:jungle_boat":4,"minecraft:golden_apple":1,"minecraft:rail":18,"minecraft:crafting_table":15,"minecraft:white_bed":3,"minecraft:spruce_log":1,"minecraft:diamond_pickaxe":823,"minecraft:melon_slice":34,"minecraft:bread":64,"minecraft:string":1,"minecraft:iron_pickaxe":93,"minecraft:spruce_trapdoor":4,"minecraft:spruce_sapling":48,"minecraft:golden_leggings":1,"minecraft:stone_axe":82,"minecraft:diamond_sword":64,"minecraft:cobblestone":78,"minecraft:andesite":5,"minecraft:bucket":5},"minecraft:broken":{"minecraft:iron_shovel":1,"minecraft:shield":1},"minecraft:picked_up":{"minecraft:iron_chestplate":1,"minecraft:crafting_table":12,"minecraft:nether_brick_fence":35,"minecraft:brown_mushroom":31,"minecraft:diamond_sword":1,"minecraft:brewing_stand":2,"minecraft:shield":1,"minecraft:soul_soil":1,"minecraft:string":9,"minecraft:iron_axe":2,"minecraft:iron_shovel":1,"minecraft:diamond_leggings":1,"minecraft:cobbled_deepslate":76,"minecraft:spruce_planks":6,"minecraft:beef":32,"minecraft:poppy":2,"minecraft:minecart":2,"minecraft:melon_slice":82,"minecraft:sugar_cane":32,"minecraft:birch_sapling":2,"minecraft:spruce_trapdoor":1,"minecraft:iron_boots":3,"minecraft:egg":7,"minecraft:furnace":2,"minecraft:golden_helmet":2,"minecraft:raw_iron":101,"minecraft:stick":42,"minecraft:oak_fence":1,"minecraft:torch":18,"minecraft:porkchop":3,"minecraft:diorite":62,"minecraft:carrot":42,"minecraft:redstone":49,"minecraft:diamond_chestplate":1,"minecraft:arrow":43,"minecraft:rotten_flesh":28,"minecraft:nether_bricks":28,"minecraft:diamond_boots":2,"minecraft:hay_block":28,"minecraft:gold_ingot":64,"minecraft:blaze_rod":31,"minecraft:mutton":5,"minecraft:rail":59,"minecraft:white_wool":3,"minecraft:cobblestone":337,"minecraft:magma_cream":4,"minecraft:jungle_boat":4,"minecraft:basalt":6,"minecraft:water_bucket":2,"minecraft:glow_ink_sac":4,"minecraft:jungle_log":16,"minecraft:andesite":6,"minecraft:leather":14,"minecraft:potato":346,"minecraft:flint":2,"minecraft:tuff":6,"minecraft:oak_log":28,"minecraft:lapis_lazuli":21,"minecraft:dirt":488,"minecraft:name_tag":4,"minecraft:bone":24,"minecraft:stone_bricks":3,"minecraft:bow":3,"minecraft:wheat_seeds":19,"minecraft:raw_gold":28,"minecraft:iron_ingot":4,"minecraft:diamond_helmet":2,"minecraft:bamboo":1,"minecraft:soul_sand":24,"minecraft:scaffolding":3,"minecraft:pumpkin":5,"minecraft:poisonous_potato":3,"minecraft:quartz":7,"minecraft:gravel":39,"minecraft:raw_iron_block":1,"minecraft:barrel":1,"minecraft:spruce_sapling":50,"minecraft:spruce_log":702,"minecraft:white_bed":2,"minecraft:grass_block":1,"minecraft:spider_eye":2,"minecraft:diamond":26,"minecraft:polished_diorite":3,"minecraft:iron_helmet":1,"minecraft:chainmail_leggings":1,"minecraft:diamond_axe":1,"minecraft:granite":1,"minecraft:bread":21,"minecraft:emerald":17,"minecraft:diamond_pickaxe":1,"minecraft:netherrack":84,"minecraft:oak_sapling":1,"minecraft:coal":30},"minecraft:killed":{"minecraft:spider":2,"minecraft:skeleton":15,"minecraft:pig":2,"minecraft:iron_golem":1,"minecraft:creeper":1,"minecraft:sheep":3,"minecraft:zombie":40,"minecraft:ghast":1,"minecraft:wither_skeleton":5,"minecraft:blaze":49,"minecraft:enderman":1,"minecraft:cow":15},"minecraft:killed_by":{"minecraft:skeleton":1,"minecraft:blaze":1,"minecraft:zombie":1},"minecraft:custom":{"minecraft:mob_kills":138,"minecraft:inspect_hopper":5,"minecraft:interact_with_crafting_table":47,"minecraft:open_barrel":20,"minecraft:leave_game":1,"minecraft:time_since_death":111426,"minecraft:climb_one_cm":9941,"minecraft:sprint_one_cm":843901,"minecraft:walk_one_cm":694955,"minecraft:damage_blocked_by_shield":4792,"minecraft:drop":82,"minecraft:talked_to_villager":34,"minecraft:play_time":298531,"minecraft:deaths":5,"minecraft:sneak_time":15888,"minecraft:walk_under_water_one_cm":11572,"minecraft:boat_one_cm":216589,"minecraft:jump":6964,"minecraft:interact_with_blast_furnace":4,"minecraft:walk_on_water_one_cm":39346,"minecraft:enchant_item":8,"minecraft:total_world_time":298531,"minecraft:interact_with_furnace":28,"minecraft:traded_with_villager":85,"minecraft:sleep_in_bed":8,"minecraft:time_since_rest":75853,"minecraft:damage_taken":4816,"minecraft:damage_absorbed":40,"minecraft:damage_dealt":17827,"minecraft:swim_one_cm":33287,"minecraft:fly_one_cm":1534734,"minecraft:open_chest":88,"minecraft:crouch_one_cm":52133,"minecraft:interact_with_smoker":1,"minecraft:fall_one_cm":163215,"minecraft:inspect_dispenser":2,"minecraft:horse_one_cm":83612},"minecraft:dropped":{"minecraft:water_bucket":1,"minecraft:stone_hoe":1,"minecraft:iron_sword":1,"minecraft:soul_sand":2,"minecraft:wheat_seeds":8,"minecraft:glow_ink_sac":4,"minecraft:iron_helmet":1,"minecraft:oak_fence":1,"minecraft:cobblestone":1,"minecraft:stick":70,"minecraft:emerald":19,"minecraft:dirt":5,"minecraft:iron_axe":3,"minecraft:chainmail_leggings":13,"minecraft:spruce_sapling":1,"minecraft:bone":1,"minecraft:polished_diorite":3,"minecraft:stone_axe":1,"minecraft:soul_soil":1,"minecraft:iron_nugget":8,"minecraft:golden_chestplate":1,"minecraft:stone_sword":1,"minecraft:tuff":6,"minecraft:stone_shovel":1,"minecraft:birch_sapling":2,"minecraft:obsidian":1,"minecraft:rotten_flesh":4,"minecraft:iron_boots":1,"minecraft:oak_planks":18,"minecraft:poppy":2,"minecraft:shield":1,"minecraft:diamond_chestplate":1,"minecraft:spruce_planks":59,"minecraft:andesite":1,"minecraft:golden_leggings":1,"minecraft:chest":2,"minecraft:oak_sapling":1,"minecraft:stone_bricks":3,"minecraft:spider_eye":2,"minecraft:spruce_log":268,"minecraft:bow":1,"minecraft:stone_pickaxe":1,"minecraft:scaffolding":3,"minecraft:quartz":7,"minecraft:egg":1},"minecraft:crafted":{"minecraft:oak_planks":112,"minecraft:redstone":20,"minecraft:raw_iron":9,"minecraft:stone_shovel":2,"minecraft:furnace":2,"minecraft:diamond_leggings":1,"minecraft:iron_boots":1,"minecraft:bow":1,"minecraft:polished_diorite":4,"minecraft:iron_axe":1,"minecraft:stone_pickaxe":1,"minecraft:chest":2,"minecraft:diamond_boots":1,"minecraft:stone_hoe":1,"minecraft:wheat":351,"minecraft:diamond_sword":1,"minecraft:emerald":57,"minecraft:diamond_axe":1,"minecraft:crafting_table":6,"minecraft:spruce_planks":1376,"minecraft:jungle_boat":1,"minecraft:wooden_pickaxe":1,"minecraft:iron_helmet":2,"minecraft:iron_sword":1,"minecraft:fletching_table":1,"minecraft:brewing_stand":1,"minecraft:hay_block":11,"minecraft:stone_axe":1,"minecraft:glowstone":5,"minecraft:bread":85,"minecraft:air":0,"minecraft:jungle_planks":64,"minecraft:spruce_trapdoor":14,"minecraft:iron_chestplate":1,"minecraft:charcoal":173,"minecraft:diamond_pickaxe":1,"minecraft:shield":3,"minecraft:stick":2124,"minecraft:iron_ingot":44,"minecraft:iron_pickaxe":1,"minecraft:stone_sword":1,"minecraft:iron_shovel":1,"minecraft:iron_leggings":1,"minecraft:white_bed":1,"minecraft:spruce_fence_gate":9,"minecraft:torch":812,"minecraft:lapis_lazuli":12,"minecraft:diamond_chestplate":2},"minecraft:mined":{"minecraft:tuff":3,"minecraft:spruce_planks":7,"minecraft:white_bed":2,"minecraft:deepslate_diamond_ore":26,"minecraft:jungle_leaves":1,"minecraft:brewing_stand":3,"minecraft:spruce_trapdoor":1,"minecraft:nether_bricks":33,"minecraft:granite":3,"minecraft:grass_block":259,"minecraft:jungle_log":16,"minecraft:polished_diorite":1,"minecraft:spruce_leaves":6,"minecraft:hay_block":28,"minecraft:raw_iron_block":1,"minecraft:carrots":11,"minecraft:furnace":2,"minecraft:barrel":1,"minecraft:cobbled_deepslate":16,"minecraft:iron_ore":40,"minecraft:fire":24,"minecraft:andesite":26,"minecraft:pumpkin":5,"minecraft:deepslate_lapis_ore":4,"minecraft:nether_brick_fence":27,"minecraft:dirt_path":1,"minecraft:potatoes":94,"minecraft:vine":5,"minecraft:deepslate_iron_ore":61,"minecraft:rail":8,"minecraft:stone":428,"minecraft:deepslate_redstone_ore":11,"minecraft:brown_mushroom":32,"minecraft:soul_sand":27,"minecraft:soul_fire":2,"minecraft:basalt":6,"minecraft:crafting_table":12,"minecraft:torch":3,"minecraft:short_grass":81,"minecraft:melon":18,"minecraft:chest":1,"minecraft:tall_grass":3,"minecraft:cobblestone":4,"minecraft:deepslate_gold_ore":20,"minecraft:sugar_cane":16,"minecraft:diorite":70,"minecraft:spruce_log":710,"minecraft:coal_ore":31,"minecraft:oak_log":28,"minecraft:gravel":44,"minecraft:dripstone_block":1,"minecraft:dirt":221,"minecraft:cobweb":5,"minecraft:stone_bricks":3,"minecraft:netherrack":86,"minecraft:gold_ore":8,"minecraft:fern":16,"minecraft:oak_leaves":11,"minecraft:deepslate":51}},"DataVersion":3953}