{"stats":{"minecraft:crafted":{"minecraft:oak_planks":112,"minecraft:blaze_powder":22,"minecraft:bookshelf":2,"minecraft:shulker_box":1,"minecraft:iron_boots":1,"minecraft:diamond_leggings":1,"minecraft:bow":2,"minecraft:chest":5,"minecraft:stone_hoe":1,"minecraft:ender_eye":15,"minecraft:emerald":100,"minecraft:diamond_axe":1,"minecraft:crafting_table":8,"minecraft:spruce_planks":2948,"minecraft:jungle_boat":1,"minecraft:wooden_pickaxe":1,"minecraft:iron_helmet":2,"minecraft:fletching_table":1,"minecraft:hay_block":11,"minecraft:brewing_stand":1,"minecraft:spruce_trapdoor":18,"minecraft:lectern":1,"minecraft:paper":9,"minecraft:iron_chestplate":1,"minecraft:charcoal":173,"minecraft:diamond_pickaxe":1,"minecraft:shield":3,"minecraft:stick":3516,"minecraft:iron_ingot":44,"minecraft:iron_pickaxe":1,"minecraft:stone_sword":1,"minecraft:spruce_fence_gate":9,"minecraft:raw_iron":9,"minecraft:redstone":20,"minecraft:stone_shovel":2,"minecraft:furnace":2,"minecraft:polished_diorite":4,"minecraft:iron_axe":1,"minecraft:spruce_slab":6,"minecraft:stone_pickaxe":1,"minecraft:diamond_boots":1,"minecraft:spruce_boat":1,"minecraft:wheat":351,"minecraft:diamond_sword":1,"minecraft:iron_sword":1,"minecraft:stone_axe":1,"minecraft:glowstone":5,"minecraft:enchanted_book":2,"minecraft:bread":85,"minecraft:air":0,"minecraft:jungle_planks":64,"minecraft:iron_shovel":1,"minecraft:iron_leggings":1,"minecraft:white_bed":1,"minecraft:torch":812,"minecraft:lapis_lazuli":12,"minecraft:diamond_chestplate":2,"minecraft:firework_rocket":21},"minecraft:used":{"minecraft:nether_brick_fence":16,"minecraft:iron_shovel":507,"minecraft:chest":2,"minecraft:shield":62,"minecraft:iron_sword":158,"minecraft:soul_sand":2,"minecraft:jungle_planks":3,"minecraft:nether_bricks":28,"minecraft:carrot":67,"minecraft:snowball":41,"minecraft:spruce_boat":6,"minecraft:lava_bucket":1,"minecraft:grass_block":2,"minecraft:iron_helmet":1,"minecraft:bow":293,"minecraft:furnace":4,"minecraft:egg":6,"minecraft:potato":173,"minecraft:diamond_boots":1,"minecraft:stone_pickaxe":71,"minecraft:powered_rail":1,"minecraft:oak_planks":4,"minecraft:ender_pearl":4,"minecraft:wooden_pickaxe":5,"minecraft:diamond_axe":1317,"minecraft:jungle_boat":4,"minecraft:cookie":3,"minecraft:golden_apple":1,"minecraft:redstone_torch":1,"minecraft:firework_rocket":58,"minecraft:bread":69,"minecraft:melon_slice":34,"minecraft:string":1,"minecraft:lectern":40,"minecraft:diamond_sword":162,"minecraft:andesite":5,"minecraft:stone_sword":81,"minecraft:stone_shovel":68,"minecraft:spruce_planks":766,"minecraft:stone_hoe":28,"minecraft:netherrack":64,"minecraft:torch":851,"minecraft:brewing_stand":3,"minecraft:dirt":245,"minecraft:shulker_box":2,"minecraft:granite":1,"minecraft:polished_diorite":4,"minecraft:stone_brick_slab":8,"minecraft:bookshelf":1,"minecraft:iron_axe":6,"minecraft:basalt":6,"minecraft:glowstone":8,"minecraft:golden_carrot":18,"minecraft:cobbled_deepslate":22,"minecraft:water_bucket":13,"minecraft:baked_potato":21,"minecraft:spruce_sign":9,"minecraft:fletching_table":1,"minecraft:spruce_fence_gate":8,"minecraft:rail":57,"minecraft:crafting_table":18,"minecraft:white_bed":3,"minecraft:spruce_log":6,"minecraft:ender_eye":22,"minecraft:diamond_pickaxe":929,"minecraft:iron_pickaxe":93,"minecraft:spruce_trapdoor":10,"minecraft:spruce_sapling":77,"minecraft:golden_leggings":1,"minecraft:stone_axe":82,"minecraft:enchanted_book":1,"minecraft:cobblestone":85,"minecraft:bucket":11},"minecraft:custom":{"minecraft:interact_with_crafting_table":61,"minecraft:open_barrel":34,"minecraft:open_shulker_box":8,"minecraft:leave_game":1,"minecraft:time_since_death":342029,"minecraft:sprint_one_cm":1385347,"minecraft:damage_blocked_by_shield":4792,"minecraft:drop":122,"minecraft:talked_to_villager":221,"minecraft:play_time":529269,"minecraft:deaths":5,"minecraft:jump":11112,"minecraft:interact_with_brewingstand":1,"minecraft:walk_on_water_one_cm":59417,"minecraft:enchant_item":8,"minecraft:interact_with_furnace":31,"minecraft:traded_with_villager":132,"minecraft:sleep_in_bed":10,"minecraft:damage_dealt":24189,"minecraft:crouch_one_cm":87533,"minecraft:interact_with_smoker":3,"minecraft:inspect_dispenser":5,"minecraft:horse_one_cm":83612,"minecraft:interact_with_anvil":4,"minecraft:mob_kills":174,"minecraft:inspect_hopper":5,"minecraft:climb_one_cm":15220,"minecraft:walk_one_cm":1225905,"minecraft:sneak_time":25624,"minecraft:walk_under_water_one_cm":44985,"minecraft:boat_one_cm":648205,"minecraft:interact_with_blast_furnace":6,"minecraft:total_world_time":529269,"minecraft:time_since_rest":136080,"minecraft:damage_taken":6337,"minecraft:damage_absorbed":40,"minecraft:swim_one_cm":87725,"minecraft:fly_one_cm":2507974,"minecraft:open_chest":258,"minecraft:aviate_one_cm":2167069,"minecraft:fall_one_cm":268003},"minecraft:broken":{"minecraft:iron_shovel":2,"minecraft:shield":1},"minecraft:dropped":{"minecraft:iron_sword":1,"minecraft:soul_sand":2,"minecraft:diamond_axe":1,"minecraft:baked_potato":3,"minecraft:glow_ink_sac":4,"minecraft:elytra":1,"minecraft:emerald":110,"minecraft:dirt":7,"minecraft:snowball":30,"minecraft:bone":1,"minecraft:stone_axe":1,"minecraft:mangrove_roots":1,"minecraft:iron_nugget":8,"minecraft:golden_chestplate":1,"minecraft:birch_sapling":2,"minecraft:obsidian":1,"minecraft:rotten_flesh":7,"minecraft:oak_planks":18,"minecraft:poppy":2,"minecraft:chest":2,"minecraft:spruce_slab":2,"minecraft:scaffolding":3,"minecraft:quartz":7,"minecraft:lectern":1,"minecraft:egg":1,"minecraft:water_bucket":1,"minecraft:stone_hoe":1,"minecraft:wheat_seeds":17,"minecraft:golden_helmet":1,"minecraft:mangrove_propagule":1,"minecraft:oak_fence":1,"minecraft:iron_helmet":1,"minecraft:cobblestone":1,"minecraft:chainmail_helmet":1,"minecraft:stick":70,"minecraft:diorite":2,"minecraft:diamond_helmet":2,"minecraft:iron_axe":3,"minecraft:chainmail_leggings":13,"minecraft:paper":18,"minecraft:spruce_sapling":1,"minecraft:polished_diorite":3,"minecraft:soul_soil":1,"minecraft:stone_sword":1,"minecraft:tuff":6,"minecraft:stone_shovel":2,"minecraft:iron_boots":1,"minecraft:diamond_sword":2,"minecraft:shield":1,"minecraft:diamond_chestplate":2,"minecraft:spruce_trapdoor":1,"minecraft:spruce_planks":69,"minecraft:diamond_pickaxe":1,"minecraft:andesite":1,"minecraft:mossy_stone_bricks":2,"minecraft:golden_leggings":1,"minecraft:oak_sapling":1,"minecraft:stone_bricks":4,"minecraft:spider_eye":2,"minecraft:diamond_boots":1,"minecraft:spruce_log":321,"minecraft:bow":2,"minecraft:stone_pickaxe":1},"minecraft:killed_by":{"minecraft:blaze":1,"minecraft:zombie":1,"minecraft:skeleton":1},"minecraft:killed":{"minecraft:spider":4,"minecraft:shulker":10,"minecraft:skeleton":18,"minecraft:silverfish":1,"minecraft:pig":2,"minecraft:iron_golem":1,"minecraft:ender_dragon":1,"minecraft:creeper":8,"minecraft:sheep":4,"minecraft:zombie":46,"minecraft:ghast":1,"minecraft:cow":15,"minecraft:blaze":49,"minecraft:armadillo":1,"minecraft:phantom":2,"minecraft:wither_skeleton":5,"minecraft:enderman":2},"minecraft:picked_up":{"minecraft:shulker_shell":2,"minecraft:iron_chestplate":1,"minecraft:nether_brick_fence":35,"minecraft:diamond_sword":4,"minecraft:enchanted_book":2,"minecraft:brewing_stand":2,"minecraft:string":9,"minecraft:soul_soil":1,"minecraft:diamond_leggings":2,"minecraft:cobbled_deepslate":76,"minecraft:spruce_planks":39,"minecraft:ender_eye":9,"minecraft:melon_slice":82,"minecraft:iron_boots":3,"minecraft:furnace":2,"minecraft:golden_helmet":2,"minecraft:stick":63,"minecraft:oak_fence":1,"minecraft:torch":18,"minecraft:porkchop":3,"minecraft:diorite":64,"minecraft:rotten_flesh":32,"minecraft:carved_pumpkin":2,"minecraft:mangrove_roots":1,"minecraft:blaze_rod":31,"minecraft:snowball":71,"minecraft:cobblestone":383,"minecraft:magma_cream":4,"minecraft:jungle_log":16,"minecraft:water_bucket":3,"minecraft:andesite":6,"minecraft:potato":346,"minecraft:flint":2,"minecraft:tuff":6,"minecraft:lapis_lazuli":21,"minecraft:dirt":496,"minecraft:name_tag":4,"minecraft:bone":24,"minecraft:bow":4,"minecraft:wheat_seeds":23,"minecraft:raw_gold":28,"minecraft:mossy_stone_bricks":2,"minecraft:diamond_helmet":4,"minecraft:bamboo":1,"minecraft:powered_rail":1,"minecraft:poisonous_potato":3,"minecraft:grass_block":2,"minecraft:shulker_box":1,"minecraft:barrel":1,"minecraft:diamond":26,"minecraft:spruce_boat":5,"minecraft:granite":1,"minecraft:chainmail_helmet":1,"minecraft:emerald":63,"minecraft:bread":21,"minecraft:oak_sapling":1,"minecraft:netherrack":84,"minecraft:diamond_pickaxe":3,"minecraft:end_stone_bricks":2,"minecraft:crafting_table":13,"minecraft:brown_mushroom":31,"minecraft:dragon_head":1,"minecraft:shield":2,"minecraft:elytra":2,"minecraft:iron_axe":2,"minecraft:iron_shovel":1,"minecraft:beef":32,"minecraft:poppy":2,"minecraft:minecart":4,"minecraft:lectern":40,"minecraft:sugar_cane":45,"minecraft:birch_sapling":2,"minecraft:spruce_trapdoor":2,"minecraft:phantom_membrane":1,"minecraft:egg":8,"minecraft:raw_iron":102,"minecraft:end_stone":3,"minecraft:cookie":128,"minecraft:carrot":42,"minecraft:redstone":49,"minecraft:diamond_chestplate":4,"minecraft:arrow":70,"minecraft:nether_bricks":28,"minecraft:diamond_boots":3,"minecraft:hay_block":28,"minecraft:gold_ingot":64,"minecraft:mutton":5,"minecraft:white_wool":3,"minecraft:rail":161,"minecraft:jungle_boat":4,"minecraft:basalt":6,"minecraft:golden_carrot":122,"minecraft:glow_ink_sac":4,"minecraft:leather":14,"minecraft:oak_log":28,"minecraft:gunpowder":9,"minecraft:stone_bricks":5,"minecraft:iron_ingot":4,"minecraft:soul_sand":24,"minecraft:book":6,"minecraft:scaffolding":3,"minecraft:pumpkin":5,"minecraft:quartz":7,"minecraft:raw_iron_block":1,"minecraft:gravel":39,"minecraft:spruce_sapling":82,"minecraft:white_bed":3,"minecraft:spruce_log":1308,"minecraft:dragon_egg":1,"minecraft:spider_eye":2,"minecraft:firework_rocket":51,"minecraft:diamond_shovel":1,"minecraft:polished_diorite":3,"minecraft:chainmail_leggings":1,"minecraft:iron_helmet":1,"minecraft:diamond_axe":3,"minecraft:mangrove_propagule":1,"minecraft:coal":30,"minecraft:ender_pearl":20},"minecraft:mined":{"minecraft:dragon_wall_head":1,"minecraft:spruce_planks":40,"minecraft:white_bed":3,"minecraft:jungle_leaves":7,"minecraft:brewing_stand":3,"minecraft:spruce_trapdoor":2,"minecraft:granite":4,"minecraft:grass_block":263,"minecraft:jungle_log":16,"minecraft:polished_diorite":1,"minecraft:raw_iron_block":1,"minecraft:cobbled_deepslate":16,"minecraft:iron_ore":42,"minecraft:fire":24,"minecraft:barrel":1,"minecraft:pumpkin":5,"minecraft:deepslate_lapis_ore":4,"minecraft:dirt_path":1,"minecraft:end_stone_bricks":2,"minecraft:deepslate_redstone_ore":11,"minecraft:brown_mushroom":32,"minecraft:soul_fire":2,"minecraft:torch":3,"minecraft:melon":18,"minecraft:chest":1,"minecraft:cobblestone":5,"minecraft:sugar_cane":22,"minecraft:powered_rail":1,"minecraft:oak_log":28,"minecraft:dirt":229,"minecraft:netherrack":86,"minecraft:oak_leaves":13,"minecraft:deepslate":51,"minecraft:tuff":3,"minecraft:deepslate_diamond_ore":26,"minecraft:mangrove_roots":1,"minecraft:shulker_box":1,"minecraft:end_stone":3,"minecraft:nether_bricks":33,"minecraft:spruce_leaves":48,"minecraft:hay_block":28,"minecraft:spruce_sapling":1,"minecraft:furnace":2,"minecraft:carrots":11,"minecraft:snow":72,"minecraft:andesite":26,"minecraft:nether_brick_fence":27,"minecraft:bookshelf":1,"minecraft:potatoes":94,"minecraft:deepslate_iron_ore":61,"minecraft:vine":5,"minecraft:rail":45,"minecraft:stone":474,"minecraft:soul_sand":27,"minecraft:infested_stone_bricks":1,"minecraft:basalt":6,"minecraft:crafting_table":13,"minecraft:short_grass":89,"minecraft:lectern":38,"minecraft:tall_grass":3,"minecraft:deepslate_gold_ore":20,"minecraft:diorite":72,"minecraft:spruce_log":1224,"minecraft:mangrove_leaves":4,"minecraft:coal_ore":31,"minecraft:gravel":44,"minecraft:dripstone_block":1,"minecraft:cobweb":5,"minecraft:stone_bricks":7,"minecraft:mossy_stone_bricks":2,"minecraft:gold_ore":8,"minecraft:fern":18}},"DataVersion":3953}