{"stats":{"minecraft:used":{"minecraft:stone_sword":63,"minecraft:stone_pickaxe":71,"minecraft:wooden_pickaxe":5,"minecraft:stone_hoe":28,"minecraft:jungle_boat":4,"minecraft:torch":27,"minecraft:dirt":10,"minecraft:crafting_table":6,"minecraft:jungle_planks":3,"minecraft:carrot":35,"minecraft:white_bed":3,"minecraft:melon_slice":34,"minecraft:golden_leggings":1,"minecraft:stone_axe":82,"minecraft:cobblestone":7,"minecraft:furnace":1,"minecraft:andesite":5,"minecraft:egg":2,"minecraft:potato":14},"minecraft:picked_up":{"minecraft:crafting_table":4,"minecraft:jungle_boat":4,"minecraft:andesite":5,"minecraft:jungle_log":16,"minecraft:leather":14,"minecraft:potato":49,"minecraft:oak_log":28,"minecraft:string":8,"minecraft:dirt":16,"minecraft:bone":2,"minecraft:wheat_seeds":6,"minecraft:iron_ingot":3,"minecraft:beef":32,"minecraft:poppy":2,"minecraft:bamboo":1,"minecraft:melon_slice":82,"minecraft:birch_sapling":2,"minecraft:egg":6,"minecraft:stick":1,"minecraft:raw_iron":10,"minecraft:pumpkin":5,"minecraft:torch":1,"minecraft:porkchop":3,"minecraft:white_bed":2,"minecraft:carrot":42,"minecraft:arrow":2,"minecraft:rotten_flesh":5,"minecraft:hay_block":28,"minecraft:oak_sapling":1,"minecraft:cobblestone":30,"minecraft:mutton":5,"minecraft:coal":29,"minecraft:white_wool":3},"minecraft:killed":{"minecraft:pig":2,"minecraft:spider":1,"minecraft:iron_golem":1,"minecraft:creeper":1,"minecraft:skeleton":1,"minecraft:sheep":3,"minecraft:zombie":5,"minecraft:cow":15},"minecraft:killed_by":{"minecraft:skeleton":1,"minecraft:zombie":1},"minecraft:custom":{"minecraft:interact_with_furnace":2,"minecraft:mob_kills":29,"minecraft:interact_with_crafting_table":9,"minecraft:time_since_death":53547,"minecraft:sleep_in_bed":3,"minecraft:climb_one_cm":5258,"minecraft:time_since_rest":20608,"minecraft:sprint_one_cm":266091,"minecraft:damage_taken":1213,"minecraft:walk_one_cm":91900,"minecraft:drop":3,"minecraft:damage_dealt":4565,"minecraft:swim_one_cm":17685,"minecraft:fly_one_cm":589199,"minecraft:open_chest":6,"minecraft:crouch_one_cm":10618,"minecraft:play_time":58978,"minecraft:deaths":2,"minecraft:sneak_time":3549,"minecraft:walk_under_water_one_cm":564,"minecraft:boat_one_cm":216589,"minecraft:jump":2279,"minecraft:walk_on_water_one_cm":12595,"minecraft:total_world_time":58978,"minecraft:fall_one_cm":65946},"minecraft:dropped":{"minecraft:birch_sapling":2,"minecraft:egg":1},"minecraft:mined":{"minecraft:white_bed":2,"minecraft:jungle_leaves":1,"minecraft:crafting_table":4,"minecraft:short_grass":44,"minecraft:grass_block":7,"minecraft:melon":18,"minecraft:jungle_log":16,"minecraft:cobblestone":1,"minecraft:hay_block":28,"minecraft:carrots":11,"minecraft:iron_ore":10,"minecraft:fire":1,"minecraft:andesite":6,"minecraft:pumpkin":5,"minecraft:oak_log":28,"minecraft:potatoes":14,"minecraft:coal_ore":29,"minecraft:vine":5,"minecraft:dirt":9,"minecraft:cobweb":5,"minecraft:stone":29,"minecraft:oak_leaves":11,"minecraft:fern":16},"minecraft:crafted":{"minecraft:oak_planks":48,"minecraft:crafting_table":3,"minecraft:jungle_boat":1,"minecraft:wooden_pickaxe":1,"minecraft:furnace":1,"minecraft:stone_axe":1,"minecraft:air":0,"minecraft:jungle_planks":64,"minecraft:shield":1,"minecraft:stick":32,"minecraft:iron_ingot":3,"minecraft:stone_pickaxe":1,"minecraft:stone_sword":1,"minecraft:white_bed":1,"minecraft:torch":76,"minecraft:stone_hoe":1}},"DataVersion":3953}