{"stats":{"minecraft:dropped":{"minecraft:clay":4,"minecraft:iron_sword":1,"minecraft:soul_sand":3,"minecraft:diamond_axe":2,"minecraft:baked_potato":3,"minecraft:glow_ink_sac":4,"minecraft:purple_glazed_terracotta":7,"minecraft:glow_berries":1,"minecraft:quartz_pillar":110,"minecraft:purpur_stairs":1,"minecraft:elytra":2,"minecraft:rail":74,"minecraft:emerald":178,"minecraft:dirt":117,"minecraft:dispenser":3,"minecraft:mutton":3,"minecraft:snowball":30,"minecraft:phantom_membrane":2,"minecraft:bone":11,"minecraft:gravel":12,"minecraft:chiseled_polished_blackstone":1,"minecraft:stone_axe":12,"minecraft:purpur_block":5,"minecraft:mangrove_roots":1,"minecraft:iron_nugget":8,"minecraft:golden_chestplate":1,"minecraft:wheat":6,"minecraft:birch_sapling":2,"minecraft:obsidian":1,"minecraft:rotten_flesh":17,"minecraft:oak_planks":19,"minecraft:diamond_shovel":1,"minecraft:quartz_bricks":2,"minecraft:carrot":1,"minecraft:poppy":778,"minecraft:gunpowder":2,"minecraft:coal_ore":32,"minecraft:quartz_block":109,"minecraft:chest":40,"minecraft:ladder":14,"minecraft:azalea":1,"minecraft:spruce_slab":15,"minecraft:end_stone_bricks":2,"minecraft:basalt":130,"minecraft:beef":4,"minecraft:stone_brick_stairs":1,"minecraft:scaffolding":3,"minecraft:quartz":7,"minecraft:netherrack":695,"minecraft:lectern":1,"minecraft:firework_rocket":111,"minecraft:egg":1,"minecraft:enchanted_book":2,"minecraft:water_bucket":1,"minecraft:stone_hoe":1,"minecraft:iron_ingot":88,"minecraft:wheat_seeds":28,"minecraft:golden_helmet":1,"minecraft:minecart":1,"minecraft:diamond_leggings":1,"minecraft:oak_fence":1,"minecraft:mangrove_propagule":1,"minecraft:purpur_slab":1,"minecraft:iron_helmet":1,"minecraft:cobblestone":182,"minecraft:book":4,"minecraft:granite":73,"minecraft:spruce_button":56,"minecraft:copper_ingot":2,"minecraft:chainmail_helmet":1,"minecraft:stick":96,"minecraft:diorite":56,"minecraft:nether_gold_ore":2,"minecraft:golden_carrot":40,"minecraft:diamond_helmet":2,"minecraft:iron_leggings":1,"minecraft:iron_axe":3,"minecraft:chainmail_leggings":13,"minecraft:paper":18,"minecraft:string":40,"minecraft:spruce_sapling":3,"minecraft:polished_diorite":35,"minecraft:purpur_pillar":3,"minecraft:soul_soil":1,"minecraft:stone_sword":1,"minecraft:raw_copper":11,"minecraft:tuff":7,"minecraft:stone_shovel":12,"minecraft:light_gray_wool":1,"minecraft:iron_boots":1,"minecraft:shulker_box":3,"minecraft:copper_ore":2,"minecraft:diamond_sword":3,"minecraft:potato":3,"minecraft:stone":349,"minecraft:shield":2,"minecraft:diamond_chestplate":3,"minecraft:spruce_trapdoor":1,"minecraft:spruce_planks":362,"minecraft:diamond_pickaxe":2,"minecraft:andesite":1,"minecraft:mossy_stone_bricks":3,"minecraft:golden_leggings":1,"minecraft:oak_sapling":1,"minecraft:redstone_torch":5,"minecraft:spider_eye":3,"minecraft:stone_bricks":42,"minecraft:spruce_log":386,"minecraft:diamond_boots":2,"minecraft:bow":15,"minecraft:stone_pickaxe":1,"minecraft:brick":100},"minecraft:broken":{"minecraft:iron_shovel":2,"minecraft:shield":1},"minecraft:killed":{"minecraft:witch":3,"minecraft:spider":29,"minecraft:shulker":29,"minecraft:wither":1,"minecraft:skeleton":37,"minecraft:silverfish":1,"minecraft:pig":2,"minecraft:zombie_villager":3,"minecraft:iron_golem":3,"minecraft:ender_dragon":1,"minecraft:creeper":67,"minecraft:sheep":6,"minecraft:zombie":116,"minecraft:ghast":2,"minecraft:blaze":49,"minecraft:cow":31,"minecraft:armadillo":1,"minecraft:phantom":12,"minecraft:drowned":1,"minecraft:wither_skeleton":5,"minecraft:enderman":4},"minecraft:picked_up":{"minecraft:shulker_shell":12,"minecraft:wheat":28,"minecraft:iron_chestplate":1,"minecraft:ender_chest":10,"minecraft:nether_brick_fence":35,"minecraft:smithing_table":1,"minecraft:diamond_sword":4,"minecraft:enchanted_book":9,"minecraft:brewing_stand":2,"minecraft:string":38,"minecraft:soul_soil":1,"minecraft:diamond_leggings":3,"minecraft:cobbled_deepslate":91,"minecraft:spruce_planks":450,"minecraft:redstone_torch":3,"minecraft:ender_eye":14,"minecraft:azalea":1,"minecraft:melon_slice":82,"minecraft:iron_boots":3,"minecraft:furnace":2,"minecraft:golden_helmet":2,"minecraft:stick":117,"minecraft:oak_fence":1,"minecraft:torch":119,"minecraft:purpur_pillar":3,"minecraft:porkchop":3,"minecraft:diorite":129,"minecraft:quartz_block":65,"minecraft:nether_gold_ore":5,"minecraft:rotten_flesh":80,"minecraft:iron_block":1,"minecraft:carved_pumpkin":2,"minecraft:bookshelf":7,"minecraft:mangrove_roots":1,"minecraft:blaze_rod":31,"minecraft:obsidian":55,"minecraft:snowball":71,"minecraft:cobblestone":1053,"minecraft:magma_cream":4,"minecraft:andesite":32,"minecraft:water_bucket":5,"minecraft:jungle_log":16,"minecraft:beacon":1,"minecraft:potato":349,"minecraft:flint":2,"minecraft:tuff":7,"minecraft:lapis_lazuli":21,"minecraft:dirt":2564,"minecraft:name_tag":4,"minecraft:bone":49,"minecraft:bow":18,"minecraft:wheat_seeds":129,"minecraft:raw_gold":28,"minecraft:mossy_stone_bricks":4,"minecraft:diamond_helmet":5,"minecraft:bamboo":1,"minecraft:powered_rail":3,"minecraft:oak_planks":35,"minecraft:chiseled_polished_blackstone":16,"minecraft:poisonous_potato":3,"minecraft:grass_block":2,"minecraft:barrel":1,"minecraft:shulker_box":9,"minecraft:quartz_bricks":2,"minecraft:dispenser":5,"minecraft:clay":4,"minecraft:diamond":26,"minecraft:deepslate":5,"minecraft:spruce_boat":5,"minecraft:nether_star":1,"minecraft:granite":78,"minecraft:chainmail_helmet":1,"minecraft:spruce_sign":2,"minecraft:emerald":109,"minecraft:bread":21,"minecraft:oak_sapling":1,"minecraft:netherrack":1540,"minecraft:diamond_pickaxe":3,"minecraft:end_stone_bricks":4,"minecraft:crafting_table":20,"minecraft:brown_mushroom":31,"minecraft:dragon_head":2,"minecraft:chain":5,"minecraft:purpur_block":5,"minecraft:shield":2,"minecraft:cornflower":1,"minecraft:elytra":3,"minecraft:moss_carpet":3,"minecraft:iron_axe":2,"minecraft:quartz_slab":92,"minecraft:iron_shovel":1,"minecraft:blackstone":528,"minecraft:cracked_stone_bricks":3,"minecraft:beef":36,"minecraft:quartz_stairs":9,"minecraft:observer":5,"minecraft:poppy":3,"minecraft:light_gray_wool":1,"minecraft:spruce_slab":30,"minecraft:minecart":19,"minecraft:lectern":167,"minecraft:blue_shulker_box":4,"minecraft:sugar_cane":323,"minecraft:chest":41,"minecraft:birch_sapling":2,"minecraft:copper_ore":2,"minecraft:spruce_trapdoor":2,"minecraft:phantom_membrane":3,"minecraft:egg":12,"minecraft:raw_iron":102,"minecraft:end_stone":3,"minecraft:stone":862,"minecraft:polished_blackstone_bricks":38,"minecraft:quartz_pillar":6,"minecraft:cookie":128,"minecraft:carrot":43,"minecraft:redstone":50,"minecraft:arrow":91,"minecraft:diamond_chestplate":5,"minecraft:nether_bricks":28,"minecraft:diamond_boots":3,"minecraft:purpur_slab":1,"minecraft:hay_block":28,"minecraft:gold_ingot":64,"minecraft:polished_blackstone":2,"minecraft:white_shulker_box":6,"minecraft:glow_berries":1,"minecraft:mutton":8,"minecraft:rail":322,"minecraft:white_wool":3,"minecraft:jungle_boat":4,"minecraft:basalt":144,"minecraft:golden_carrot":123,"minecraft:glow_ink_sac":4,"minecraft:leather":57,"minecraft:purpur_stairs":1,"minecraft:oak_log":28,"minecraft:gunpowder":143,"minecraft:stone_bricks":73,"minecraft:spruce_wood":25,"minecraft:iron_ingot":4,"minecraft:soul_sand":38,"minecraft:book":42,"minecraft:scaffolding":3,"minecraft:pumpkin":5,"minecraft:chiseled_stone_bricks":18,"minecraft:quartz":61,"minecraft:dandelion":7,"minecraft:raw_iron_block":1,"minecraft:gravel":51,"minecraft:spruce_sapling":140,"minecraft:white_bed":4,"minecraft:spruce_log":2244,"minecraft:spider_eye":23,"minecraft:dragon_egg":1,"minecraft:coal_ore":32,"minecraft:firework_rocket":52,"minecraft:diamond_shovel":1,"minecraft:purple_glazed_terracotta":14,"minecraft:polished_diorite":41,"minecraft:chainmail_leggings":1,"minecraft:iron_helmet":1,"minecraft:diamond_axe":3,"minecraft:damaged_anvil":1,"minecraft:mangrove_propagule":1,"minecraft:coal":30,"minecraft:ender_pearl":22},"minecraft:custom":{"minecraft:animals_bred":11,"minecraft:interact_with_crafting_table":148,"minecraft:open_barrel":96,"minecraft:open_shulker_box":36,"minecraft:leave_game":4,"minecraft:time_since_death":1059344,"minecraft:sprint_one_cm":3104992,"minecraft:damage_blocked_by_shield":4792,"minecraft:drop":372,"minecraft:talked_to_villager":805,"minecraft:play_time":1246584,"minecraft:deaths":5,"minecraft:jump":19919,"minecraft:interact_with_brewingstand":1,"minecraft:walk_on_water_one_cm":131322,"minecraft:enchant_item":8,"minecraft:interact_with_furnace":76,"minecraft:traded_with_villager":1645,"minecraft:sleep_in_bed":30,"minecraft:open_enderchest":10,"minecraft:damage_dealt":55184,"minecraft:interact_with_beacon":5,"minecraft:crouch_one_cm":395198,"minecraft:interact_with_smithing_table":3,"minecraft:inspect_dispenser":47,"minecraft:horse_one_cm":83612,"minecraft:interact_with_smoker":6,"minecraft:use_cauldron":14,"minecraft:interact_with_anvil":27,"minecraft:mob_kills":409,"minecraft:inspect_hopper":8,"minecraft:climb_one_cm":24753,"minecraft:walk_one_cm":3511995,"minecraft:sneak_time":90723,"minecraft:walk_under_water_one_cm":152389,"minecraft:boat_one_cm":668159,"minecraft:interact_with_blast_furnace":10,"minecraft:total_world_time":1246584,"minecraft:interact_with_grindstone":2,"minecraft:interact_with_stonecutter":12,"minecraft:time_since_rest":7700,"minecraft:damage_absorbed":40,"minecraft:damage_taken":12690,"minecraft:swim_one_cm":119364,"minecraft:fly_one_cm":4275103,"minecraft:open_chest":889,"minecraft:aviate_one_cm":13896862,"minecraft:fall_one_cm":452203},"minecraft:crafted":{"minecraft:brick":100,"minecraft:oak_planks":112,"minecraft:cobblestone_slab":126,"minecraft:quartz_bricks":1,"minecraft:blaze_powder":22,"minecraft:chain":36,"minecraft:purple_glazed_terracotta":7,"minecraft:lightning_rod":1,"minecraft:stone":251,"minecraft:lever":1,"minecraft:bookshelf":8,"minecraft:quartz_pillar":108,"minecraft:shulker_box":6,"minecraft:quartz_block":108,"minecraft:glass":12,"minecraft:hopper":12,"minecraft:repeater":23,"minecraft:bow":14,"minecraft:diamond_leggings":1,"minecraft:iron_boots":1,"minecraft:beacon":1,"minecraft:polished_blackstone":117,"minecraft:comparator":1,"minecraft:chest":134,"minecraft:chiseled_stone_bricks":48,"minecraft:rail":32,"minecraft:stone_hoe":1,"minecraft:ender_eye":17,"minecraft:white_shulker_box":1,"minecraft:item_frame":18,"minecraft:quartz_stairs":19,"minecraft:emerald":1274,"minecraft:arrow":64,"minecraft:soul_campfire":9,"minecraft:diamond_axe":1,"minecraft:crafting_table":15,"minecraft:spruce_planks":7640,"minecraft:jungle_boat":1,"minecraft:wooden_pickaxe":1,"minecraft:iron_helmet":2,"minecraft:smithing_table":2,"minecraft:fletching_table":1,"minecraft:hay_block":11,"minecraft:brewing_stand":1,"minecraft:campfire":9,"minecraft:dispenser":11,"minecraft:stone_brick_stairs":8,"minecraft:spruce_trapdoor":28,"minecraft:lectern":3,"minecraft:iron_chestplate":1,"minecraft:paper":162,"minecraft:diamond_pickaxe":1,"minecraft:charcoal":173,"minecraft:shield":3,"minecraft:stick":6525,"minecraft:iron_pickaxe":1,"minecraft:iron_ingot":53,"minecraft:iron_block":9,"minecraft:stone_sword":1,"minecraft:polished_blackstone_brick_stairs":8,"minecraft:light_gray_dye":1,"minecraft:redstone_torch":55,"minecraft:polished_blackstone_bricks":1,"minecraft:spruce_fence_gate":9,"minecraft:golden_carrot":66,"minecraft:redstone":20,"minecraft:raw_iron":9,"minecraft:stone_shovel":12,"minecraft:iron_nugget":72,"minecraft:spruce_button":64,"minecraft:furnace":2,"minecraft:blue_shulker_box":1,"minecraft:spruce_fence":51,"minecraft:spruce_stairs":12,"minecraft:polished_diorite":36,"minecraft:iron_axe":1,"minecraft:spruce_wood":24,"minecraft:ladder":87,"minecraft:spruce_slab":2928,"minecraft:red_shulker_box":1,"minecraft:stone_pickaxe":1,"minecraft:quartz_slab":60,"minecraft:diamond_boots":1,"minecraft:spruce_boat":2,"minecraft:minecart":2,"minecraft:observer":10,"minecraft:wheat":351,"minecraft:red_dye":1,"minecraft:diamond_sword":1,"minecraft:spruce_sign":3,"minecraft:iron_sword":1,"minecraft:bucket":12,"minecraft:stone_axe":12,"minecraft:glowstone":17,"minecraft:enchanted_book":21,"minecraft:air":0,"minecraft:bread":85,"minecraft:jungle_planks":64,"minecraft:blue_dye":1,"minecraft:white_dye":1,"minecraft:stonecutter":1,"minecraft:iron_shovel":1,"minecraft:iron_leggings":1,"minecraft:anvil":3,"minecraft:white_bed":1,"minecraft:torch":940,"minecraft:lapis_lazuli":12,"minecraft:diamond_chestplate":2,"minecraft:firework_rocket":582,"minecraft:ender_chest":1},"minecraft:killed_by":{"minecraft:blaze":1,"minecraft:zombie":1,"minecraft:skeleton":1},"minecraft:mined":{"minecraft:dragon_wall_head":1,"minecraft:spruce_planks":233,"minecraft:white_bed":4,"minecraft:cobblestone_stairs":1,"minecraft:jungle_leaves":7,"minecraft:brewing_stand":3,"minecraft:obsidian":60,"minecraft:spruce_trapdoor":2,"minecraft:granite":160,"minecraft:chiseled_polished_blackstone":19,"minecraft:grass_block":2251,"minecraft:jungle_log":16,"minecraft:purpur_slab":1,"minecraft:polished_diorite":7,"minecraft:chiseled_stone_bricks":20,"minecraft:polished_blackstone_bricks":44,"minecraft:raw_iron_block":1,"minecraft:glowstone":5,"minecraft:iron_ore":46,"minecraft:barrel":1,"minecraft:cobbled_deepslate":16,"minecraft:fire":24,"minecraft:dragon_head":1,"minecraft:pumpkin":5,"minecraft:deepslate_lapis_ore":4,"minecraft:dirt_path":1,"minecraft:quartz_slab":15,"minecraft:spruce_wood":24,"minecraft:white_shulker_box":6,"minecraft:iron_block":1,"minecraft:end_stone_bricks":7,"minecraft:spruce_slab":142,"minecraft:deepslate_redstone_ore":11,"minecraft:brown_mushroom":32,"minecraft:blackstone":507,"minecraft:soul_fire":2,"minecraft:purpur_stairs":1,"minecraft:clay":4,"minecraft:torch":28,"minecraft:melon":18,"minecraft:beacon":1,"minecraft:chest":30,"minecraft:spruce_wall_sign":2,"minecraft:nether_quartz_ore":23,"minecraft:cobblestone":620,"minecraft:damaged_anvil":1,"minecraft:oak_planks":1,"minecraft:sugar_cane":170,"minecraft:wall_torch":10,"minecraft:chain":5,"minecraft:powered_rail":4,"minecraft:wheat":28,"minecraft:purpur_block":5,"minecraft:oak_log":28,"minecraft:dirt":4236,"minecraft:purple_glazed_terracotta":14,"minecraft:blue_shulker_box":4,"minecraft:dispenser":2,"minecraft:netherrack":2549,"minecraft:deepslate":57,"minecraft:oak_leaves":13,"minecraft:nether_gold_ore":4,"minecraft:tuff":3,"minecraft:quartz_stairs":10,"minecraft:deepslate_diamond_ore":26,"minecraft:mangrove_roots":1,"minecraft:end_stone":3,"minecraft:shulker_box":8,"minecraft:nether_bricks":33,"minecraft:redstone_wire":1,"minecraft:spruce_leaves":54,"minecraft:hay_block":28,"minecraft:spruce_sapling":1,"minecraft:furnace":2,"minecraft:carrots":11,"minecraft:snow":72,"minecraft:andesite":149,"minecraft:nether_brick_fence":27,"minecraft:bookshelf":12,"minecraft:potatoes":94,"minecraft:deepslate_iron_ore":61,"minecraft:vine":5,"minecraft:rail":189,"minecraft:stone":3686,"minecraft:ender_chest":10,"minecraft:redstone_wall_torch":2,"minecraft:podzol":321,"minecraft:smithing_table":1,"minecraft:flowering_azalea":1,"minecraft:soul_sand":43,"minecraft:infested_stone_bricks":1,"minecraft:basalt":256,"minecraft:observer":5,"minecraft:crafting_table":20,"minecraft:short_grass":155,"minecraft:campfire":9,"minecraft:lectern":165,"minecraft:copper_ore":17,"minecraft:purpur_pillar":4,"minecraft:tall_grass":3,"minecraft:quartz_bricks":2,"minecraft:deepslate_gold_ore":20,"minecraft:diorite":123,"minecraft:redstone_torch":1,"minecraft:spruce_log":2178,"minecraft:mangrove_leaves":4,"minecraft:coal_ore":81,"minecraft:gravel":47,"minecraft:dripstone_block":1,"minecraft:cobweb":5,"minecraft:cracked_stone_bricks":3,"minecraft:polished_blackstone":2,"minecraft:stone_bricks":40,"minecraft:mossy_stone_bricks":4,"minecraft:gold_ore":8,"minecraft:fern":18},"minecraft:used":{"minecraft:moss_carpet":3,"minecraft:nether_brick_fence":16,"minecraft:iron_shovel":507,"minecraft:polished_blackstone":16,"minecraft:dispenser":13,"minecraft:spruce_slab":2731,"minecraft:ladder":73,"minecraft:shield":62,"minecraft:chest":109,"minecraft:stone":20,"minecraft:iron_sword":158,"minecraft:white_shulker_box":6,"minecraft:quartz_stairs":23,"minecraft:soul_campfire":9,"minecraft:soul_sand":6,"minecraft:jungle_planks":3,"minecraft:nether_bricks":28,"minecraft:carrot":67,"minecraft:snowball":41,"minecraft:obsidian":39,"minecraft:spruce_boat":7,"minecraft:lava_bucket":18,"minecraft:quartz_slab":148,"minecraft:quartz_pillar":4,"minecraft:spruce_wood":25,"minecraft:grass_block":2,"minecraft:iron_helmet":1,"minecraft:stone_brick_stairs":7,"minecraft:stone_bricks":31,"minecraft:item_frame":16,"minecraft:repeater":23,"minecraft:bow":534,"minecraft:blue_shulker_box":4,"minecraft:furnace":4,"minecraft:egg":11,"minecraft:potato":173,"minecraft:dragon_head":2,"minecraft:chiseled_polished_blackstone":144,"minecraft:diorite":11,"minecraft:mossy_stone_bricks":1,"minecraft:diamond_boots":1,"minecraft:stone_pickaxe":71,"minecraft:powered_rail":5,"minecraft:oak_planks":4,"minecraft:ender_pearl":16,"minecraft:wooden_pickaxe":5,"minecraft:diamond_axe":2818,"minecraft:jungle_boat":4,"minecraft:cookie":3,"minecraft:golden_apple":1,"minecraft:lightning_rod":1,"minecraft:redstone_torch":4,"minecraft:lever":1,"minecraft:firework_rocket":504,"minecraft:melon_slice":34,"minecraft:string":1,"minecraft:bread":69,"minecraft:lectern":169,"minecraft:diamond_sword":585,"minecraft:chain":25,"minecraft:smithing_table":3,"minecraft:andesite":5,"minecraft:stone_sword":81,"minecraft:stone_shovel":68,"minecraft:redstone":5,"minecraft:spruce_planks":1527,"minecraft:ender_chest":10,"minecraft:stone_hoe":28,"minecraft:netherrack":219,"minecraft:torch":1076,"minecraft:brewing_stand":3,"minecraft:dirt":1047,"minecraft:anvil":3,"minecraft:hopper":12,"minecraft:spruce_stairs":3,"minecraft:shulker_box":10,"minecraft:granite":4,"minecraft:spruce_fence":39,"minecraft:polished_diorite":10,"minecraft:stone_brick_slab":8,"minecraft:bookshelf":12,"minecraft:iron_axe":6,"minecraft:spruce_button":8,"minecraft:polished_blackstone_brick_stairs":5,"minecraft:glowstone":20,"minecraft:basalt":14,"minecraft:golden_carrot":127,"minecraft:minecart":8,"minecraft:observer":15,"minecraft:cobbled_deepslate":22,"minecraft:wheat_seeds":28,"minecraft:quartz_bricks":1,"minecraft:water_bucket":104,"minecraft:baked_potato":21,"minecraft:purple_glazed_terracotta":14,"minecraft:spruce_sign":14,"minecraft:stonecutter":1,"minecraft:beacon":2,"minecraft:cobblestone_slab":126,"minecraft:fletching_table":1,"minecraft:spruce_fence_gate":8,"minecraft:polished_blackstone_bricks":420,"minecraft:cracked_stone_bricks":3,"minecraft:rail":259,"minecraft:comparator":1,"minecraft:crafting_table":29,"minecraft:white_bed":5,"minecraft:campfire":9,"minecraft:spruce_log":30,"minecraft:ender_eye":29,"minecraft:diamond_pickaxe":8864,"minecraft:diamond_shovel":6338,"minecraft:iron_pickaxe":93,"minecraft:spruce_trapdoor":23,"minecraft:spruce_sapling":133,"minecraft:chiseled_stone_bricks":40,"minecraft:golden_leggings":1,"minecraft:enchanted_book":3,"minecraft:stone_axe":82,"minecraft:cobblestone":86,"minecraft:bucket":131}},"DataVersion":3953}