{"stats":{"minecraft:picked_up":{"minecraft:shulker_shell":2,"minecraft:iron_chestplate":1,"minecraft:nether_brick_fence":35,"minecraft:ender_chest":1,"minecraft:diamond_sword":4,"minecraft:enchanted_book":2,"minecraft:brewing_stand":2,"minecraft:string":31,"minecraft:soul_soil":1,"minecraft:diamond_leggings":2,"minecraft:cobbled_deepslate":76,"minecraft:spruce_planks":53,"minecraft:redstone_torch":1,"minecraft:azalea":1,"minecraft:ender_eye":14,"minecraft:melon_slice":82,"minecraft:furnace":2,"minecraft:iron_boots":3,"minecraft:golden_helmet":2,"minecraft:stick":68,"minecraft:oak_fence":1,"minecraft:torch":28,"minecraft:porkchop":3,"minecraft:diorite":83,"minecraft:nether_gold_ore":3,"minecraft:rotten_flesh":63,"minecraft:carved_pumpkin":2,"minecraft:mangrove_roots":1,"minecraft:bookshelf":7,"minecraft:blaze_rod":31,"minecraft:obsidian":42,"minecraft:snowball":71,"minecraft:cobblestone":383,"minecraft:magma_cream":4,"minecraft:andesite":6,"minecraft:water_bucket":3,"minecraft:jungle_log":16,"minecraft:potato":347,"minecraft:flint":2,"minecraft:tuff":6,"minecraft:lapis_lazuli":21,"minecraft:dirt":498,"minecraft:name_tag":4,"minecraft:bone":43,"minecraft:bow":5,"minecraft:wheat_seeds":26,"minecraft:raw_gold":28,"minecraft:mossy_stone_bricks":4,"minecraft:diamond_helmet":4,"minecraft:bamboo":1,"minecraft:powered_rail":3,"minecraft:poisonous_potato":3,"minecraft:grass_block":2,"minecraft:shulker_box":2,"minecraft:barrel":1,"minecraft:clay":4,"minecraft:deepslate":5,"minecraft:diamond":26,"minecraft:spruce_boat":5,"minecraft:granite":1,"minecraft:spruce_sign":2,"minecraft:emerald":63,"minecraft:chainmail_helmet":1,"minecraft:bread":21,"minecraft:oak_sapling":1,"minecraft:netherrack":436,"minecraft:diamond_pickaxe":3,"minecraft:end_stone_bricks":2,"minecraft:crafting_table":15,"minecraft:brown_mushroom":31,"minecraft:dragon_head":1,"minecraft:shield":2,"minecraft:moss_carpet":3,"minecraft:elytra":2,"minecraft:iron_axe":2,"minecraft:iron_shovel":1,"minecraft:cracked_stone_bricks":3,"minecraft:beef":32,"minecraft:poppy":2,"minecraft:minecart":13,"minecraft:lectern":157,"minecraft:sugar_cane":109,"minecraft:birch_sapling":2,"minecraft:spruce_trapdoor":2,"minecraft:phantom_membrane":1,"minecraft:egg":11,"minecraft:raw_iron":102,"minecraft:end_stone":3,"minecraft:stone":1,"minecraft:cookie":128,"minecraft:carrot":42,"minecraft:redstone":49,"minecraft:arrow":87,"minecraft:diamond_chestplate":4,"minecraft:nether_bricks":28,"minecraft:diamond_boots":3,"minecraft:hay_block":28,"minecraft:gold_ingot":64,"minecraft:glow_berries":1,"minecraft:mutton":5,"minecraft:rail":249,"minecraft:white_wool":3,"minecraft:jungle_boat":4,"minecraft:basalt":6,"minecraft:golden_carrot":122,"minecraft:glow_ink_sac":4,"minecraft:leather":14,"minecraft:oak_log":28,"minecraft:gunpowder":76,"minecraft:stone_bricks":8,"minecraft:iron_ingot":4,"minecraft:soul_sand":24,"minecraft:book":27,"minecraft:scaffolding":3,"minecraft:pumpkin":5,"minecraft:quartz":7,"minecraft:raw_iron_block":1,"minecraft:gravel":39,"minecraft:spruce_sapling":82,"minecraft:white_bed":3,"minecraft:spruce_log":1441,"minecraft:dragon_egg":1,"minecraft:spider_eye":14,"minecraft:firework_rocket":52,"minecraft:diamond_shovel":1,"minecraft:polished_diorite":3,"minecraft:chainmail_leggings":1,"minecraft:iron_helmet":1,"minecraft:diamond_axe":3,"minecraft:mangrove_propagule":1,"minecraft:coal":30,"minecraft:ender_pearl":20},"minecraft:used":{"minecraft:moss_carpet":3,"minecraft:nether_brick_fence":16,"minecraft:iron_shovel":507,"minecraft:spruce_slab":86,"minecraft:chest":4,"minecraft:shield":62,"minecraft:iron_sword":158,"minecraft:soul_sand":2,"minecraft:jungle_planks":3,"minecraft:nether_bricks":28,"minecraft:carrot":67,"minecraft:snowball":41,"minecraft:obsidian":23,"minecraft:spruce_boat":7,"minecraft:lava_bucket":11,"minecraft:grass_block":2,"minecraft:iron_helmet":1,"minecraft:stone_bricks":2,"minecraft:bow":324,"minecraft:furnace":4,"minecraft:egg":10,"minecraft:potato":173,"minecraft:mossy_stone_bricks":1,"minecraft:diamond_boots":1,"minecraft:stone_pickaxe":71,"minecraft:powered_rail":2,"minecraft:oak_planks":4,"minecraft:ender_pearl":4,"minecraft:wooden_pickaxe":5,"minecraft:diamond_axe":1588,"minecraft:jungle_boat":4,"minecraft:cookie":3,"minecraft:golden_apple":1,"minecraft:redstone_torch":1,"minecraft:firework_rocket":172,"minecraft:melon_slice":34,"minecraft:string":1,"minecraft:bread":69,"minecraft:lectern":158,"minecraft:diamond_sword":395,"minecraft:andesite":5,"minecraft:stone_sword":81,"minecraft:stone_shovel":68,"minecraft:spruce_planks":791,"minecraft:ender_chest":1,"minecraft:stone_hoe":28,"minecraft:netherrack":65,"minecraft:torch":861,"minecraft:brewing_stand":3,"minecraft:dirt":245,"minecraft:anvil":1,"minecraft:shulker_box":2,"minecraft:granite":1,"minecraft:polished_diorite":4,"minecraft:stone_brick_slab":8,"minecraft:bookshelf":8,"minecraft:iron_axe":6,"minecraft:glowstone":20,"minecraft:basalt":6,"minecraft:golden_carrot":46,"minecraft:minecart":7,"minecraft:cobbled_deepslate":22,"minecraft:water_bucket":23,"minecraft:baked_potato":21,"minecraft:spruce_sign":14,"minecraft:fletching_table":1,"minecraft:spruce_fence_gate":8,"minecraft:cobblestone_slab":126,"minecraft:cracked_stone_bricks":3,"minecraft:rail":187,"minecraft:crafting_table":21,"minecraft:white_bed":4,"minecraft:spruce_log":6,"minecraft:ender_eye":29,"minecraft:diamond_pickaxe":1480,"minecraft:iron_pickaxe":93,"minecraft:spruce_trapdoor":23,"minecraft:spruce_sapling":77,"minecraft:golden_leggings":1,"minecraft:enchanted_book":1,"minecraft:stone_axe":82,"minecraft:cobblestone":85,"minecraft:bucket":31},"minecraft:dropped":{"minecraft:clay":4,"minecraft:iron_sword":1,"minecraft:soul_sand":2,"minecraft:diamond_axe":1,"minecraft:baked_potato":3,"minecraft:glow_ink_sac":4,"minecraft:glow_berries":1,"minecraft:elytra":1,"minecraft:rail":35,"minecraft:emerald":120,"minecraft:dirt":7,"minecraft:snowball":30,"minecraft:bone":1,"minecraft:stone_axe":1,"minecraft:mangrove_roots":1,"minecraft:iron_nugget":8,"minecraft:golden_chestplate":1,"minecraft:birch_sapling":2,"minecraft:obsidian":1,"minecraft:rotten_flesh":7,"minecraft:oak_planks":18,"minecraft:poppy":2,"minecraft:gunpowder":2,"minecraft:azalea":1,"minecraft:chest":2,"minecraft:spruce_slab":2,"minecraft:scaffolding":3,"minecraft:quartz":7,"minecraft:lectern":1,"minecraft:firework_rocket":1,"minecraft:egg":1,"minecraft:water_bucket":1,"minecraft:stone_hoe":1,"minecraft:iron_ingot":20,"minecraft:wheat_seeds":21,"minecraft:golden_helmet":1,"minecraft:diamond_leggings":1,"minecraft:mangrove_propagule":1,"minecraft:oak_fence":1,"minecraft:iron_helmet":1,"minecraft:cobblestone":2,"minecraft:chainmail_helmet":1,"minecraft:stick":70,"minecraft:diorite":21,"minecraft:golden_carrot":33,"minecraft:diamond_helmet":2,"minecraft:iron_axe":3,"minecraft:chainmail_leggings":13,"minecraft:paper":18,"minecraft:string":3,"minecraft:spruce_sapling":1,"minecraft:polished_diorite":3,"minecraft:soul_soil":1,"minecraft:stone_sword":1,"minecraft:tuff":6,"minecraft:stone_shovel":2,"minecraft:iron_boots":1,"minecraft:diamond_sword":3,"minecraft:potato":1,"minecraft:shield":2,"minecraft:diamond_chestplate":3,"minecraft:spruce_trapdoor":1,"minecraft:spruce_planks":69,"minecraft:diamond_pickaxe":2,"minecraft:andesite":1,"minecraft:mossy_stone_bricks":3,"minecraft:golden_leggings":1,"minecraft:oak_sapling":1,"minecraft:spider_eye":3,"minecraft:stone_bricks":5,"minecraft:spruce_log":353,"minecraft:diamond_boots":2,"minecraft:bow":2,"minecraft:stone_pickaxe":1},"minecraft:custom":{"minecraft:interact_with_crafting_table":80,"minecraft:open_barrel":56,"minecraft:open_shulker_box":12,"minecraft:leave_game":3,"minecraft:time_since_death":484111,"minecraft:sprint_one_cm":1767132,"minecraft:damage_blocked_by_shield":4792,"minecraft:drop":158,"minecraft:talked_to_villager":445,"minecraft:play_time":671351,"minecraft:deaths":5,"minecraft:jump":13609,"minecraft:interact_with_brewingstand":1,"minecraft:walk_on_water_one_cm":86310,"minecraft:enchant_item":8,"minecraft:interact_with_furnace":31,"minecraft:traded_with_villager":417,"minecraft:sleep_in_bed":12,"minecraft:open_enderchest":1,"minecraft:damage_dealt":39528,"minecraft:crouch_one_cm":94446,"minecraft:inspect_dispenser":6,"minecraft:interact_with_smoker":3,"minecraft:horse_one_cm":83612,"minecraft:use_cauldron":8,"minecraft:interact_with_anvil":10,"minecraft:mob_kills":259,"minecraft:inspect_hopper":5,"minecraft:climb_one_cm":15220,"minecraft:walk_one_cm":1686578,"minecraft:sneak_time":28844,"minecraft:walk_under_water_one_cm":94522,"minecraft:boat_one_cm":668159,"minecraft:interact_with_blast_furnace":6,"minecraft:total_world_time":671351,"minecraft:time_since_rest":74027,"minecraft:damage_absorbed":40,"minecraft:damage_taken":8019,"minecraft:swim_one_cm":119039,"minecraft:fly_one_cm":3143975,"minecraft:open_chest":364,"minecraft:aviate_one_cm":5615851,"minecraft:fall_one_cm":324601},"minecraft:broken":{"minecraft:iron_shovel":2,"minecraft:shield":1},"minecraft:mined":{"minecraft:dragon_wall_head":1,"minecraft:spruce_planks":49,"minecraft:white_bed":3,"minecraft:jungle_leaves":7,"minecraft:brewing_stand":3,"minecraft:obsidian":42,"minecraft:spruce_trapdoor":2,"minecraft:granite":4,"minecraft:grass_block":265,"minecraft:jungle_log":16,"minecraft:polished_diorite":1,"minecraft:raw_iron_block":1,"minecraft:cobbled_deepslate":16,"minecraft:iron_ore":42,"minecraft:fire":24,"minecraft:barrel":1,"minecraft:pumpkin":5,"minecraft:deepslate_lapis_ore":4,"minecraft:dirt_path":1,"minecraft:end_stone_bricks":2,"minecraft:deepslate_redstone_ore":11,"minecraft:brown_mushroom":32,"minecraft:soul_fire":2,"minecraft:clay":4,"minecraft:torch":6,"minecraft:melon":18,"minecraft:chest":1,"minecraft:spruce_wall_sign":2,"minecraft:cobblestone":5,"minecraft:sugar_cane":56,"minecraft:wall_torch":9,"minecraft:powered_rail":3,"minecraft:oak_log":28,"minecraft:dirt":229,"minecraft:netherrack":460,"minecraft:oak_leaves":13,"minecraft:deepslate":56,"minecraft:nether_gold_ore":3,"minecraft:tuff":3,"minecraft:deepslate_diamond_ore":26,"minecraft:mangrove_roots":1,"minecraft:shulker_box":2,"minecraft:end_stone":3,"minecraft:nether_bricks":33,"minecraft:spruce_leaves":48,"minecraft:hay_block":28,"minecraft:spruce_sapling":1,"minecraft:furnace":2,"minecraft:carrots":11,"minecraft:snow":72,"minecraft:andesite":26,"minecraft:nether_brick_fence":27,"minecraft:bookshelf":8,"minecraft:potatoes":94,"minecraft:deepslate_iron_ore":61,"minecraft:vine":5,"minecraft:rail":135,"minecraft:stone":475,"minecraft:ender_chest":1,"minecraft:flowering_azalea":1,"minecraft:soul_sand":27,"minecraft:infested_stone_bricks":1,"minecraft:basalt":6,"minecraft:crafting_table":15,"minecraft:short_grass":112,"minecraft:lectern":155,"minecraft:tall_grass":3,"minecraft:deepslate_gold_ore":20,"minecraft:diorite":91,"minecraft:redstone_torch":1,"minecraft:spruce_log":1358,"minecraft:mangrove_leaves":4,"minecraft:coal_ore":31,"minecraft:gravel":44,"minecraft:dripstone_block":1,"minecraft:cobweb":5,"minecraft:cracked_stone_bricks":3,"minecraft:stone_bricks":10,"minecraft:mossy_stone_bricks":4,"minecraft:gold_ore":8,"minecraft:fern":18},"minecraft:killed_by":{"minecraft:blaze":1,"minecraft:zombie":1,"minecraft:skeleton":1},"minecraft:killed":{"minecraft:spider":20,"minecraft:shulker":10,"minecraft:skeleton":26,"minecraft:silverfish":1,"minecraft:pig":2,"minecraft:zombie_villager":3,"minecraft:iron_golem":3,"minecraft:ender_dragon":1,"minecraft:creeper":34,"minecraft:sheep":4,"minecraft:zombie":72,"minecraft:ghast":2,"minecraft:cow":15,"minecraft:blaze":49,"minecraft:armadillo":1,"minecraft:phantom":2,"minecraft:drowned":1,"minecraft:wither_skeleton":5,"minecraft:enderman":2},"minecraft:crafted":{"minecraft:oak_planks":112,"minecraft:cobblestone_slab":126,"minecraft:blaze_powder":22,"minecraft:bookshelf":3,"minecraft:shulker_box":1,"minecraft:bow":2,"minecraft:diamond_leggings":1,"minecraft:iron_boots":1,"minecraft:chest":7,"minecraft:rail":32,"minecraft:stone_hoe":1,"minecraft:ender_eye":17,"minecraft:emerald":357,"minecraft:arrow":64,"minecraft:diamond_axe":1,"minecraft:crafting_table":10,"minecraft:spruce_planks":4228,"minecraft:jungle_boat":1,"minecraft:wooden_pickaxe":1,"minecraft:iron_helmet":2,"minecraft:fletching_table":1,"minecraft:hay_block":11,"minecraft:brewing_stand":1,"minecraft:spruce_trapdoor":28,"minecraft:lectern":2,"minecraft:iron_chestplate":1,"minecraft:paper":87,"minecraft:diamond_pickaxe":1,"minecraft:charcoal":173,"minecraft:shield":3,"minecraft:stick":5893,"minecraft:iron_ingot":44,"minecraft:iron_pickaxe":1,"minecraft:iron_block":3,"minecraft:stone_sword":1,"minecraft:spruce_fence_gate":9,"minecraft:golden_carrot":12,"minecraft:redstone":20,"minecraft:raw_iron":9,"minecraft:stone_shovel":2,"minecraft:furnace":2,"minecraft:polished_diorite":4,"minecraft:iron_axe":1,"minecraft:spruce_slab":96,"minecraft:stone_pickaxe":1,"minecraft:diamond_boots":1,"minecraft:spruce_boat":2,"minecraft:minecart":1,"minecraft:wheat":351,"minecraft:diamond_sword":1,"minecraft:spruce_sign":3,"minecraft:iron_sword":1,"minecraft:bucket":1,"minecraft:stone_axe":1,"minecraft:glowstone":17,"minecraft:enchanted_book":10,"minecraft:air":0,"minecraft:bread":85,"minecraft:jungle_planks":64,"minecraft:iron_shovel":1,"minecraft:iron_leggings":1,"minecraft:anvil":1,"minecraft:white_bed":1,"minecraft:torch":812,"minecraft:lapis_lazuli":12,"minecraft:diamond_chestplate":2,"minecraft:firework_rocket":225,"minecraft:ender_chest":1}},"DataVersion":3953}