{"stats":{"minecraft:crafted":{"minecraft:cooked_porkchop":7,"minecraft:crafting_table":2,"minecraft:stick":8,"minecraft:wooden_pickaxe":1,"minecraft:stone_pickaxe":1,"minecraft:furnace":1,"minecraft:white_bed":1,"minecraft:torch":8,"minecraft:stone_axe":1,"minecraft:air":0,"minecraft:jungle_planks":28,"minecraft:smoker":1},"minecraft:used":{"minecraft:oak_log":1,"minecraft:stone_pickaxe":68,"minecraft:wooden_pickaxe":20,"minecraft:stone_axe":64,"minecraft:torch":2,"minecraft:crafting_table":2,"minecraft:cooked_porkchop":1,"minecraft:white_bed":1,"minecraft:smoker":1},"minecraft:custom":{"minecraft:time_since_rest":4350,"minecraft:sprint_one_cm":33955,"minecraft:damage_taken":10,"minecraft:walk_one_cm":22349,"minecraft:mob_kills":9,"minecraft:damage_dealt":800,"minecraft:swim_one_cm":6049,"minecraft:interact_with_crafting_table":6,"minecraft:fly_one_cm":37257,"minecraft:play_time":16826,"minecraft:sneak_time":480,"minecraft:walk_under_water_one_cm":307,"minecraft:jump":180,"minecraft:leave_game":1,"minecraft:walk_on_water_one_cm":539,"minecraft:time_since_death":16826,"minecraft:sleep_in_bed":1,"minecraft:climb_one_cm":2005,"minecraft:total_world_time":16826,"minecraft:interact_with_smoker":4,"minecraft:fall_one_cm":4309},"minecraft:killed":{"minecraft:sheep":5,"minecraft:pig":4},"minecraft:picked_up":{"minecraft:cocoa_beans":10,"minecraft:stick":1,"minecraft:crafting_table":1,"minecraft:pumpkin":9,"minecraft:jungle_log":47,"minecraft:smoker":1,"minecraft:porkchop":7,"minecraft:oak_log":5,"minecraft:white_bed":1,"minecraft:jungle_sapling":2,"minecraft:oak_sapling":1,"minecraft:black_wool":1,"minecraft:mutton":9,"minecraft:cobblestone":33,"minecraft:coal":105,"minecraft:white_wool":4},"minecraft:mined":{"minecraft:white_bed":1,"minecraft:smoker":1,"minecraft:pumpkin":9,"minecraft:crafting_table":1,"minecraft:oak_log":5,"minecraft:coal_ore":54,"minecraft:cocoa":4,"minecraft:jungle_log":47,"minecraft:stone":33,"minecraft:oak_leaves":5}},"DataVersion":3953}