{"stats":{"minecraft:crafted":{"minecraft:cooked_porkchop":7,"minecraft:crafting_table":2,"minecraft:stick":8,"minecraft:wooden_pickaxe":1,"minecraft:stone_pickaxe":1,"minecraft:furnace":1,"minecraft:white_bed":1,"minecraft:torch":8,"minecraft:stone_axe":1,"minecraft:air":0,"minecraft:jungle_planks":28,"minecraft:smoker":1},"minecraft:used":{"minecraft:oak_log":1,"minecraft:stone_pickaxe":68,"minecraft:wooden_pickaxe":20,"minecraft:stone_axe":127,"minecraft:torch":7,"minecraft:crafting_table":2,"minecraft:cooked_porkchop":3,"minecraft:white_bed":3,"minecraft:smoker":1},"minecraft:custom":{"minecraft:time_since_rest":10230,"minecraft:sprint_one_cm":98536,"minecraft:damage_taken":10,"minecraft:walk_one_cm":37352,"minecraft:mob_kills":15,"minecraft:damage_dealt":1220,"minecraft:swim_one_cm":10781,"minecraft:interact_with_crafting_table":6,"minecraft:fly_one_cm":165762,"minecraft:play_time":34414,"minecraft:sneak_time":481,"minecraft:walk_under_water_one_cm":615,"minecraft:jump":625,"minecraft:leave_game":1,"minecraft:time_since_death":34414,"minecraft:walk_on_water_one_cm":3654,"minecraft:sleep_in_bed":2,"minecraft:total_world_time":34414,"minecraft:climb_one_cm":4313,"minecraft:interact_with_smoker":4,"minecraft:fall_one_cm":19530},"minecraft:broken":{"minecraft:stone_axe":1},"minecraft:killed":{"minecraft:sheep":5,"minecraft:pig":5,"minecraft:chicken":3,"minecraft:cow":2},"minecraft:picked_up":{"minecraft:birch_log":5,"minecraft:cocoa_beans":19,"minecraft:stick":5,"minecraft:crafting_table":1,"minecraft:chicken":3,"minecraft:feather":4,"minecraft:pumpkin":9,"minecraft:jungle_log":69,"minecraft:leather":3,"minecraft:torch":5,"minecraft:acacia_log":7,"minecraft:smoker":1,"minecraft:porkchop":8,"minecraft:oak_log":5,"minecraft:white_bed":3,"minecraft:beef":2,"minecraft:sugar_cane":15,"minecraft:acacia_sapling":1,"minecraft:jungle_sapling":5,"minecraft:oak_sapling":2,"minecraft:cobblestone":33,"minecraft:black_wool":1,"minecraft:mutton":9,"minecraft:coal":105,"minecraft:white_wool":4,"minecraft:egg":2},"minecraft:mined":{"minecraft:acacia_leaves":2,"minecraft:white_bed":3,"minecraft:birch_log":5,"minecraft:smoker":1,"minecraft:jungle_leaves":5,"minecraft:pumpkin":9,"minecraft:crafting_table":1,"minecraft:torch":5,"minecraft:short_grass":2,"minecraft:acacia_log":8,"minecraft:oak_log":5,"minecraft:coal_ore":54,"minecraft:cocoa":7,"minecraft:jungle_log":69,"minecraft:sugar_cane":7,"minecraft:stone":33,"minecraft:oak_leaves":7}},"DataVersion":3953}