{"stats":{"minecraft:crafted":{"minecraft:torch":8,"minecraft:stone_axe":1,"minecraft:crafting_table":1,"minecraft:stick":8,"minecraft:stone_pickaxe":1,"minecraft:wooden_pickaxe":1,"minecraft:jungle_planks":28},"minecraft:used":{"minecraft:torch":2,"minecraft:crafting_table":1,"minecraft:stone_pickaxe":49,"minecraft:wooden_pickaxe":20},"minecraft:custom":{"minecraft:time_since_rest":5751,"minecraft:play_time":5751,"minecraft:sprint_one_cm":5670,"minecraft:walk_one_cm":9751,"minecraft:sneak_time":1,"minecraft:jump":54,"minecraft:time_since_death":5751,"minecraft:total_world_time":5751,"minecraft:climb_one_cm":72,"minecraft:interact_with_crafting_table":3,"minecraft:fall_one_cm":1219,"minecraft:fly_one_cm":6260},"minecraft:picked_up":{"minecraft:jungle_log":7,"minecraft:oak_log":4,"minecraft:coal":36,"minecraft:cobblestone":33},"minecraft:mined":{"minecraft:coal_ore":36,"minecraft:oak_log":4,"minecraft:jungle_log":7,"minecraft:stone":33,"minecraft:oak_leaves":2}},"DataVersion":3953}