{"stats":{"minecraft:crafted":{"minecraft:smooth_stone":3,"minecraft:oak_planks":388,"minecraft:oak_sign":3,"minecraft:barrel":1,"minecraft:birch_wood":3,"minecraft:blaze_powder":2,"minecraft:birch_boat":1,"minecraft:lightning_rod":3,"minecraft:stone":81,"minecraft:diamond_shovel":5,"minecraft:bookshelf":19,"minecraft:spruce_pressure_plate":26,"minecraft:cooked_mutton":4,"minecraft:glass":216,"minecraft:hopper":12,"minecraft:stone_brick_slab":8,"minecraft:diamond_leggings":7,"minecraft:diamond_helmet":5,"minecraft:bow":6,"minecraft:iron_boots":11,"minecraft:chest":40,"minecraft:rail":80,"minecraft:stone_bricks":48,"minecraft:name_tag":2,"minecraft:raw_iron_block":22,"minecraft:smoker":1,"minecraft:glass_bottle":6,"minecraft:emerald":1155,"minecraft:arrow":672,"minecraft:cauldron":4,"minecraft:cooked_porkchop":3,"minecraft:diamond_axe":5,"minecraft:crafting_table":27,"minecraft:spruce_planks":7060,"minecraft:iron_helmet":1,"minecraft:wooden_pickaxe":5,"minecraft:baked_potato":109,"minecraft:spruce_door":3,"minecraft:raw_gold_block":8,"minecraft:smithing_table":1,"minecraft:copper_ingot":14,"minecraft:fletching_table":3,"minecraft:birch_planks":12,"minecraft:dispenser":1,"minecraft:apple":4,"minecraft:spruce_trapdoor":50,"minecraft:lectern":11,"minecraft:iron_chestplate":1,"minecraft:book":22,"minecraft:paper":102,"minecraft:charcoal":111,"minecraft:diamond_pickaxe":5,"minecraft:shield":5,"minecraft:stick":10523,"minecraft:iron_ingot":205,"minecraft:iron_pickaxe":2,"minecraft:iron_block":3,"minecraft:gold_ingot":119,"minecraft:redstone_torch":17,"minecraft:composter":5,"minecraft:golden_carrot":171,"minecraft:shears":2,"minecraft:cookie":324,"minecraft:oak_door":3,"minecraft:raw_iron":198,"minecraft:spruce_button":12,"minecraft:furnace":4,"minecraft:blast_furnace":1,"minecraft:bone_meal":174,"minecraft:oak_trapdoor":10,"minecraft:glass_pane":336,"minecraft:scaffolding":42,"minecraft:lantern":24,"minecraft:spruce_stairs":12,"minecraft:iron_axe":11,"minecraft:ladder":33,"minecraft:spruce_slab":288,"minecraft:iron_hoe":2,"minecraft:ender_pearl":24,"minecraft:stone_pickaxe":13,"minecraft:chiseled_bookshelf":8,"minecraft:diamond_boots":7,"minecraft:spruce_boat":17,"minecraft:dark_oak_planks":4,"minecraft:golden_helmet":3,"minecraft:chainmail_leggings":12,"minecraft:minecart":4,"minecraft:wheat":810,"minecraft:cooked_beef":31,"minecraft:sugar":2,"minecraft:crossbow":5,"minecraft:diamond_sword":4,"minecraft:spruce_sign":27,"minecraft:enchanting_table":1,"minecraft:powered_rail":12,"minecraft:iron_sword":1,"minecraft:mangrove_planks":4,"minecraft:bucket":6,"minecraft:stone_axe":1,"minecraft:glowstone":3,"minecraft:enchanted_book":26,"minecraft:air":0,"minecraft:bread":257,"minecraft:jungle_planks":88,"minecraft:golden_apple":7,"minecraft:white_dye":6,"minecraft:raw_gold":72,"minecraft:fermented_spider_eye":2,"minecraft:wooden_axe":3,"minecraft:iron_shovel":4,"minecraft:stonecutter":1,"minecraft:anvil":1,"minecraft:white_bed":18,"minecraft:acacia_planks":4,"minecraft:torch":484,"minecraft:firework_rocket":63,"minecraft:diamond_chestplate":5},"minecraft:used":{"minecraft:iron_shovel":337,"minecraft:elytra":1,"minecraft:dispenser":1,"minecraft:spruce_slab":170,"minecraft:ladder":33,"minecraft:poppy":18,"minecraft:oak_sign":4,"minecraft:shield":189,"minecraft:chest":39,"minecraft:white_terracotta":3,"minecraft:iron_sword":222,"minecraft:nether_wart":20,"minecraft:rotten_flesh":34,"minecraft:iron_chestplate":1,"minecraft:mutton":10,"minecraft:soul_sand":24,"minecraft:jungle_planks":3,"minecraft:nether_bricks":6,"minecraft:carrot":467,"minecraft:obsidian":12,"minecraft:spruce_boat":70,"minecraft:glass":13,"minecraft:lava_bucket":4,"minecraft:lantern":20,"minecraft:stone_bricks":73,"minecraft:magma_block":2,"minecraft:bow":115,"minecraft:scaffolding":161,"minecraft:oak_sapling":26,"minecraft:furnace":10,"minecraft:egg":1,"minecraft:potato":272,"minecraft:diorite":2,"minecraft:diamond_boots":1,"minecraft:spruce_door":4,"minecraft:oak_planks":191,"minecraft:stone_pickaxe":131,"minecraft:powered_rail":16,"minecraft:mangrove_planks":1,"minecraft:blackstone":11,"minecraft:wooden_pickaxe":78,"minecraft:composter":10,"minecraft:sugar_cane":36,"minecraft:diamond_axe":2788,"minecraft:jungle_boat":7,"minecraft:cookie":90,"minecraft:sand":7,"minecraft:blast_furnace":10,"minecraft:crossbow":3,"minecraft:shears":2,"minecraft:lightning_rod":2,"minecraft:redstone_torch":15,"minecraft:firework_rocket":3,"minecraft:melon_slice":117,"minecraft:bread":247,"minecraft:lectern":425,"minecraft:gravel":27,"minecraft:golden_helmet":1,"minecraft:diamond_sword":677,"minecraft:wooden_sword":96,"minecraft:grindstone":4,"minecraft:smithing_table":5,"minecraft:andesite":4,"minecraft:bone_meal":98,"minecraft:oak_trapdoor":11,"minecraft:enchanting_table":1,"minecraft:flint_and_steel":1,"minecraft:spruce_planks":1237,"minecraft:netherrack":104,"minecraft:oak_door":6,"minecraft:torch":565,"minecraft:dirt":455,"minecraft:brewing_stand":3,"minecraft:anvil":1,"minecraft:hopper":20,"minecraft:spruce_stairs":11,"minecraft:diamond_helmet":1,"minecraft:golden_chestplate":1,"minecraft:golden_shovel":33,"minecraft:granite":20,"minecraft:polished_diorite":1,"minecraft:iron_hoe":265,"minecraft:wooden_axe":106,"minecraft:bookshelf":8,"minecraft:iron_axe":240,"minecraft:muddy_mangrove_roots":1,"minecraft:oak_stairs":2,"minecraft:spruce_button":1,"minecraft:barrel":11,"minecraft:golden_carrot":24,"minecraft:bamboo":44,"minecraft:diamond_chestplate":2,"minecraft:basalt":56,"minecraft:beef":2,"minecraft:minecart":19,"minecraft:cooked_beef":31,"minecraft:cobbled_deepslate":5,"minecraft:pumpkin":2,"minecraft:pointed_dripstone":4,"minecraft:wheat_seeds":39,"minecraft:cooked_mutton":3,"minecraft:water_bucket":75,"minecraft:chiseled_bookshelf":5,"minecraft:glass_bottle":6,"minecraft:baked_potato":86,"minecraft:birch_boat":1,"minecraft:spruce_sign":1,"minecraft:cauldron":4,"minecraft:fletching_table":6,"minecraft:stonecutter":1,"minecraft:rail":723,"minecraft:crafting_table":40,"minecraft:oak_slab":1,"minecraft:white_bed":27,"minecraft:spruce_log":9,"minecraft:smoker":2,"minecraft:ender_eye":2,"minecraft:diamond_pickaxe":1810,"minecraft:diamond_shovel":2453,"minecraft:iron_pickaxe":475,"minecraft:mangrove_propagule":1,"minecraft:suspicious_stew":3,"minecraft:spruce_trapdoor":41,"minecraft:spruce_sapling":135,"minecraft:stone_axe":5,"minecraft:enchanted_book":17,"minecraft:fishing_rod":1,"minecraft:cobblestone":129,"minecraft:cooked_porkchop":3,"minecraft:bucket":91,"minecraft:glass_pane":297,"minecraft:diamond_leggings":2,"minecraft:kelp":71,"minecraft:splash_potion":6},"minecraft:custom":{"minecraft:animals_bred":16,"minecraft:interact_with_crafting_table":241,"minecraft:open_barrel":319,"minecraft:open_shulker_box":4,"minecraft:leave_game":13,"minecraft:time_since_death":10251,"minecraft:sprint_one_cm":4672554,"minecraft:damage_blocked_by_shield":12183,"minecraft:drop":233,"minecraft:talked_to_villager":1018,"minecraft:play_time":1668865,"minecraft:deaths":11,"minecraft:jump":28017,"minecraft:interact_with_brewingstand":19,"minecraft:walk_on_water_one_cm":157286,"minecraft:enchant_item":3,"minecraft:interact_with_furnace":168,"minecraft:traded_with_villager":1471,"minecraft:sleep_in_bed":63,"minecraft:damage_dealt":57634,"minecraft:crouch_one_cm":64711,"minecraft:interact_with_smoker":28,"minecraft:use_cauldron":7,"minecraft:inspect_dispenser":29,"minecraft:horse_one_cm":237417,"minecraft:interact_with_smithing_table":3,"minecraft:interact_with_anvil":16,"minecraft:mob_kills":353,"minecraft:inspect_hopper":8,"minecraft:climb_one_cm":119617,"minecraft:walk_one_cm":3197198,"minecraft:sneak_time":19542,"minecraft:walk_under_water_one_cm":180315,"minecraft:boat_one_cm":2932285,"minecraft:interact_with_blast_furnace":92,"minecraft:total_world_time":1668865,"minecraft:interact_with_stonecutter":1,"minecraft:interact_with_grindstone":4,"minecraft:time_since_rest":10299,"minecraft:damage_taken":17063,"minecraft:minecart_one_cm":30214,"minecraft:swim_one_cm":464095,"minecraft:fly_one_cm":7492133,"minecraft:open_chest":920,"minecraft:aviate_one_cm":88257,"minecraft:fish_caught":1,"minecraft:fall_one_cm":755357},"minecraft:broken":{"minecraft:iron_shovel":1,"minecraft:golden_shovel":1,"minecraft:stone_pickaxe":1,"minecraft:wooden_sword":1,"minecraft:wooden_axe":1,"minecraft:golden_chestplate":1,"minecraft:iron_hoe":1,"minecraft:shield":4,"minecraft:diamond_axe":1,"minecraft:iron_pickaxe":1},"minecraft:dropped":{"minecraft:iron_sword":2,"minecraft:diamond_axe":2,"minecraft:baked_potato":3,"minecraft:ender_pearl":12,"minecraft:cookie":192,"minecraft:lantern":6,"minecraft:leather":1,"minecraft:rail":179,"minecraft:emerald":3,"minecraft:mutton":1,"minecraft:gold_nugget":1,"minecraft:bone_meal":72,"minecraft:iron_pickaxe":1,"minecraft:white_wool":2,"minecraft:gold_ingot":68,"minecraft:bone":2,"minecraft:gravel":3,"minecraft:mangrove_roots":3,"minecraft:cobbled_deepslate":3,"minecraft:rotten_flesh":7,"minecraft:diamond_shovel":2,"minecraft:light_gray_carpet":1,"minecraft:nether_brick_fence":10,"minecraft:carrot":19,"minecraft:leather_boots":1,"minecraft:ladder":33,"minecraft:leather_leggings":1,"minecraft:arrow":165,"minecraft:quartz":7,"minecraft:enchanted_book":2,"minecraft:lectern":2,"minecraft:iron_ingot":3,"minecraft:water_bucket":2,"minecraft:bread":75,"minecraft:wheat_seeds":73,"minecraft:golden_helmet":4,"minecraft:golden_horse_armor":1,"minecraft:bookshelf":1,"minecraft:dripstone_block":1,"minecraft:book":3,"minecraft:diamond_leggings":10,"minecraft:mangrove_propagule":1,"minecraft:oak_fence":1,"minecraft:cobblestone":143,"minecraft:apple":1,"minecraft:stick":7,"minecraft:oxeye_daisy":2,"minecraft:lava_bucket":1,"minecraft:golden_carrot":66,"minecraft:torch":12,"minecraft:diamond_helmet":6,"minecraft:iron_axe":1,"minecraft:iron_shovel":2,"minecraft:paper":5,"minecraft:string":3,"minecraft:dandelion":3,"minecraft:moss_carpet":1,"minecraft:blaze_rod":12,"minecraft:white_carpet":4,"minecraft:name_tag":4,"minecraft:lightning_rod":1,"minecraft:diamond_sword":3,"minecraft:potato":216,"minecraft:diamond_chestplate":4,"minecraft:diamond_pickaxe":4,"minecraft:oak_sapling":13,"minecraft:carved_pumpkin":1,"minecraft:diamond_boots":6,"minecraft:bow":3,"minecraft:stone_pickaxe":12},"minecraft:killed_by":{"minecraft:creeper":2,"minecraft:zombie":4,"minecraft:iron_golem":1,"minecraft:ender_dragon":1,"minecraft:skeleton":2},"minecraft:killed":{"minecraft:cave_spider":1,"minecraft:witch":1,"minecraft:spider":43,"minecraft:skeleton":53,"minecraft:chicken":2,"minecraft:silverfish":15,"minecraft:magma_cube":19,"minecraft:pig":6,"minecraft:zombie_villager":2,"minecraft:salmon":4,"minecraft:iron_golem":7,"minecraft:creeper":14,"minecraft:sheep":11,"minecraft:zombie":107,"minecraft:ghast":1,"minecraft:blaze":10,"minecraft:cow":26,"minecraft:armadillo":1,"minecraft:phantom":2,"minecraft:drowned":2,"minecraft:rabbit":2,"minecraft:wandering_trader":1,"minecraft:squid":1,"minecraft:wither_skeleton":14,"minecraft:villager":1,"minecraft:enderman":2},"minecraft:picked_up":{"minecraft:wheat":54,"minecraft:lead":2,"minecraft:nether_brick_fence":10,"minecraft:smithing_table":4,"minecraft:diamond_sword":4,"minecraft:oak_stairs":2,"minecraft:enchanted_book":12,"minecraft:brewing_stand":7,"minecraft:string":61,"minecraft:raw_copper":39,"minecraft:iron_leggings":1,"minecraft:oak_sign":2,"minecraft:beetroot":1,"minecraft:diamond_leggings":8,"minecraft:cobbled_deepslate":61,"minecraft:bucket":3,"minecraft:spruce_planks":339,"minecraft:redstone_torch":16,"minecraft:ender_eye":2,"minecraft:melon_slice":404,"minecraft:mangrove_log":1,"minecraft:iron_boots":8,"minecraft:furnace":9,"minecraft:golden_helmet":2,"minecraft:spruce_pressure_plate":26,"minecraft:stick":179,"minecraft:composter":4,"minecraft:oak_fence":7,"minecraft:torch":164,"minecraft:spruce_stairs":6,"minecraft:porkchop":12,"minecraft:lightning_rod":1,"minecraft:pointed_dripstone":37,"minecraft:diorite":34,"minecraft:golden_chestplate":1,"minecraft:rabbit_foot":1,"minecraft:rotten_flesh":157,"minecraft:tropical_fish":1,"minecraft:armadillo_scute":2,"minecraft:carved_pumpkin":2,"minecraft:bookshelf":1,"minecraft:mangrove_roots":7,"minecraft:white_terracotta":3,"minecraft:blaze_rod":24,"minecraft:snowball":2,"minecraft:obsidian":6,"minecraft:cobblestone":877,"minecraft:birch_log":7,"minecraft:magma_block":2,"minecraft:muddy_mangrove_roots":1,"minecraft:feather":1,"minecraft:magma_cream":1,"minecraft:andesite":10,"minecraft:jungle_log":24,"minecraft:smoker":1,"minecraft:potato":1374,"minecraft:flint":7,"minecraft:wither_skeleton_skull":3,"minecraft:lapis_lazuli":224,"minecraft:dirt":1186,"minecraft:lantern":16,"minecraft:name_tag":6,"minecraft:leather_boots":2,"minecraft:glass":71,"minecraft:bone":114,"minecraft:bow":8,"minecraft:wheat_seeds":202,"minecraft:raw_gold":113,"minecraft:bell":1,"minecraft:grindstone":5,"minecraft:fletching_table":3,"minecraft:rabbit":2,"minecraft:diamond_helmet":6,"minecraft:glowstone_dust":1,"minecraft:bamboo":381,"minecraft:powered_rail":15,"minecraft:oak_planks":417,"minecraft:music_disc_13":1,"minecraft:poisonous_potato":10,"minecraft:sand":515,"minecraft:ink_sac":2,"minecraft:grass_block":2,"minecraft:dark_oak_log":1,"minecraft:barrel":10,"minecraft:mossy_cobblestone":5,"minecraft:diamond":23,"minecraft:spruce_boat":60,"minecraft:granite":24,"minecraft:bone_meal":10,"minecraft:emerald":146,"minecraft:spruce_sign":2,"minecraft:golden_horse_armor":1,"minecraft:bread":98,"minecraft:oak_sapling":45,"minecraft:light_gray_carpet":1,"minecraft:netherrack":108,"minecraft:diamond_pickaxe":5,"minecraft:mud":19,"minecraft:cocoa_beans":15,"minecraft:crafting_table":18,"minecraft:azure_bluet":10,"minecraft:chicken":4,"minecraft:ladder":98,"minecraft:nether_wart":40,"minecraft:leather_leggings":1,"minecraft:brown_mushroom":33,"minecraft:wooden_pickaxe":6,"minecraft:gold_block":2,"minecraft:shield":1,"minecraft:elytra":1,"minecraft:cornflower":5,"minecraft:oak_trapdoor":2,"minecraft:moss_carpet":1,"minecraft:iron_axe":1,"minecraft:wooden_sword":5,"minecraft:flint_and_steel":1,"minecraft:white_carpet":4,"minecraft:blackstone":11,"minecraft:glass_pane":52,"minecraft:beef":46,"minecraft:jungle_sapling":1,"minecraft:iron_nugget":3,"minecraft:poppy":166,"minecraft:light_gray_wool":3,"minecraft:spruce_slab":32,"minecraft:minecart":49,"minecraft:lectern":417,"minecraft:sugar_cane":269,"minecraft:chest":14,"minecraft:spruce_trapdoor":10,"minecraft:phantom_membrane":5,"minecraft:egg":23,"minecraft:dark_oak_sapling":1,"minecraft:raw_iron":211,"minecraft:stone":3,"minecraft:oak_door":5,"minecraft:carrot":1487,"minecraft:redstone":110,"minecraft:iron_horse_armor":3,"minecraft:arrow":214,"minecraft:diamond_chestplate":3,"minecraft:beetroot_seeds":8,"minecraft:nether_bricks":7,"minecraft:shears":1,"minecraft:diamond_boots":4,"minecraft:hay_block":203,"minecraft:saddle":4,"minecraft:gold_ingot":91,"minecraft:mutton":22,"minecraft:bone_block":6,"minecraft:rail":964,"minecraft:white_wool":93,"minecraft:oxeye_daisy":4,"minecraft:jungle_boat":6,"minecraft:basalt":72,"minecraft:salmon":4,"minecraft:leather":23,"minecraft:acacia_wood":1,"minecraft:oak_log":113,"minecraft:lily_pad":7,"minecraft:yellow_bed":1,"minecraft:golden_boots":1,"minecraft:gunpowder":32,"minecraft:paper":5,"minecraft:apple":8,"minecraft:stone_bricks":29,"minecraft:kelp":278,"minecraft:rabbit_hide":2,"minecraft:iron_ingot":101,"minecraft:stone_pickaxe":1,"minecraft:mangrove_planks":3,"minecraft:iron_sword":2,"minecraft:acacia_sapling":6,"minecraft:soul_sand":47,"minecraft:book":24,"minecraft:scaffolding":157,"minecraft:oak_slab":1,"minecraft:birch_boat":1,"minecraft:pumpkin":44,"minecraft:quartz":7,"minecraft:dandelion":40,"minecraft:dripstone_block":1,"minecraft:gravel":51,"minecraft:amethyst_shard":16,"minecraft:spruce_sapling":158,"minecraft:blast_furnace":9,"minecraft:white_bed":10,"minecraft:spruce_log":2331,"minecraft:spruce_door":2,"minecraft:spider_eye":10,"minecraft:pumpkin_seeds":8,"minecraft:diamond_shovel":2,"minecraft:polished_diorite":1,"minecraft:diamond_axe":3,"minecraft:baked_potato":34,"minecraft:melon_seeds":1,"minecraft:black_wool":8,"minecraft:mangrove_propagule":2,"minecraft:coal":262,"minecraft:hopper":7,"minecraft:ender_pearl":8},"minecraft:mined":{"minecraft:large_amethyst_bud":1,"minecraft:spruce_planks":222,"minecraft:white_bed":10,"minecraft:oak_sapling":3,"minecraft:farmland":2,"minecraft:jungle_leaves":14,"minecraft:brewing_stand":4,"minecraft:carved_pumpkin":2,"minecraft:obsidian":5,"minecraft:spruce_trapdoor":13,"minecraft:granite":40,"minecraft:grass_block":651,"minecraft:jungle_log":25,"minecraft:oak_pressure_plate":1,"minecraft:soul_soil":1,"minecraft:composter":6,"minecraft:hopper":8,"minecraft:oxeye_daisy":2,"minecraft:oak_wall_sign":1,"minecraft:nether_wart":20,"minecraft:spawner":2,"minecraft:tall_seagrass":3,"minecraft:magma_block":2,"minecraft:iron_ore":51,"minecraft:barrel":10,"minecraft:fire":4,"minecraft:pumpkin":38,"minecraft:deepslate_lapis_ore":15,"minecraft:fletching_table":3,"minecraft:azure_bluet":6,"minecraft:pointed_dripstone":12,"minecraft:oak_sign":1,"minecraft:dirt_path":15,"minecraft:oak_stairs":2,"minecraft:spruce_slab":18,"minecraft:tripwire":2,"minecraft:deepslate_redstone_ore":13,"minecraft:brown_mushroom":1,"minecraft:kelp_plant":24,"minecraft:medium_amethyst_bud":1,"minecraft:smoker":1,"minecraft:soul_fire":1,"minecraft:amethyst_cluster":2,"minecraft:torch":125,"minecraft:blast_furnace":9,"minecraft:melon":79,"minecraft:poppy":4,"minecraft:chest":10,"minecraft:spruce_wall_sign":1,"minecraft:glass":3,"minecraft:nether_quartz_ore":1,"minecraft:cobblestone":40,"minecraft:oak_planks":92,"minecraft:sugar_cane":132,"minecraft:grindstone":4,"minecraft:wall_torch":23,"minecraft:amethyst_block":4,"minecraft:seagrass":5,"minecraft:white_terracotta":5,"minecraft:acacia_sapling":2,"minecraft:powered_rail":11,"minecraft:mud":2,"minecraft:birch_log":7,"minecraft:wheat":55,"minecraft:oak_log":116,"minecraft:beetroots":4,"minecraft:sand":135,"minecraft:dirt":260,"minecraft:mangrove_log":1,"minecraft:netherrack":89,"minecraft:oak_leaves":70,"minecraft:deepslate":61,"minecraft:diamond_ore":2,"minecraft:tuff":1,"minecraft:dark_oak_leaves":54,"minecraft:mossy_cobblestone":4,"minecraft:deepslate_diamond_ore":21,"minecraft:oak_door":5,"minecraft:dark_oak_log":1,"minecraft:mangrove_roots":2,"minecraft:end_stone":18,"minecraft:nether_bricks":7,"minecraft:ladder":32,"minecraft:chiseled_bookshelf":1,"minecraft:spruce_leaves":175,"minecraft:kelp":16,"minecraft:mangrove_propagule":3,"minecraft:hay_block":139,"minecraft:oak_trapdoor":2,"minecraft:spruce_sapling":4,"minecraft:furnace":9,"minecraft:carrots":331,"minecraft:acacia_wood":1,"minecraft:andesite":26,"minecraft:gold_block":2,"minecraft:bell":1,"minecraft:bookshelf":8,"minecraft:potatoes":315,"minecraft:deepslate_iron_ore":89,"minecraft:vine":6,"minecraft:rail":695,"minecraft:lantern":2,"minecraft:packed_ice":3,"minecraft:bamboo_sapling":1,"minecraft:bamboo":35,"minecraft:stone":589,"minecraft:bone_block":4,"minecraft:redstone_wall_torch":6,"minecraft:smithing_table":4,"minecraft:oak_slab":1,"minecraft:light_gray_carpet":1,"minecraft:scaffolding":22,"minecraft:glass_pane":4,"minecraft:soul_sand":7,"minecraft:basalt":77,"minecraft:dandelion":15,"minecraft:oak_fence":4,"minecraft:crafting_table":16,"minecraft:cornflower":3,"minecraft:short_grass":762,"minecraft:lectern":416,"minecraft:lightning_rod":2,"minecraft:copper_ore":7,"minecraft:tall_grass":77,"minecraft:lapis_ore":2,"minecraft:deepslate_gold_ore":75,"minecraft:diorite":46,"minecraft:spruce_stairs":3,"minecraft:redstone_torch":6,"minecraft:white_carpet":2,"minecraft:ice":4,"minecraft:spruce_log":1999,"minecraft:birch_leaves":1,"minecraft:mangrove_leaves":5,"minecraft:yellow_bed":1,"minecraft:coal_ore":195,"minecraft:cocoa":9,"minecraft:gravel":38,"minecraft:dripstone_block":4,"minecraft:cobweb":1,"minecraft:stone_bricks":25,"minecraft:fern":5}},"DataVersion":3953}