{"stats":{"minecraft:mined":{"minecraft:jungle_leaves":11,"minecraft:dark_oak_log":1,"minecraft:dandelion":2,"minecraft:crafting_table":1,"minecraft:short_grass":8,"minecraft:grass_block":3,"minecraft:melon":67,"minecraft:jungle_log":22,"minecraft:tall_grass":2,"minecraft:sugar_cane":6,"minecraft:coal_ore":8,"minecraft:pointed_dripstone":10,"minecraft:oak_log":18,"minecraft:vine":2,"minecraft:cocoa":8,"minecraft:dirt":2,"minecraft:bamboo":7,"minecraft:stone":16,"minecraft:oak_leaves":6,"minecraft:fern":4},"minecraft:crafted":{"minecraft:oak_planks":8,"minecraft:crafting_table":3,"minecraft:wooden_pickaxe":2,"minecraft:furnace":1,"minecraft:stone_axe":1,"minecraft:cooked_mutton":3,"minecraft:air":0,"minecraft:jungle_planks":88,"minecraft:stick":20,"minecraft:stone_pickaxe":1,"minecraft:wooden_axe":1,"minecraft:torch":20},"minecraft:picked_up":{"minecraft:cocoa_beans":15,"minecraft:crafting_table":1,"minecraft:chicken":2,"minecraft:jungle_log":22,"minecraft:wooden_pickaxe":4,"minecraft:oak_log":18,"minecraft:dirt":29,"minecraft:wooden_sword":4,"minecraft:bone":2,"minecraft:wheat_seeds":7,"minecraft:jungle_sapling":1,"minecraft:bamboo":54,"minecraft:melon_slice":343,"minecraft:sugar_cane":18,"minecraft:egg":5,"minecraft:dandelion":12,"minecraft:porkchop":9,"minecraft:pointed_dripstone":28,"minecraft:dark_oak_log":1,"minecraft:rotten_flesh":5,"minecraft:oak_sapling":1,"minecraft:mutton":9,"minecraft:coal":8,"minecraft:white_wool":5,"minecraft:cobblestone":16},"minecraft:killed":{"minecraft:pig":4,"minecraft:sheep":5,"minecraft:zombie":3,"minecraft:chicken":1},"minecraft:dropped":{"minecraft:wheat_seeds":1},"minecraft:used":{"minecraft:cooked_mutton":2,"minecraft:wooden_pickaxe":42,"minecraft:rotten_flesh":1,"minecraft:torch":1,"minecraft:dirt":1,"minecraft:crafting_table":3,"minecraft:wooden_axe":15,"minecraft:melon_slice":51,"minecraft:bamboo":1,"minecraft:stone_axe":5,"minecraft:wooden_sword":21,"minecraft:furnace":1},"minecraft:killed_by":{"minecraft:skeleton":1,"minecraft:zombie":2},"minecraft:custom":{"minecraft:interact_with_furnace":6,"minecraft:mob_kills":13,"minecraft:interact_with_crafting_table":8,"minecraft:leave_game":1,"minecraft:time_since_death":25195,"minecraft:climb_one_cm":5641,"minecraft:time_since_rest":25228,"minecraft:sprint_one_cm":225287,"minecraft:damage_taken":1430,"minecraft:walk_one_cm":90900,"minecraft:drop":1,"minecraft:damage_dealt":1070,"minecraft:swim_one_cm":65987,"minecraft:talked_to_villager":1,"minecraft:fly_one_cm":379877,"minecraft:open_chest":2,"minecraft:play_time":80343,"minecraft:deaths":3,"minecraft:sneak_time":32,"minecraft:walk_under_water_one_cm":5483,"minecraft:jump":1575,"minecraft:walk_on_water_one_cm":23301,"minecraft:total_world_time":80343,"minecraft:fall_one_cm":40399}},"DataVersion":3953}