{"stats":{"minecraft:mined":{"minecraft:dark_oak_leaves":54,"minecraft:jungle_leaves":11,"minecraft:dark_oak_log":1,"minecraft:dandelion":2,"minecraft:crafting_table":2,"minecraft:short_grass":9,"minecraft:grass_block":9,"minecraft:melon":79,"minecraft:jungle_log":24,"minecraft:tall_grass":2,"minecraft:cobblestone":1,"minecraft:sugar_cane":12,"minecraft:seagrass":1,"minecraft:birch_log":7,"minecraft:birch_leaves":1,"minecraft:coal_ore":8,"minecraft:pointed_dripstone":12,"minecraft:oak_log":18,"minecraft:vine":4,"minecraft:cocoa":8,"minecraft:dirt":6,"minecraft:bamboo":10,"minecraft:stone":25,"minecraft:oak_leaves":6,"minecraft:tripwire":2,"minecraft:fern":4},"minecraft:crafted":{"minecraft:oak_planks":8,"minecraft:birch_wood":3,"minecraft:crafting_table":4,"minecraft:birch_boat":1,"minecraft:wooden_pickaxe":2,"minecraft:furnace":2,"minecraft:birch_planks":12,"minecraft:stone_axe":1,"minecraft:cooked_mutton":4,"minecraft:air":0,"minecraft:jungle_planks":88,"minecraft:stick":20,"minecraft:stone_pickaxe":1,"minecraft:wooden_axe":1,"minecraft:dark_oak_planks":4,"minecraft:torch":20},"minecraft:picked_up":{"minecraft:birch_log":7,"minecraft:cocoa_beans":15,"minecraft:crafting_table":2,"minecraft:chicken":2,"minecraft:jungle_log":24,"minecraft:wooden_pickaxe":4,"minecraft:oak_log":18,"minecraft:string":2,"minecraft:dirt":39,"minecraft:wooden_sword":5,"minecraft:bone":4,"minecraft:wheat_seeds":7,"minecraft:beef":2,"minecraft:jungle_sapling":1,"minecraft:bamboo":96,"minecraft:melon_slice":404,"minecraft:sugar_cane":32,"minecraft:egg":9,"minecraft:dark_oak_sapling":1,"minecraft:birch_boat":1,"minecraft:dandelion":12,"minecraft:porkchop":9,"minecraft:pointed_dripstone":37,"minecraft:dark_oak_log":1,"minecraft:rotten_flesh":6,"minecraft:oak_sapling":1,"minecraft:mutton":14,"minecraft:coal":8,"minecraft:white_wool":8,"minecraft:cobblestone":26},"minecraft:killed":{"minecraft:pig":4,"minecraft:sheep":8,"minecraft:skeleton":1,"minecraft:zombie":4,"minecraft:chicken":1,"minecraft:cow":1},"minecraft:dropped":{"minecraft:wheat_seeds":1},"minecraft:used":{"minecraft:cooked_mutton":3,"minecraft:birch_boat":1,"minecraft:wooden_pickaxe":52,"minecraft:rotten_flesh":1,"minecraft:torch":1,"minecraft:dirt":3,"minecraft:mutton":2,"minecraft:crafting_table":5,"minecraft:jungle_planks":3,"minecraft:golden_chestplate":1,"minecraft:wooden_axe":42,"minecraft:melon_slice":113,"minecraft:bamboo":1,"minecraft:stone_axe":5,"minecraft:wooden_sword":50,"minecraft:beef":2,"minecraft:furnace":2},"minecraft:killed_by":{"minecraft:skeleton":2,"minecraft:creeper":1,"minecraft:zombie":4},"minecraft:custom":{"minecraft:interact_with_furnace":8,"minecraft:mob_kills":19,"minecraft:interact_with_crafting_table":11,"minecraft:leave_game":1,"minecraft:time_since_death":15798,"minecraft:climb_one_cm":6290,"minecraft:time_since_rest":16329,"minecraft:sprint_one_cm":490929,"minecraft:damage_taken":3078,"minecraft:walk_one_cm":152125,"minecraft:drop":1,"minecraft:damage_dealt":1770,"minecraft:swim_one_cm":158725,"minecraft:talked_to_villager":1,"minecraft:fly_one_cm":776971,"minecraft:open_chest":4,"minecraft:crouch_one_cm":15,"minecraft:play_time":134343,"minecraft:deaths":7,"minecraft:sneak_time":70,"minecraft:walk_under_water_one_cm":9833,"minecraft:boat_one_cm":165322,"minecraft:jump":3086,"minecraft:walk_on_water_one_cm":46566,"minecraft:total_world_time":134343,"minecraft:inspect_dispenser":2,"minecraft:fall_one_cm":81300}},"DataVersion":3953}