{"stats":{"minecraft:dropped":{"minecraft:iron_sword":2,"minecraft:crafting_table":1,"minecraft:cookie":192,"minecraft:rail":183,"minecraft:emerald":49,"minecraft:dirt":136,"minecraft:gold_nugget":1,"minecraft:bone_meal":72,"minecraft:iron_pickaxe":1,"minecraft:white_wool":2,"minecraft:bone":3,"minecraft:cobbled_deepslate":5,"minecraft:wheat":5,"minecraft:rotten_flesh":18,"minecraft:oak_planks":4,"minecraft:light_gray_carpet":1,"minecraft:nether_brick_fence":10,"minecraft:white_bed":1,"minecraft:quartz_block":64,"minecraft:leather_boots":1,"minecraft:ladder":33,"minecraft:leather_leggings":1,"minecraft:lectern":2,"minecraft:iron_ingot":3,"minecraft:enchanted_book":8,"minecraft:wheat_seeds":77,"minecraft:golden_horse_armor":1,"minecraft:dripstone_block":1,"minecraft:oak_fence":1,"minecraft:book":3,"minecraft:cobblestone":173,"minecraft:apple":1,"minecraft:oxeye_daisy":2,"minecraft:lava_bucket":1,"minecraft:golden_carrot":66,"minecraft:diamond_helmet":9,"minecraft:paper":5,"minecraft:iron_shovel":2,"minecraft:string":3,"minecraft:moss_carpet":1,"minecraft:white_carpet":4,"minecraft:name_tag":4,"minecraft:lightning_rod":1,"minecraft:diamond_sword":4,"minecraft:potato":216,"minecraft:spruce_planks":6,"minecraft:diamond_pickaxe":4,"minecraft:carved_pumpkin":1,"minecraft:redstone_torch":1,"minecraft:bow":6,"minecraft:quartz_slab":78,"minecraft:spruce_sign":1,"minecraft:birch_planks":3,"minecraft:diamond_axe":2,"minecraft:baked_potato":3,"minecraft:ender_pearl":12,"minecraft:nether_star":1,"minecraft:lantern":6,"minecraft:leather":1,"minecraft:mutton":1,"minecraft:gold_ingot":71,"minecraft:gravel":3,"minecraft:blackstone":15,"minecraft:mangrove_roots":3,"minecraft:diamond_shovel":2,"minecraft:carrot":19,"minecraft:poppy":2,"minecraft:beetroot_seeds":6,"minecraft:melon_seeds":4,"minecraft:basalt":2,"minecraft:arrow":168,"minecraft:quartz":7,"minecraft:netherrack":448,"minecraft:water_bucket":2,"minecraft:bread":75,"minecraft:golden_helmet":4,"minecraft:minecart":1,"minecraft:bookshelf":8,"minecraft:diamond_leggings":13,"minecraft:mangrove_propagule":1,"minecraft:stick":7,"minecraft:torch":12,"minecraft:iron_axe":1,"minecraft:dandelion":5,"minecraft:blaze_rod":12,"minecraft:raw_iron":51,"minecraft:iron_hoe":2,"minecraft:shield":1,"minecraft:diamond_chestplate":7,"minecraft:oak_sapling":13,"minecraft:diamond_boots":8,"minecraft:stone_pickaxe":12},"minecraft:broken":{"minecraft:wooden_sword":1,"minecraft:iron_hoe":1,"minecraft:shield":5,"minecraft:iron_pickaxe":1,"minecraft:iron_shovel":1,"minecraft:golden_shovel":1,"minecraft:stone_pickaxe":1,"minecraft:wooden_axe":1,"minecraft:golden_chestplate":1,"minecraft:diamond_axe":1},"minecraft:killed":{"minecraft:cave_spider":1,"minecraft:skeleton":74,"minecraft:chicken":2,"minecraft:magma_cube":19,"minecraft:salmon":4,"minecraft:iron_golem":9,"minecraft:zombie":139,"minecraft:cow":26,"minecraft:rabbit":2,"minecraft:wandering_trader":1,"minecraft:enderman":2,"minecraft:witch":2,"minecraft:spider":54,"minecraft:silverfish":15,"minecraft:pig":6,"minecraft:zombie_villager":2,"minecraft:creeper":37,"minecraft:sheep":11,"minecraft:ghast":5,"minecraft:blaze":10,"minecraft:armadillo":1,"minecraft:phantom":2,"minecraft:drowned":2,"minecraft:squid":1,"minecraft:wither_skeleton":14,"minecraft:villager":1},"minecraft:picked_up":{"minecraft:chainmail_boots":1,"minecraft:diamond_sword":8,"minecraft:smithing_table":4,"minecraft:lead":2,"minecraft:oak_stairs":2,"minecraft:enchanted_book":16,"minecraft:brewing_stand":8,"minecraft:string":119,"minecraft:soul_soil":5,"minecraft:beetroot":1,"minecraft:diamond_leggings":13,"minecraft:gold_nugget":858,"minecraft:cobbled_deepslate":188,"minecraft:spruce_planks":437,"minecraft:melon_slice":491,"minecraft:mangrove_log":1,"minecraft:golden_helmet":3,"minecraft:spruce_pressure_plate":26,"minecraft:composter":4,"minecraft:big_dripleaf":14,"minecraft:lightning_rod":1,"minecraft:golden_chestplate":1,"minecraft:rabbit_foot":1,"minecraft:tropical_fish":1,"minecraft:polished_basalt":1,"minecraft:iron_block":4,"minecraft:armadillo_scute":2,"minecraft:carved_pumpkin":2,"minecraft:glowstone":3,"minecraft:bookshelf":3,"minecraft:white_terracotta":4,"minecraft:blaze_rod":24,"minecraft:snowball":2,"minecraft:birch_log":11,"minecraft:magma_block":2,"minecraft:feather":1,"minecraft:water_bucket":1,"minecraft:jungle_log":24,"minecraft:smoker":1,"minecraft:flint":11,"minecraft:lantern":21,"minecraft:stonecutter":4,"minecraft:rabbit":2,"minecraft:diamond_helmet":10,"minecraft:glowstone_dust":41,"minecraft:chiseled_polished_blackstone":3,"minecraft:ink_sac":2,"minecraft:dark_oak_log":1,"minecraft:barrel":10,"minecraft:quartz_bricks":18,"minecraft:iron_hoe":2,"minecraft:deepslate":1,"minecraft:lever":6,"minecraft:granite":179,"minecraft:spruce_button":1,"minecraft:golden_horse_armor":2,"minecraft:bread":98,"minecraft:light_gray_carpet":1,"minecraft:diamond_pickaxe":9,"minecraft:mud":19,"minecraft:crafting_table":22,"minecraft:nether_wart":133,"minecraft:leather_leggings":1,"minecraft:cornflower":7,"minecraft:elytra":5,"minecraft:flint_and_steel":1,"minecraft:white_carpet":4,"minecraft:glass_pane":52,"minecraft:beef":46,"minecraft:poppy":171,"minecraft:jungle_sapling":1,"minecraft:iron_nugget":3,"minecraft:spruce_slab":50,"minecraft:minecart":62,"minecraft:quartz_stairs":7,"minecraft:chest":83,"minecraft:copper_ore":17,"minecraft:egg":33,"minecraft:stone":2475,"minecraft:oak_door":5,"minecraft:carrot":1937,"minecraft:redstone":607,"minecraft:diamond_chestplate":7,"minecraft:beetroot_seeds":8,"minecraft:shears":1,"minecraft:diamond_boots":9,"minecraft:hay_block":203,"minecraft:gold_ingot":91,"minecraft:polished_blackstone":1,"minecraft:glow_berries":18,"minecraft:mutton":22,"minecraft:bone_block":20,"minecraft:white_wool":93,"minecraft:rail":1343,"minecraft:oxeye_daisy":4,"minecraft:yellow_shulker_box":4,"minecraft:red_mushroom":1,"minecraft:acacia_wood":1,"minecraft:oak_log":118,"minecraft:lily_pad":7,"minecraft:golden_boots":2,"minecraft:paper":19,"minecraft:stone_bricks":31,"minecraft:apple":8,"minecraft:kelp":278,"minecraft:stone_pickaxe":1,"minecraft:iron_ore":4,"minecraft:mangrove_planks":3,"minecraft:iron_sword":2,"minecraft:flowering_azalea":5,"minecraft:gravel":63,"minecraft:spruce_sapling":206,"minecraft:spruce_log":3413,"minecraft:firework_rocket":147,"minecraft:diamond_shovel":2,"minecraft:coal_ore":50,"minecraft:polished_diorite":2,"minecraft:diamond_axe":5,"minecraft:baked_potato":34,"minecraft:melon_seeds":1,"minecraft:mangrove_propagule":2,"minecraft:hopper":7,"minecraft:ender_pearl":8,"minecraft:wheat":54,"minecraft:nether_brick_fence":10,"minecraft:stone_brick_stairs":1,"minecraft:raw_copper":108,"minecraft:iron_leggings":1,"minecraft:oak_sign":2,"minecraft:bucket":3,"minecraft:redstone_torch":24,"minecraft:ender_eye":2,"minecraft:iron_boots":8,"minecraft:furnace":9,"minecraft:stick":196,"minecraft:oak_fence":7,"minecraft:torch":225,"minecraft:spruce_stairs":6,"minecraft:porkchop":12,"minecraft:pointed_dripstone":119,"minecraft:diorite":45,"minecraft:quartz_block":162,"minecraft:rotten_flesh":234,"minecraft:mangrove_roots":7,"minecraft:obsidian":9,"minecraft:blaze_powder":1,"minecraft:cobblestone":3098,"minecraft:muddy_mangrove_roots":1,"minecraft:magma_cream":1,"minecraft:andesite":122,"minecraft:potato":1374,"minecraft:tuff":1,"minecraft:wither_skeleton_skull":3,"minecraft:dirt":5500,"minecraft:lapis_lazuli":343,"minecraft:name_tag":7,"minecraft:leather_boots":2,"minecraft:glass":71,"minecraft:bone":181,"minecraft:bow":14,"minecraft:wheat_seeds":263,"minecraft:raw_gold":175,"minecraft:bell":1,"minecraft:grindstone":5,"minecraft:fletching_table":11,"minecraft:bamboo":381,"minecraft:powered_rail":31,"minecraft:oak_planks":444,"minecraft:ghast_tear":1,"minecraft:music_disc_13":1,"minecraft:poisonous_potato":10,"minecraft:sand":607,"minecraft:melon":24,"minecraft:grass_block":4,"minecraft:shulker_box":2,"minecraft:mossy_cobblestone":5,"minecraft:diamond":31,"minecraft:spruce_boat":60,"minecraft:bone_meal":10,"minecraft:spruce_sign":13,"minecraft:emerald":226,"minecraft:oak_sapling":45,"minecraft:netherrack":2947,"minecraft:nether_star":1,"minecraft:cocoa_beans":18,"minecraft:chicken":4,"minecraft:azure_bluet":12,"minecraft:splash_potion":2,"minecraft:ladder":98,"minecraft:brown_mushroom":45,"minecraft:wooden_pickaxe":6,"minecraft:gold_block":2,"minecraft:chain":6,"minecraft:shield":2,"minecraft:oak_trapdoor":5,"minecraft:moss_carpet":1,"minecraft:iron_axe":1,"minecraft:wooden_sword":5,"minecraft:quartz_slab":65,"minecraft:blackstone":421,"minecraft:oak_boat":2,"minecraft:light_gray_wool":3,"minecraft:lectern":440,"minecraft:sugar_cane":351,"minecraft:spruce_trapdoor":10,"minecraft:phantom_membrane":5,"minecraft:dark_oak_sapling":1,"minecraft:raw_iron":264,"minecraft:copper_ingot":2,"minecraft:polished_blackstone_bricks":16,"minecraft:quartz_pillar":126,"minecraft:iron_horse_armor":3,"minecraft:arrow":264,"minecraft:nether_bricks":7,"minecraft:saddle":5,"minecraft:jungle_boat":6,"minecraft:basalt":479,"minecraft:golden_carrot":103,"minecraft:salmon":4,"minecraft:leather":27,"minecraft:yellow_bed":2,"minecraft:gunpowder":122,"minecraft:cobblestone_stairs":2,"minecraft:rabbit_hide":2,"minecraft:iron_ingot":285,"minecraft:acacia_sapling":6,"minecraft:soul_sand":48,"minecraft:book":250,"minecraft:scaffolding":237,"minecraft:oak_slab":1,"minecraft:birch_boat":2,"minecraft:pumpkin":44,"minecraft:chiseled_stone_bricks":2,"minecraft:quartz":727,"minecraft:dandelion":55,"minecraft:dripstone_block":1,"minecraft:amethyst_shard":16,"minecraft:blast_furnace":9,"minecraft:white_bed":15,"minecraft:spruce_door":2,"minecraft:spider_eye":32,"minecraft:pumpkin_seeds":8,"minecraft:black_wool":8,"minecraft:coal":518},"minecraft:custom":{"minecraft:interact_with_crafting_table":299,"minecraft:open_barrel":388,"minecraft:leave_game":21,"minecraft:time_since_death":353428,"minecraft:damage_blocked_by_shield":18346,"minecraft:play_time":2252171,"minecraft:deaths":16,"minecraft:jump":38209,"minecraft:enchant_item":3,"minecraft:interact_with_furnace":210,"minecraft:traded_with_villager":2810,"minecraft:sleep_in_bed":75,"minecraft:damage_dealt":77294,"minecraft:interact_with_smoker":30,"minecraft:use_cauldron":10,"minecraft:inspect_dispenser":30,"minecraft:horse_one_cm":237417,"minecraft:interact_with_smithing_table":4,"minecraft:interact_with_anvil":51,"minecraft:inspect_hopper":8,"minecraft:sneak_time":28839,"minecraft:interact_with_blast_furnace":96,"minecraft:total_world_time":2252171,"minecraft:interact_with_stonecutter":5,"minecraft:time_since_rest":7700,"minecraft:swim_one_cm":575384,"minecraft:fly_one_cm":9875893,"minecraft:open_chest":1335,"minecraft:fish_caught":1,"minecraft:fall_one_cm":987096,"minecraft:animals_bred":16,"minecraft:open_shulker_box":10,"minecraft:sprint_one_cm":6905324,"minecraft:drop":327,"minecraft:talked_to_villager":1409,"minecraft:interact_with_brewingstand":33,"minecraft:walk_on_water_one_cm":198595,"minecraft:interact_with_beacon":2,"minecraft:crouch_one_cm":95772,"minecraft:mob_kills":449,"minecraft:climb_one_cm":138710,"minecraft:walk_one_cm":4732094,"minecraft:walk_under_water_one_cm":245828,"minecraft:boat_one_cm":3500269,"minecraft:interact_with_grindstone":14,"minecraft:damage_taken":25011,"minecraft:minecart_one_cm":30214,"minecraft:aviate_one_cm":4218640},"minecraft:crafted":{"minecraft:smooth_stone":3,"minecraft:oak_sign":3,"minecraft:melon":2,"minecraft:blaze_powder":2,"minecraft:birch_boat":2,"minecraft:chain":64,"minecraft:diamond_shovel":6,"minecraft:lever":1,"minecraft:bookshelf":100,"minecraft:cooked_mutton":4,"minecraft:quartz_block":263,"minecraft:glass":216,"minecraft:diamond_helmet":9,"minecraft:diamond_leggings":10,"minecraft:melon_seeds":42,"minecraft:polished_blackstone":64,"minecraft:name_tag":2,"minecraft:glass_bottle":42,"minecraft:emerald":2113,"minecraft:cooked_porkchop":3,"minecraft:diamond_axe":7,"minecraft:raw_gold_block":8,"minecraft:spruce_door":3,"minecraft:smithing_table":1,"minecraft:copper_ingot":14,"minecraft:fletching_table":3,"minecraft:lectern":11,"minecraft:iron_pickaxe":2,"minecraft:iron_block":316,"minecraft:gold_ingot":194,"minecraft:composter":5,"minecraft:polished_blackstone_bricks":64,"minecraft:golden_carrot":243,"minecraft:iron_nugget":144,"minecraft:bone_meal":222,"minecraft:lantern":46,"minecraft:spruce_stairs":12,"minecraft:polished_diorite":4,"minecraft:ladder":33,"minecraft:spruce_slab":666,"minecraft:ender_pearl":24,"minecraft:stone_pickaxe":13,"minecraft:diamond_boots":9,"minecraft:quartz_slab":408,"minecraft:spruce_boat":17,"minecraft:dark_oak_planks":4,"minecraft:chainmail_leggings":12,"minecraft:golden_helmet":5,"minecraft:wheat":810,"minecraft:crossbow":5,"minecraft:enchanting_table":1,"minecraft:glowstone":3,"minecraft:enchanted_book":64,"minecraft:golden_apple":10,"minecraft:fermented_spider_eye":14,"minecraft:wooden_axe":3,"minecraft:iron_shovel":4,"minecraft:iron_leggings":1,"minecraft:white_bed":18,"minecraft:brick":160,"minecraft:oak_planks":408,"minecraft:barrel":1,"minecraft:birch_wood":3,"minecraft:quartz_bricks":44,"minecraft:lightning_rod":3,"minecraft:stone":335,"minecraft:quartz_pillar":69,"minecraft:spruce_pressure_plate":26,"minecraft:hopper":12,"minecraft:stone_brick_slab":8,"minecraft:bow":7,"minecraft:iron_boots":11,"minecraft:polished_basalt":4,"minecraft:chest":65,"minecraft:chiseled_stone_bricks":44,"minecraft:rail":80,"minecraft:bricks":40,"minecraft:stone_bricks":304,"minecraft:raw_iron_block":22,"minecraft:smoker":1,"minecraft:arrow":736,"minecraft:cauldron":4,"minecraft:crafting_table":34,"minecraft:spruce_planks":8692,"minecraft:wooden_pickaxe":5,"minecraft:baked_potato":109,"minecraft:iron_helmet":2,"minecraft:birch_planks":28,"minecraft:dispenser":1,"minecraft:apple":4,"minecraft:spruce_trapdoor":50,"minecraft:book":22,"minecraft:iron_chestplate":1,"minecraft:paper":225,"minecraft:diamond_pickaxe":6,"minecraft:charcoal":111,"minecraft:yellow_dye":1,"minecraft:shield":9,"minecraft:stick":12691,"minecraft:iron_ingot":205,"minecraft:polished_blackstone_brick_stairs":4,"minecraft:redstone_torch":22,"minecraft:shears":2,"minecraft:polished_andesite":32,"minecraft:oak_door":3,"minecraft:cookie":324,"minecraft:raw_iron":198,"minecraft:spruce_button":12,"minecraft:furnace":4,"minecraft:blast_furnace":1,"minecraft:oak_trapdoor":10,"minecraft:glass_pane":336,"minecraft:flint_and_steel":1,"minecraft:scaffolding":42,"minecraft:yellow_shulker_box":1,"minecraft:iron_axe":11,"minecraft:iron_hoe":3,"minecraft:chiseled_bookshelf":8,"minecraft:blackstone_stairs":4,"minecraft:blue_glazed_terracotta":7,"minecraft:minecart":5,"minecraft:cooked_beef":31,"minecraft:sugar":39,"minecraft:diamond_sword":5,"minecraft:spruce_sign":45,"minecraft:powered_rail":12,"minecraft:iron_sword":1,"minecraft:mangrove_planks":4,"minecraft:bucket":20,"minecraft:stone_axe":1,"minecraft:air":0,"minecraft:bread":257,"minecraft:jungle_planks":88,"minecraft:oak_boat":1,"minecraft:white_dye":8,"minecraft:raw_gold":72,"minecraft:stonecutter":1,"minecraft:anvil":1,"minecraft:acacia_planks":4,"minecraft:torch":516,"minecraft:diamond_chestplate":9,"minecraft:firework_rocket":138},"minecraft:killed_by":{"minecraft:zombie":4,"minecraft:ender_dragon":1,"minecraft:creeper":4,"minecraft:iron_golem":1,"minecraft:skeleton":4},"minecraft:mined":{"minecraft:white_bed":14,"minecraft:jungle_leaves":14,"minecraft:carved_pumpkin":2,"minecraft:obsidian":5,"minecraft:granite":229,"minecraft:jungle_log":25,"minecraft:oak_pressure_plate":1,"minecraft:hopper":8,"minecraft:nether_wart":40,"minecraft:oak_wall_sign":1,"minecraft:oxeye_daisy":2,"minecraft:spawner":3,"minecraft:polished_blackstone_bricks":10,"minecraft:tall_seagrass":3,"minecraft:magma_block":2,"minecraft:cobbled_deepslate":2,"minecraft:fire":7,"minecraft:barrel":10,"minecraft:pumpkin":38,"minecraft:fletching_table":11,"minecraft:deepslate_lapis_ore":20,"minecraft:cave_vines":4,"minecraft:oak_sign":1,"minecraft:dirt_path":18,"minecraft:quartz_slab":55,"minecraft:oak_stairs":2,"minecraft:spruce_wood":1,"minecraft:iron_block":4,"minecraft:tripwire":2,"minecraft:brown_mushroom":14,"minecraft:kelp_plant":24,"minecraft:smoker":1,"minecraft:soul_fire":4,"minecraft:amethyst_cluster":2,"minecraft:torch":135,"minecraft:blast_furnace":9,"minecraft:melon":121,"minecraft:spruce_wall_sign":5,"minecraft:glass":3,"minecraft:sugar_cane":183,"minecraft:amethyst_block":4,"minecraft:white_terracotta":6,"minecraft:chain":6,"minecraft:mud":2,"minecraft:wheat":55,"minecraft:mangrove_log":1,"minecraft:stonecutter":4,"minecraft:deepslate":86,"minecraft:mossy_cobblestone":4,"minecraft:dark_oak_log":1,"minecraft:shulker_box":2,"minecraft:end_stone":18,"minecraft:nether_bricks":7,"minecraft:kelp":16,"minecraft:redstone_ore":8,"minecraft:acacia_wood":1,"minecraft:andesite":58,"minecraft:big_dripleaf_stem":2,"minecraft:potatoes":315,"minecraft:vine":6,"minecraft:rail":957,"minecraft:bamboo_sapling":1,"minecraft:bamboo":35,"minecraft:bone_block":19,"minecraft:smithing_table":4,"minecraft:oak_slab":1,"minecraft:light_gray_carpet":1,"minecraft:glass_pane":4,"minecraft:soul_sand":8,"minecraft:dandelion":17,"minecraft:cornflower":3,"minecraft:short_grass":850,"minecraft:lightning_rod":2,"minecraft:tall_grass":80,"minecraft:copper_ore":14,"minecraft:deepslate_gold_ore":88,"minecraft:diorite":50,"minecraft:white_carpet":2,"minecraft:spruce_log":2895,"minecraft:birch_leaves":1,"minecraft:quartz_pillar":23,"minecraft:mangrove_leaves":5,"minecraft:gravel":39,"minecraft:dripstone_block":4,"minecraft:cobweb":1,"minecraft:polished_blackstone":1,"minecraft:stone_bricks":25,"minecraft:gold_ore":1,"minecraft:fern":6,"minecraft:large_amethyst_bud":1,"minecraft:spruce_planks":366,"minecraft:oak_sapling":3,"minecraft:farmland":3,"minecraft:cobblestone_stairs":1,"minecraft:brewing_stand":5,"minecraft:spruce_trapdoor":13,"minecraft:cave_vines_plant":10,"minecraft:grass_block":1567,"minecraft:soul_soil":6,"minecraft:polished_diorite":1,"minecraft:composter":6,"minecraft:glowstone":12,"minecraft:iron_ore":74,"minecraft:azure_bluet":6,"minecraft:pointed_dripstone":26,"minecraft:spruce_slab":29,"minecraft:deepslate_redstone_ore":86,"minecraft:quartz_block":54,"minecraft:blackstone":410,"minecraft:medium_amethyst_bud":1,"minecraft:poppy":4,"minecraft:chest":53,"minecraft:nether_quartz_ore":341,"minecraft:cobblestone":40,"minecraft:grindstone":4,"minecraft:oak_planks":148,"minecraft:wall_torch":23,"minecraft:seagrass":5,"minecraft:acacia_sapling":2,"minecraft:powered_rail":14,"minecraft:birch_log":11,"minecraft:oak_log":121,"minecraft:beetroots":4,"minecraft:sand":165,"minecraft:dirt":1998,"minecraft:netherrack":1939,"minecraft:oak_leaves":78,"minecraft:nether_gold_ore":92,"minecraft:diamond_ore":2,"minecraft:tuff":1,"minecraft:quartz_stairs":6,"minecraft:dark_oak_leaves":54,"minecraft:deepslate_diamond_ore":23,"minecraft:oak_door":5,"minecraft:mangrove_roots":2,"minecraft:lever":5,"minecraft:ladder":32,"minecraft:chiseled_bookshelf":1,"minecraft:spruce_leaves":216,"minecraft:mangrove_propagule":3,"minecraft:hay_block":139,"minecraft:oak_trapdoor":5,"minecraft:spruce_sapling":4,"minecraft:furnace":9,"minecraft:carrots":411,"minecraft:polished_basalt":1,"minecraft:gold_block":2,"minecraft:bell":1,"minecraft:bookshelf":84,"minecraft:deepslate_iron_ore":93,"minecraft:lantern":5,"minecraft:packed_ice":3,"minecraft:stone":2964,"minecraft:yellow_shulker_box":3,"minecraft:redstone_wall_torch":10,"minecraft:podzol":39,"minecraft:scaffolding":31,"minecraft:flowering_azalea":2,"minecraft:basalt":316,"minecraft:crafting_table":19,"minecraft:oak_fence":4,"minecraft:lectern":439,"minecraft:quartz_bricks":17,"minecraft:lapis_ore":3,"minecraft:spruce_stairs":3,"minecraft:redstone_torch":6,"minecraft:ice":4,"minecraft:yellow_bed":2,"minecraft:coal_ore":276,"minecraft:cocoa":10},"minecraft:used":{"minecraft:polished_blackstone":1,"minecraft:spruce_slab":566,"minecraft:dispenser":1,"minecraft:poppy":18,"minecraft:ladder":33,"minecraft:elytra":13,"minecraft:chest":133,"minecraft:stone":12,"minecraft:quartz_stairs":7,"minecraft:rotten_flesh":34,"minecraft:soul_sand":24,"minecraft:spruce_boat":70,"minecraft:lava_bucket":4,"minecraft:quartz_pillar":123,"minecraft:quartz_block":159,"minecraft:bow":154,"minecraft:oak_sapling":26,"minecraft:furnace":10,"minecraft:egg":1,"minecraft:potato":272,"minecraft:diorite":3,"minecraft:spruce_door":4,"minecraft:blackstone_stairs":1,"minecraft:powered_rail":21,"minecraft:blackstone":11,"minecraft:wooden_pickaxe":78,"minecraft:composter":10,"minecraft:jungle_boat":7,"minecraft:cookie":90,"minecraft:sand":7,"minecraft:blast_furnace":10,"minecraft:lightning_rod":2,"minecraft:lectern":448,"minecraft:diamond_sword":969,"minecraft:wooden_sword":96,"minecraft:smithing_table":5,"minecraft:oak_boat":3,"minecraft:oak_trapdoor":12,"minecraft:enchanting_table":1,"minecraft:netherrack":460,"minecraft:torch":624,"minecraft:brewing_stand":4,"minecraft:anvil":1,"minecraft:golden_shovel":33,"minecraft:polished_diorite":2,"minecraft:iron_block":169,"minecraft:iron_axe":240,"minecraft:muddy_mangrove_roots":1,"minecraft:spruce_button":2,"minecraft:barrel":11,"minecraft:melon_seeds":42,"minecraft:bamboo":44,"minecraft:diamond_chestplate":14,"minecraft:basalt":56,"minecraft:beef":2,"minecraft:cobbled_deepslate":18,"minecraft:pointed_dripstone":4,"minecraft:wheat_seeds":39,"minecraft:water_bucket":90,"minecraft:chiseled_bookshelf":5,"minecraft:yellow_shulker_box":3,"minecraft:cauldron":4,"minecraft:fletching_table":14,"minecraft:polished_blackstone_bricks":35,"minecraft:rail":953,"minecraft:oak_slab":1,"minecraft:crafting_table":48,"minecraft:white_bed":29,"minecraft:spruce_log":39,"minecraft:ender_eye":2,"minecraft:diamond_pickaxe":8195,"minecraft:diamond_shovel":5520,"minecraft:mangrove_propagule":1,"minecraft:iron_pickaxe":475,"minecraft:suspicious_stew":3,"minecraft:spruce_trapdoor":41,"minecraft:spruce_sapling":171,"minecraft:enchanted_book":27,"minecraft:cobblestone":142,"minecraft:cooked_porkchop":3,"minecraft:glass_pane":297,"minecraft:kelp":71,"minecraft:diamond_leggings":3,"minecraft:iron_shovel":337,"minecraft:polished_basalt":1,"minecraft:oak_sign":4,"minecraft:shield":280,"minecraft:white_terracotta":4,"minecraft:iron_sword":222,"minecraft:nether_wart":40,"minecraft:iron_chestplate":1,"minecraft:mutton":10,"minecraft:jungle_planks":3,"minecraft:nether_bricks":6,"minecraft:carrot":547,"minecraft:obsidian":12,"minecraft:glass":13,"minecraft:quartz_slab":352,"minecraft:lantern":31,"minecraft:iron_helmet":1,"minecraft:stone_bricks":73,"minecraft:magma_block":2,"minecraft:scaffolding":241,"minecraft:diamond_boots":3,"minecraft:wither_skeleton_skull":3,"minecraft:stone_pickaxe":131,"minecraft:oak_planks":191,"minecraft:mangrove_planks":1,"minecraft:sugar_cane":36,"minecraft:diamond_axe":4096,"minecraft:crossbow":3,"minecraft:shears":2,"minecraft:redstone_torch":23,"minecraft:lever":6,"minecraft:firework_rocket":149,"minecraft:melon_slice":144,"minecraft:bread":247,"minecraft:deepslate":1,"minecraft:gravel":27,"minecraft:golden_helmet":3,"minecraft:grindstone":4,"minecraft:chain":12,"minecraft:andesite":4,"minecraft:bone_meal":163,"minecraft:flint_and_steel":4,"minecraft:spruce_planks":1337,"minecraft:oak_door":6,"minecraft:dirt":779,"minecraft:hopper":20,"minecraft:spruce_stairs":11,"minecraft:diamond_helmet":3,"minecraft:shulker_box":1,"minecraft:golden_chestplate":1,"minecraft:granite":20,"minecraft:iron_hoe":314,"minecraft:wooden_axe":106,"minecraft:bookshelf":84,"minecraft:oak_stairs":2,"minecraft:polished_blackstone_brick_stairs":4,"minecraft:golden_carrot":139,"minecraft:minecart":29,"minecraft:cooked_beef":31,"minecraft:pumpkin":2,"minecraft:quartz_bricks":61,"minecraft:cooked_mutton":3,"minecraft:glass_bottle":12,"minecraft:baked_potato":86,"minecraft:birch_boat":3,"minecraft:spruce_sign":14,"minecraft:white_dye":2,"minecraft:stonecutter":5,"minecraft:smoker":2,"minecraft:stone_axe":5,"minecraft:fishing_rod":1,"minecraft:bucket":109,"minecraft:yellow_bed":1,"minecraft:splash_potion":11}},"DataVersion":3953}