{"stats":{"minecraft:used":{"minecraft:iron_shovel":337,"minecraft:dispenser":1,"minecraft:spruce_slab":167,"minecraft:ladder":33,"minecraft:poppy":18,"minecraft:oak_sign":4,"minecraft:shield":136,"minecraft:chest":37,"minecraft:white_terracotta":3,"minecraft:iron_sword":222,"minecraft:rotten_flesh":34,"minecraft:iron_chestplate":1,"minecraft:soul_sand":2,"minecraft:mutton":10,"minecraft:jungle_planks":3,"minecraft:nether_bricks":6,"minecraft:carrot":381,"minecraft:obsidian":12,"minecraft:spruce_boat":55,"minecraft:glass":13,"minecraft:lava_bucket":4,"minecraft:stone_bricks":73,"minecraft:magma_block":2,"minecraft:bow":73,"minecraft:scaffolding":161,"minecraft:oak_sapling":26,"minecraft:furnace":10,"minecraft:potato":272,"minecraft:diorite":2,"minecraft:oak_planks":191,"minecraft:stone_pickaxe":131,"minecraft:powered_rail":16,"minecraft:mangrove_planks":1,"minecraft:blackstone":11,"minecraft:wooden_pickaxe":78,"minecraft:composter":9,"minecraft:sugar_cane":36,"minecraft:diamond_axe":2213,"minecraft:jungle_boat":7,"minecraft:sand":7,"minecraft:blast_furnace":9,"minecraft:crossbow":3,"minecraft:lightning_rod":2,"minecraft:redstone_torch":15,"minecraft:melon_slice":117,"minecraft:bread":190,"minecraft:lectern":75,"minecraft:gravel":27,"minecraft:golden_helmet":1,"minecraft:diamond_sword":532,"minecraft:wooden_sword":96,"minecraft:grindstone":3,"minecraft:smithing_table":4,"minecraft:andesite":4,"minecraft:bone_meal":98,"minecraft:oak_trapdoor":11,"minecraft:enchanting_table":1,"minecraft:flint_and_steel":1,"minecraft:spruce_planks":1020,"minecraft:netherrack":104,"minecraft:oak_door":6,"minecraft:torch":564,"minecraft:dirt":449,"minecraft:brewing_stand":1,"minecraft:anvil":1,"minecraft:hopper":20,"minecraft:spruce_stairs":11,"minecraft:golden_chestplate":1,"minecraft:golden_shovel":33,"minecraft:granite":20,"minecraft:polished_diorite":1,"minecraft:iron_hoe":265,"minecraft:wooden_axe":106,"minecraft:iron_axe":228,"minecraft:muddy_mangrove_roots":1,"minecraft:oak_stairs":2,"minecraft:spruce_button":1,"minecraft:barrel":11,"minecraft:bamboo":44,"minecraft:basalt":11,"minecraft:beef":2,"minecraft:minecart":6,"minecraft:cooked_beef":31,"minecraft:cobbled_deepslate":5,"minecraft:pointed_dripstone":4,"minecraft:wheat_seeds":39,"minecraft:cooked_mutton":3,"minecraft:water_bucket":71,"minecraft:chiseled_bookshelf":1,"minecraft:baked_potato":86,"minecraft:birch_boat":1,"minecraft:spruce_sign":1,"minecraft:cauldron":4,"minecraft:fletching_table":6,"minecraft:stonecutter":1,"minecraft:rail":460,"minecraft:crafting_table":35,"minecraft:oak_slab":1,"minecraft:white_bed":27,"minecraft:spruce_log":9,"minecraft:smoker":2,"minecraft:diamond_pickaxe":1358,"minecraft:diamond_shovel":2201,"minecraft:mangrove_propagule":1,"minecraft:iron_pickaxe":475,"minecraft:suspicious_stew":3,"minecraft:spruce_trapdoor":38,"minecraft:spruce_sapling":135,"minecraft:stone_axe":5,"minecraft:enchanted_book":2,"minecraft:fishing_rod":1,"minecraft:cobblestone":119,"minecraft:cooked_porkchop":3,"minecraft:bucket":86,"minecraft:glass_pane":278,"minecraft:kelp":70},"minecraft:broken":{"minecraft:iron_shovel":1,"minecraft:golden_shovel":1,"minecraft:stone_pickaxe":1,"minecraft:wooden_sword":1,"minecraft:wooden_axe":1,"minecraft:golden_chestplate":1,"minecraft:iron_hoe":1,"minecraft:shield":2,"minecraft:diamond_axe":1,"minecraft:iron_pickaxe":1},"minecraft:picked_up":{"minecraft:wheat":54,"minecraft:nether_brick_fence":10,"minecraft:smithing_table":3,"minecraft:diamond_sword":1,"minecraft:oak_stairs":2,"minecraft:enchanted_book":3,"minecraft:brewing_stand":5,"minecraft:string":38,"minecraft:raw_copper":39,"minecraft:iron_leggings":1,"minecraft:oak_sign":2,"minecraft:beetroot":1,"minecraft:diamond_leggings":7,"minecraft:cobbled_deepslate":61,"minecraft:bucket":2,"minecraft:spruce_planks":277,"minecraft:redstone_torch":16,"minecraft:melon_slice":404,"minecraft:mangrove_log":1,"minecraft:iron_boots":8,"minecraft:furnace":9,"minecraft:golden_helmet":1,"minecraft:spruce_pressure_plate":26,"minecraft:stick":177,"minecraft:composter":3,"minecraft:oak_fence":7,"minecraft:torch":143,"minecraft:spruce_stairs":6,"minecraft:porkchop":12,"minecraft:lightning_rod":1,"minecraft:pointed_dripstone":37,"minecraft:diorite":34,"minecraft:rabbit_foot":1,"minecraft:rotten_flesh":144,"minecraft:tropical_fish":1,"minecraft:armadillo_scute":2,"minecraft:mangrove_roots":6,"minecraft:white_terracotta":3,"minecraft:blaze_rod":24,"minecraft:obsidian":6,"minecraft:cobblestone":811,"minecraft:birch_log":7,"minecraft:magma_block":2,"minecraft:muddy_mangrove_roots":1,"minecraft:feather":1,"minecraft:magma_cream":1,"minecraft:andesite":7,"minecraft:jungle_log":24,"minecraft:smoker":1,"minecraft:potato":941,"minecraft:flint":7,"minecraft:wither_skeleton_skull":3,"minecraft:lapis_lazuli":224,"minecraft:dirt":1153,"minecraft:name_tag":6,"minecraft:leather_boots":2,"minecraft:glass":71,"minecraft:bone":112,"minecraft:bow":7,"minecraft:wheat_seeds":187,"minecraft:raw_gold":113,"minecraft:bell":1,"minecraft:grindstone":4,"minecraft:fletching_table":3,"minecraft:rabbit":2,"minecraft:diamond_helmet":5,"minecraft:bamboo":381,"minecraft:powered_rail":15,"minecraft:oak_planks":415,"minecraft:music_disc_13":1,"minecraft:poisonous_potato":10,"minecraft:sand":511,"minecraft:grass_block":1,"minecraft:dark_oak_log":1,"minecraft:barrel":10,"minecraft:mossy_cobblestone":5,"minecraft:diamond":23,"minecraft:spruce_boat":45,"minecraft:granite":20,"minecraft:bone_meal":10,"minecraft:emerald":78,"minecraft:spruce_sign":1,"minecraft:golden_horse_armor":1,"minecraft:bread":65,"minecraft:oak_sapling":44,"minecraft:light_gray_carpet":1,"minecraft:netherrack":106,"minecraft:diamond_pickaxe":2,"minecraft:mud":19,"minecraft:cocoa_beans":15,"minecraft:crafting_table":15,"minecraft:azure_bluet":6,"minecraft:ladder":66,"minecraft:chicken":4,"minecraft:nether_wart":20,"minecraft:leather_leggings":1,"minecraft:brown_mushroom":33,"minecraft:wooden_pickaxe":6,"minecraft:gold_block":2,"minecraft:cornflower":3,"minecraft:oak_trapdoor":2,"minecraft:moss_carpet":1,"minecraft:iron_axe":1,"minecraft:wooden_sword":5,"minecraft:flint_and_steel":1,"minecraft:white_carpet":4,"minecraft:blackstone":11,"minecraft:glass_pane":52,"minecraft:beef":46,"minecraft:jungle_sapling":1,"minecraft:iron_nugget":3,"minecraft:poppy":136,"minecraft:light_gray_wool":3,"minecraft:spruce_slab":29,"minecraft:minecart":31,"minecraft:lectern":72,"minecraft:sugar_cane":178,"minecraft:chest":12,"minecraft:spruce_trapdoor":9,"minecraft:phantom_membrane":4,"minecraft:egg":17,"minecraft:dark_oak_sapling":1,"minecraft:raw_iron":210,"minecraft:oak_door":5,"minecraft:carrot":1041,"minecraft:redstone":110,"minecraft:iron_horse_armor":3,"minecraft:arrow":167,"minecraft:diamond_chestplate":2,"minecraft:beetroot_seeds":8,"minecraft:nether_bricks":7,"minecraft:shears":1,"minecraft:diamond_boots":3,"minecraft:hay_block":197,"minecraft:saddle":4,"minecraft:gold_ingot":59,"minecraft:mutton":22,"minecraft:bone_block":6,"minecraft:rail":639,"minecraft:white_wool":93,"minecraft:oxeye_daisy":4,"minecraft:jungle_boat":6,"minecraft:basalt":66,"minecraft:salmon":4,"minecraft:leather":23,"minecraft:acacia_wood":1,"minecraft:oak_log":113,"minecraft:lily_pad":6,"minecraft:gunpowder":30,"minecraft:paper":5,"minecraft:apple":8,"minecraft:stone_bricks":27,"minecraft:kelp":277,"minecraft:rabbit_hide":1,"minecraft:iron_ingot":35,"minecraft:stone_pickaxe":1,"minecraft:iron_sword":1,"minecraft:acacia_sapling":6,"minecraft:soul_sand":25,"minecraft:scaffolding":157,"minecraft:oak_slab":1,"minecraft:birch_boat":1,"minecraft:pumpkin":44,"minecraft:quartz":7,"minecraft:dandelion":30,"minecraft:dripstone_block":1,"minecraft:gravel":51,"minecraft:amethyst_shard":16,"minecraft:spruce_sapling":154,"minecraft:blast_furnace":8,"minecraft:white_bed":9,"minecraft:spruce_log":2164,"minecraft:spider_eye":4,"minecraft:polished_diorite":1,"minecraft:diamond_axe":1,"minecraft:baked_potato":34,"minecraft:melon_seeds":1,"minecraft:black_wool":8,"minecraft:mangrove_propagule":2,"minecraft:coal":262,"minecraft:hopper":7,"minecraft:ender_pearl":3},"minecraft:killed":{"minecraft:cave_spider":1,"minecraft:witch":1,"minecraft:spider":23,"minecraft:skeleton":48,"minecraft:chicken":2,"minecraft:magma_cube":19,"minecraft:pig":6,"minecraft:zombie_villager":2,"minecraft:salmon":4,"minecraft:iron_golem":7,"minecraft:creeper":13,"minecraft:sheep":11,"minecraft:zombie":99,"minecraft:ghast":1,"minecraft:blaze":10,"minecraft:cow":26,"minecraft:phantom":2,"minecraft:drowned":1,"minecraft:rabbit":2,"minecraft:wither_skeleton":14,"minecraft:villager":1,"minecraft:enderman":1},"minecraft:killed_by":{"minecraft:creeper":2,"minecraft:zombie":4,"minecraft:skeleton":2},"minecraft:custom":{"minecraft:animals_bred":16,"minecraft:interact_with_crafting_table":208,"minecraft:open_barrel":269,"minecraft:leave_game":10,"minecraft:time_since_death":242498,"minecraft:sprint_one_cm":3484631,"minecraft:damage_blocked_by_shield":8804,"minecraft:drop":188,"minecraft:talked_to_villager":369,"minecraft:play_time":1323148,"minecraft:deaths":8,"minecraft:jump":20825,"minecraft:interact_with_brewingstand":2,"minecraft:walk_on_water_one_cm":127702,"minecraft:enchant_item":3,"minecraft:interact_with_furnace":168,"minecraft:traded_with_villager":639,"minecraft:sleep_in_bed":58,"minecraft:damage_dealt":48827,"minecraft:crouch_one_cm":55966,"minecraft:interact_with_smoker":28,"minecraft:use_cauldron":7,"minecraft:inspect_dispenser":24,"minecraft:horse_one_cm":237320,"minecraft:interact_with_smithing_table":3,"minecraft:interact_with_anvil":4,"minecraft:mob_kills":299,"minecraft:inspect_hopper":8,"minecraft:climb_one_cm":113462,"minecraft:walk_one_cm":2499226,"minecraft:sneak_time":17198,"minecraft:walk_under_water_one_cm":116854,"minecraft:boat_one_cm":1698615,"minecraft:interact_with_blast_furnace":92,"minecraft:total_world_time":1323148,"minecraft:interact_with_stonecutter":1,"minecraft:time_since_rest":22339,"minecraft:damage_taken":13385,"minecraft:minecart_one_cm":30138,"minecraft:swim_one_cm":307291,"minecraft:fly_one_cm":5259259,"minecraft:open_chest":619,"minecraft:fish_caught":1,"minecraft:fall_one_cm":551829},"minecraft:dropped":{"minecraft:iron_sword":2,"minecraft:baked_potato":3,"minecraft:leather":1,"minecraft:rail":51,"minecraft:mutton":1,"minecraft:gold_nugget":1,"minecraft:bone_meal":72,"minecraft:iron_pickaxe":1,"minecraft:white_wool":2,"minecraft:gold_ingot":68,"minecraft:bone":2,"minecraft:gravel":3,"minecraft:mangrove_roots":3,"minecraft:cobbled_deepslate":3,"minecraft:rotten_flesh":5,"minecraft:light_gray_carpet":1,"minecraft:nether_brick_fence":10,"minecraft:carrot":19,"minecraft:leather_boots":1,"minecraft:ladder":33,"minecraft:leather_leggings":1,"minecraft:arrow":165,"minecraft:quartz":7,"minecraft:iron_ingot":3,"minecraft:water_bucket":2,"minecraft:bread":75,"minecraft:wheat_seeds":64,"minecraft:golden_helmet":3,"minecraft:golden_horse_armor":1,"minecraft:dripstone_block":1,"minecraft:diamond_leggings":8,"minecraft:mangrove_propagule":1,"minecraft:oak_fence":1,"minecraft:cobblestone":143,"minecraft:apple":1,"minecraft:stick":5,"minecraft:oxeye_daisy":2,"minecraft:lava_bucket":1,"minecraft:torch":12,"minecraft:diamond_helmet":5,"minecraft:iron_axe":1,"minecraft:iron_shovel":2,"minecraft:paper":5,"minecraft:string":3,"minecraft:dandelion":3,"minecraft:moss_carpet":1,"minecraft:blaze_rod":12,"minecraft:white_carpet":4,"minecraft:name_tag":4,"minecraft:lightning_rod":1,"minecraft:potato":216,"minecraft:diamond_chestplate":1,"minecraft:diamond_pickaxe":1,"minecraft:oak_sapling":13,"minecraft:diamond_boots":4,"minecraft:bow":3,"minecraft:stone_pickaxe":12},"minecraft:crafted":{"minecraft:smooth_stone":3,"minecraft:oak_planks":388,"minecraft:barrel":1,"minecraft:oak_sign":3,"minecraft:birch_wood":3,"minecraft:birch_boat":1,"minecraft:lightning_rod":3,"minecraft:stone":81,"minecraft:diamond_shovel":3,"minecraft:bookshelf":3,"minecraft:spruce_pressure_plate":26,"minecraft:cooked_mutton":4,"minecraft:glass":216,"minecraft:hopper":12,"minecraft:stone_brick_slab":8,"minecraft:diamond_leggings":3,"minecraft:diamond_helmet":2,"minecraft:bow":5,"minecraft:iron_boots":11,"minecraft:chest":39,"minecraft:rail":80,"minecraft:stone_bricks":48,"minecraft:name_tag":1,"minecraft:raw_iron_block":22,"minecraft:smoker":1,"minecraft:emerald":492,"minecraft:arrow":480,"minecraft:cauldron":4,"minecraft:cooked_porkchop":3,"minecraft:diamond_axe":2,"minecraft:crafting_table":23,"minecraft:spruce_planks":6628,"minecraft:iron_helmet":1,"minecraft:wooden_pickaxe":5,"minecraft:baked_potato":109,"minecraft:raw_gold_block":8,"minecraft:smithing_table":1,"minecraft:copper_ingot":14,"minecraft:fletching_table":3,"minecraft:birch_planks":12,"minecraft:dispenser":1,"minecraft:spruce_trapdoor":48,"minecraft:lectern":3,"minecraft:iron_chestplate":1,"minecraft:book":22,"minecraft:paper":54,"minecraft:charcoal":111,"minecraft:diamond_pickaxe":2,"minecraft:shield":4,"minecraft:stick":10523,"minecraft:iron_ingot":205,"minecraft:iron_pickaxe":2,"minecraft:iron_block":3,"minecraft:gold_ingot":101,"minecraft:redstone_torch":17,"minecraft:composter":5,"minecraft:shears":2,"minecraft:oak_door":3,"minecraft:raw_iron":198,"minecraft:spruce_button":1,"minecraft:furnace":4,"minecraft:blast_furnace":1,"minecraft:bone_meal":174,"minecraft:oak_trapdoor":10,"minecraft:glass_pane":336,"minecraft:scaffolding":42,"minecraft:lantern":12,"minecraft:spruce_stairs":12,"minecraft:iron_axe":11,"minecraft:ladder":33,"minecraft:spruce_slab":228,"minecraft:iron_hoe":2,"minecraft:ender_pearl":7,"minecraft:stone_pickaxe":13,"minecraft:chiseled_bookshelf":1,"minecraft:diamond_boots":4,"minecraft:spruce_boat":16,"minecraft:dark_oak_planks":4,"minecraft:golden_helmet":2,"minecraft:chainmail_leggings":12,"minecraft:minecart":4,"minecraft:wheat":756,"minecraft:cooked_beef":31,"minecraft:crossbow":5,"minecraft:diamond_sword":1,"minecraft:spruce_sign":27,"minecraft:enchanting_table":1,"minecraft:powered_rail":12,"minecraft:iron_sword":1,"minecraft:mangrove_planks":4,"minecraft:bucket":6,"minecraft:stone_axe":1,"minecraft:glowstone":3,"minecraft:enchanted_book":12,"minecraft:air":0,"minecraft:bread":239,"minecraft:jungle_planks":88,"minecraft:white_dye":6,"minecraft:raw_gold":72,"minecraft:wooden_axe":3,"minecraft:iron_shovel":4,"minecraft:stonecutter":1,"minecraft:anvil":1,"minecraft:white_bed":18,"minecraft:acacia_planks":4,"minecraft:torch":484,"minecraft:diamond_chestplate":1},"minecraft:mined":{"minecraft:large_amethyst_bud":1,"minecraft:spruce_planks":175,"minecraft:white_bed":9,"minecraft:oak_sapling":3,"minecraft:farmland":2,"minecraft:jungle_leaves":11,"minecraft:brewing_stand":3,"minecraft:obsidian":5,"minecraft:spruce_trapdoor":12,"minecraft:granite":37,"minecraft:grass_block":645,"minecraft:jungle_log":25,"minecraft:oak_pressure_plate":1,"minecraft:soul_soil":1,"minecraft:composter":5,"minecraft:hopper":8,"minecraft:oxeye_daisy":2,"minecraft:oak_wall_sign":1,"minecraft:nether_wart":20,"minecraft:spawner":1,"minecraft:tall_seagrass":2,"minecraft:magma_block":2,"minecraft:iron_ore":51,"minecraft:barrel":10,"minecraft:fire":4,"minecraft:pumpkin":38,"minecraft:deepslate_lapis_ore":15,"minecraft:fletching_table":3,"minecraft:azure_bluet":6,"minecraft:pointed_dripstone":12,"minecraft:oak_sign":1,"minecraft:dirt_path":13,"minecraft:oak_stairs":2,"minecraft:spruce_slab":16,"minecraft:tripwire":2,"minecraft:deepslate_redstone_ore":13,"minecraft:brown_mushroom":1,"minecraft:kelp_plant":24,"minecraft:medium_amethyst_bud":1,"minecraft:smoker":1,"minecraft:soul_fire":1,"minecraft:amethyst_cluster":2,"minecraft:torch":116,"minecraft:blast_furnace":8,"minecraft:melon":79,"minecraft:poppy":3,"minecraft:chest":10,"minecraft:spruce_wall_sign":1,"minecraft:glass":3,"minecraft:nether_quartz_ore":1,"minecraft:cobblestone":39,"minecraft:oak_planks":92,"minecraft:sugar_cane":88,"minecraft:grindstone":3,"minecraft:wall_torch":14,"minecraft:amethyst_block":4,"minecraft:seagrass":3,"minecraft:white_terracotta":5,"minecraft:acacia_sapling":2,"minecraft:powered_rail":11,"minecraft:mud":2,"minecraft:birch_log":7,"minecraft:wheat":55,"minecraft:oak_log":116,"minecraft:beetroots":4,"minecraft:sand":131,"minecraft:dirt":256,"minecraft:mangrove_log":1,"minecraft:netherrack":89,"minecraft:oak_leaves":58,"minecraft:deepslate":61,"minecraft:diamond_ore":2,"minecraft:tuff":1,"minecraft:dark_oak_leaves":54,"minecraft:mossy_cobblestone":4,"minecraft:deepslate_diamond_ore":21,"minecraft:oak_door":5,"minecraft:dark_oak_log":1,"minecraft:mangrove_roots":1,"minecraft:ladder":32,"minecraft:nether_bricks":7,"minecraft:chiseled_bookshelf":1,"minecraft:kelp":16,"minecraft:spruce_leaves":175,"minecraft:mangrove_propagule":2,"minecraft:hay_block":133,"minecraft:oak_trapdoor":2,"minecraft:spruce_sapling":4,"minecraft:furnace":9,"minecraft:carrots":248,"minecraft:acacia_wood":1,"minecraft:andesite":26,"minecraft:gold_block":2,"minecraft:bell":1,"minecraft:potatoes":235,"minecraft:deepslate_iron_ore":89,"minecraft:vine":4,"minecraft:rail":480,"minecraft:packed_ice":3,"minecraft:bamboo_sapling":1,"minecraft:bamboo":35,"minecraft:stone":553,"minecraft:bone_block":4,"minecraft:redstone_wall_torch":6,"minecraft:smithing_table":3,"minecraft:oak_slab":1,"minecraft:light_gray_carpet":1,"minecraft:scaffolding":22,"minecraft:glass_pane":4,"minecraft:soul_sand":5,"minecraft:basalt":71,"minecraft:dandelion":13,"minecraft:oak_fence":4,"minecraft:crafting_table":14,"minecraft:cornflower":3,"minecraft:short_grass":685,"minecraft:lectern":72,"minecraft:lightning_rod":2,"minecraft:copper_ore":7,"minecraft:tall_grass":74,"minecraft:lapis_ore":2,"minecraft:deepslate_gold_ore":75,"minecraft:diorite":46,"minecraft:spruce_stairs":3,"minecraft:redstone_torch":6,"minecraft:white_carpet":2,"minecraft:ice":4,"minecraft:spruce_log":1829,"minecraft:birch_leaves":1,"minecraft:coal_ore":195,"minecraft:cocoa":9,"minecraft:gravel":38,"minecraft:dripstone_block":4,"minecraft:cobweb":1,"minecraft:stone_bricks":25,"minecraft:fern":4}},"DataVersion":3953}