{"stats":{"minecraft:mined":{"minecraft:spruce_planks":1,"minecraft:white_bed":2,"minecraft:mossy_cobblestone":1,"minecraft:dark_oak_leaves":54,"minecraft:oak_door":1,"minecraft:dark_oak_log":1,"minecraft:jungle_leaves":11,"minecraft:brewing_stand":1,"minecraft:grass_block":13,"minecraft:jungle_log":24,"minecraft:oak_pressure_plate":1,"minecraft:spruce_leaves":36,"minecraft:hay_block":79,"minecraft:carrots":31,"minecraft:furnace":5,"minecraft:barrel":6,"minecraft:pumpkin":1,"minecraft:pointed_dripstone":12,"minecraft:potatoes":36,"minecraft:vine":4,"minecraft:oak_stairs":2,"minecraft:packed_ice":3,"minecraft:bamboo":10,"minecraft:stone":25,"minecraft:tripwire":2,"minecraft:light_gray_carpet":1,"minecraft:dandelion":2,"minecraft:oak_fence":4,"minecraft:crafting_table":3,"minecraft:short_grass":18,"minecraft:melon":79,"minecraft:cobblestone":4,"minecraft:tall_grass":3,"minecraft:grindstone":1,"minecraft:oak_planks":5,"minecraft:sugar_cane":16,"minecraft:seagrass":1,"minecraft:birch_log":7,"minecraft:wheat":42,"minecraft:ice":4,"minecraft:white_carpet":2,"minecraft:spruce_log":23,"minecraft:birch_leaves":1,"minecraft:oak_log":21,"minecraft:coal_ore":8,"minecraft:cocoa":8,"minecraft:beetroots":3,"minecraft:dirt":15,"minecraft:oak_leaves":6,"minecraft:fern":4},"minecraft:crafted":{"minecraft:oak_planks":20,"minecraft:birch_wood":3,"minecraft:birch_boat":1,"minecraft:furnace":2,"minecraft:cooked_mutton":4,"minecraft:iron_axe":1,"minecraft:iron_hoe":1,"minecraft:stone_pickaxe":1,"minecraft:dark_oak_planks":4,"minecraft:cooked_beef":1,"minecraft:cooked_porkchop":3,"minecraft:crafting_table":8,"minecraft:spruce_planks":92,"minecraft:wooden_pickaxe":4,"minecraft:baked_potato":13,"minecraft:iron_sword":1,"minecraft:birch_planks":12,"minecraft:stone_axe":1,"minecraft:air":0,"minecraft:jungle_planks":88,"minecraft:shield":1,"minecraft:stick":32,"minecraft:iron_ingot":3,"minecraft:wooden_axe":3,"minecraft:white_bed":1,"minecraft:torch":20},"minecraft:picked_up":{"minecraft:cocoa_beans":15,"minecraft:crafting_table":3,"minecraft:chicken":2,"minecraft:wooden_pickaxe":4,"minecraft:oak_stairs":2,"minecraft:brewing_stand":1,"minecraft:string":2,"minecraft:wooden_sword":5,"minecraft:white_carpet":2,"minecraft:beetroot":1,"minecraft:spruce_planks":1,"minecraft:beef":3,"minecraft:jungle_sapling":1,"minecraft:poppy":3,"minecraft:melon_slice":404,"minecraft:sugar_cane":42,"minecraft:egg":9,"minecraft:furnace":5,"minecraft:dark_oak_sapling":1,"minecraft:raw_iron":1,"minecraft:stick":4,"minecraft:oak_door":1,"minecraft:oak_fence":4,"minecraft:torch":1,"minecraft:porkchop":12,"minecraft:pointed_dripstone":37,"minecraft:carrot":31,"minecraft:rotten_flesh":12,"minecraft:beetroot_seeds":4,"minecraft:hay_block":79,"minecraft:mutton":20,"minecraft:white_wool":11,"minecraft:cobblestone":29,"minecraft:birch_log":7,"minecraft:jungle_boat":1,"minecraft:jungle_log":24,"minecraft:leather":1,"minecraft:potato":41,"minecraft:oak_log":21,"minecraft:gunpowder":2,"minecraft:dirt":80,"minecraft:bone":4,"minecraft:wheat_seeds":49,"minecraft:grindstone":1,"minecraft:iron_ingot":8,"minecraft:bamboo":96,"minecraft:oak_planks":5,"minecraft:birch_boat":1,"minecraft:pumpkin":4,"minecraft:dandelion":12,"minecraft:spruce_sapling":5,"minecraft:white_bed":2,"minecraft:spruce_log":23,"minecraft:dark_oak_log":1,"minecraft:barrel":6,"minecraft:mossy_cobblestone":1,"minecraft:baked_potato":1,"minecraft:oak_sapling":1,"minecraft:light_gray_carpet":1,"minecraft:coal":8},"minecraft:broken":{"minecraft:wooden_sword":1,"minecraft:wooden_axe":1},"minecraft:killed":{"minecraft:skeleton":1,"minecraft:chicken":1,"minecraft:pig":6,"minecraft:iron_golem":2,"minecraft:creeper":1,"minecraft:sheep":11,"minecraft:zombie":9,"minecraft:cow":3},"minecraft:dropped":{"minecraft:wheat_seeds":4,"minecraft:oak_fence":1,"minecraft:leather":1,"minecraft:apple":1,"minecraft:mutton":1,"minecraft:gold_nugget":1,"minecraft:paper":5,"minecraft:white_wool":2,"minecraft:white_carpet":2,"minecraft:light_gray_carpet":1,"minecraft:leather_leggings":1},"minecraft:used":{"minecraft:poppy":2,"minecraft:spruce_planks":28,"minecraft:iron_sword":41,"minecraft:rotten_flesh":1,"minecraft:oak_door":1,"minecraft:torch":1,"minecraft:dirt":18,"minecraft:mutton":10,"minecraft:jungle_planks":3,"minecraft:golden_chestplate":1,"minecraft:wooden_axe":106,"minecraft:iron_axe":14,"minecraft:oak_stairs":2,"minecraft:barrel":6,"minecraft:bamboo":1,"minecraft:beef":2,"minecraft:furnace":5,"minecraft:cooked_beef":1,"minecraft:wheat_seeds":39,"minecraft:cooked_mutton":3,"minecraft:baked_potato":12,"minecraft:wooden_pickaxe":68,"minecraft:birch_boat":1,"minecraft:jungle_boat":1,"minecraft:crafting_table":10,"minecraft:white_bed":3,"minecraft:melon_slice":117,"minecraft:golden_helmet":1,"minecraft:stone_axe":5,"minecraft:wooden_sword":96,"minecraft:cooked_porkchop":3},"minecraft:killed_by":{"minecraft:creeper":1,"minecraft:skeleton":2,"minecraft:zombie":4},"minecraft:custom":{"minecraft:mob_kills":34,"minecraft:interact_with_crafting_table":23,"minecraft:open_barrel":8,"minecraft:leave_game":1,"minecraft:time_since_death":117798,"minecraft:climb_one_cm":10063,"minecraft:sprint_one_cm":742861,"minecraft:walk_one_cm":277201,"minecraft:drop":13,"minecraft:talked_to_villager":4,"minecraft:play_time":236343,"minecraft:deaths":7,"minecraft:sneak_time":577,"minecraft:walk_under_water_one_cm":11476,"minecraft:boat_one_cm":715502,"minecraft:interact_with_brewingstand":1,"minecraft:jump":3948,"minecraft:walk_on_water_one_cm":53039,"minecraft:total_world_time":236343,"minecraft:interact_with_furnace":17,"minecraft:sleep_in_bed":6,"minecraft:time_since_rest":10191,"minecraft:damage_taken":3760,"minecraft:damage_dealt":5531,"minecraft:swim_one_cm":177580,"minecraft:fly_one_cm":1004901,"minecraft:open_chest":28,"minecraft:crouch_one_cm":1051,"minecraft:fall_one_cm":99478,"minecraft:inspect_dispenser":2}},"DataVersion":3953}