{"stats":{"minecraft:used":{"minecraft:iron_shovel":337,"minecraft:dispenser":1,"minecraft:spruce_slab":160,"minecraft:ladder":32,"minecraft:poppy":2,"minecraft:oak_sign":4,"minecraft:shield":131,"minecraft:chest":17,"minecraft:white_terracotta":3,"minecraft:iron_sword":222,"minecraft:rotten_flesh":34,"minecraft:iron_chestplate":1,"minecraft:mutton":10,"minecraft:jungle_planks":3,"minecraft:nether_bricks":6,"minecraft:carrot":301,"minecraft:obsidian":12,"minecraft:spruce_boat":46,"minecraft:glass":13,"minecraft:lava_bucket":4,"minecraft:stone_bricks":73,"minecraft:bow":73,"minecraft:scaffolding":116,"minecraft:oak_sapling":3,"minecraft:furnace":10,"minecraft:potato":272,"minecraft:diorite":2,"minecraft:oak_planks":150,"minecraft:stone_pickaxe":131,"minecraft:powered_rail":16,"minecraft:blackstone":11,"minecraft:wooden_pickaxe":78,"minecraft:composter":2,"minecraft:sugar_cane":36,"minecraft:diamond_axe":1913,"minecraft:jungle_boat":7,"minecraft:sand":7,"minecraft:blast_furnace":9,"minecraft:crossbow":3,"minecraft:lightning_rod":2,"minecraft:redstone_torch":15,"minecraft:melon_slice":117,"minecraft:bread":157,"minecraft:lectern":75,"minecraft:gravel":27,"minecraft:golden_helmet":1,"minecraft:diamond_sword":462,"minecraft:wooden_sword":96,"minecraft:smithing_table":2,"minecraft:bone_meal":87,"minecraft:oak_trapdoor":11,"minecraft:enchanting_table":1,"minecraft:flint_and_steel":1,"minecraft:spruce_planks":907,"minecraft:netherrack":104,"minecraft:oak_door":2,"minecraft:torch":555,"minecraft:dirt":410,"minecraft:brewing_stand":1,"minecraft:anvil":1,"minecraft:hopper":10,"minecraft:spruce_stairs":5,"minecraft:golden_chestplate":1,"minecraft:golden_shovel":33,"minecraft:granite":20,"minecraft:polished_diorite":1,"minecraft:iron_hoe":265,"minecraft:wooden_axe":106,"minecraft:muddy_mangrove_roots":1,"minecraft:iron_axe":228,"minecraft:oak_stairs":2,"minecraft:spruce_button":1,"minecraft:barrel":11,"minecraft:bamboo":44,"minecraft:basalt":11,"minecraft:beef":2,"minecraft:minecart":6,"minecraft:cooked_beef":28,"minecraft:pointed_dripstone":4,"minecraft:wheat_seeds":39,"minecraft:cooked_mutton":3,"minecraft:water_bucket":67,"minecraft:chiseled_bookshelf":1,"minecraft:baked_potato":75,"minecraft:birch_boat":1,"minecraft:spruce_sign":1,"minecraft:cauldron":4,"minecraft:fletching_table":6,"minecraft:stonecutter":1,"minecraft:rail":424,"minecraft:crafting_table":33,"minecraft:oak_slab":1,"minecraft:white_bed":27,"minecraft:spruce_log":9,"minecraft:smoker":2,"minecraft:diamond_pickaxe":1085,"minecraft:diamond_shovel":458,"minecraft:iron_pickaxe":475,"minecraft:suspicious_stew":2,"minecraft:spruce_trapdoor":24,"minecraft:spruce_sapling":135,"minecraft:stone_axe":5,"minecraft:enchanted_book":2,"minecraft:cobblestone":48,"minecraft:cooked_porkchop":3,"minecraft:bucket":83,"minecraft:glass_pane":278},"minecraft:broken":{"minecraft:iron_shovel":1,"minecraft:golden_shovel":1,"minecraft:stone_pickaxe":1,"minecraft:wooden_sword":1,"minecraft:wooden_axe":1,"minecraft:golden_chestplate":1,"minecraft:iron_hoe":1,"minecraft:shield":2,"minecraft:diamond_axe":1,"minecraft:iron_pickaxe":1},"minecraft:picked_up":{"minecraft:wheat":54,"minecraft:nether_brick_fence":10,"minecraft:diamond_sword":1,"minecraft:smithing_table":2,"minecraft:oak_stairs":2,"minecraft:enchanted_book":3,"minecraft:brewing_stand":5,"minecraft:string":35,"minecraft:raw_copper":28,"minecraft:iron_leggings":1,"minecraft:oak_sign":2,"minecraft:beetroot":1,"minecraft:diamond_leggings":7,"minecraft:cobbled_deepslate":56,"minecraft:bucket":2,"minecraft:spruce_planks":241,"minecraft:redstone_torch":13,"minecraft:melon_slice":404,"minecraft:iron_boots":8,"minecraft:furnace":9,"minecraft:golden_helmet":1,"minecraft:spruce_pressure_plate":26,"minecraft:stick":163,"minecraft:oak_fence":7,"minecraft:torch":139,"minecraft:spruce_stairs":3,"minecraft:porkchop":12,"minecraft:lightning_rod":1,"minecraft:pointed_dripstone":37,"minecraft:diorite":28,"minecraft:rabbit_foot":1,"minecraft:rotten_flesh":131,"minecraft:armadillo_scute":2,"minecraft:mangrove_roots":2,"minecraft:white_terracotta":3,"minecraft:blaze_rod":24,"minecraft:obsidian":6,"minecraft:cobblestone":710,"minecraft:birch_log":7,"minecraft:muddy_mangrove_roots":1,"minecraft:feather":1,"minecraft:magma_cream":1,"minecraft:jungle_log":24,"minecraft:smoker":1,"minecraft:potato":941,"minecraft:flint":7,"minecraft:wither_skeleton_skull":3,"minecraft:lapis_lazuli":224,"minecraft:dirt":1091,"minecraft:name_tag":6,"minecraft:leather_boots":2,"minecraft:glass":71,"minecraft:bone":112,"minecraft:bow":7,"minecraft:wheat_seeds":171,"minecraft:raw_gold":113,"minecraft:bell":1,"minecraft:grindstone":2,"minecraft:fletching_table":3,"minecraft:rabbit":2,"minecraft:diamond_helmet":5,"minecraft:bamboo":381,"minecraft:powered_rail":9,"minecraft:oak_planks":393,"minecraft:music_disc_13":1,"minecraft:poisonous_potato":10,"minecraft:sand":511,"minecraft:grass_block":1,"minecraft:dark_oak_log":1,"minecraft:barrel":10,"minecraft:mossy_cobblestone":5,"minecraft:diamond":20,"minecraft:spruce_boat":37,"minecraft:granite":20,"minecraft:emerald":78,"minecraft:golden_horse_armor":1,"minecraft:bread":38,"minecraft:oak_sapling":21,"minecraft:light_gray_carpet":1,"minecraft:netherrack":104,"minecraft:diamond_pickaxe":2,"minecraft:mud":19,"minecraft:cocoa_beans":15,"minecraft:crafting_table":14,"minecraft:azure_bluet":2,"minecraft:ladder":33,"minecraft:chicken":4,"minecraft:nether_wart":20,"minecraft:leather_leggings":1,"minecraft:brown_mushroom":33,"minecraft:wooden_pickaxe":6,"minecraft:gold_block":2,"minecraft:cornflower":1,"minecraft:moss_carpet":1,"minecraft:oak_trapdoor":2,"minecraft:iron_axe":1,"minecraft:wooden_sword":5,"minecraft:flint_and_steel":1,"minecraft:white_carpet":2,"minecraft:blackstone":11,"minecraft:glass_pane":52,"minecraft:beef":46,"minecraft:jungle_sapling":1,"minecraft:iron_nugget":3,"minecraft:poppy":8,"minecraft:light_gray_wool":3,"minecraft:spruce_slab":27,"minecraft:minecart":28,"minecraft:lectern":72,"minecraft:sugar_cane":113,"minecraft:chest":6,"minecraft:spruce_trapdoor":2,"minecraft:phantom_membrane":4,"minecraft:egg":17,"minecraft:dark_oak_sapling":1,"minecraft:raw_iron":210,"minecraft:oak_door":3,"minecraft:carrot":746,"minecraft:redstone":110,"minecraft:iron_horse_armor":3,"minecraft:arrow":167,"minecraft:diamond_chestplate":2,"minecraft:beetroot_seeds":8,"minecraft:nether_bricks":7,"minecraft:shears":1,"minecraft:diamond_boots":3,"minecraft:hay_block":197,"minecraft:saddle":4,"minecraft:gold_ingot":59,"minecraft:mutton":20,"minecraft:bone_block":6,"minecraft:rail":532,"minecraft:white_wool":93,"minecraft:oxeye_daisy":3,"minecraft:jungle_boat":6,"minecraft:basalt":66,"minecraft:salmon":4,"minecraft:leather":23,"minecraft:acacia_wood":1,"minecraft:oak_log":53,"minecraft:lily_pad":6,"minecraft:gunpowder":30,"minecraft:apple":5,"minecraft:stone_bricks":27,"minecraft:kelp":11,"minecraft:rabbit_hide":1,"minecraft:iron_ingot":21,"minecraft:acacia_sapling":2,"minecraft:iron_sword":1,"minecraft:soul_sand":20,"minecraft:scaffolding":112,"minecraft:oak_slab":1,"minecraft:birch_boat":1,"minecraft:pumpkin":44,"minecraft:quartz":7,"minecraft:dandelion":23,"minecraft:dripstone_block":1,"minecraft:gravel":50,"minecraft:amethyst_shard":16,"minecraft:spruce_sapling":149,"minecraft:blast_furnace":8,"minecraft:white_bed":9,"minecraft:spruce_log":2063,"minecraft:spider_eye":4,"minecraft:polished_diorite":1,"minecraft:diamond_axe":1,"minecraft:baked_potato":34,"minecraft:melon_seeds":1,"minecraft:black_wool":8,"minecraft:mangrove_propagule":1,"minecraft:coal":262,"minecraft:hopper":1,"minecraft:ender_pearl":3},"minecraft:killed":{"minecraft:cave_spider":1,"minecraft:witch":1,"minecraft:spider":21,"minecraft:skeleton":47,"minecraft:chicken":2,"minecraft:magma_cube":19,"minecraft:pig":6,"minecraft:zombie_villager":2,"minecraft:salmon":4,"minecraft:iron_golem":4,"minecraft:creeper":12,"minecraft:sheep":11,"minecraft:zombie":90,"minecraft:ghast":1,"minecraft:blaze":10,"minecraft:cow":26,"minecraft:phantom":2,"minecraft:rabbit":2,"minecraft:wither_skeleton":14,"minecraft:villager":1,"minecraft:enderman":1},"minecraft:killed_by":{"minecraft:creeper":2,"minecraft:zombie":4,"minecraft:skeleton":2},"minecraft:custom":{"minecraft:animals_bred":9,"minecraft:interact_with_crafting_table":182,"minecraft:open_barrel":240,"minecraft:leave_game":8,"minecraft:time_since_death":46757,"minecraft:sprint_one_cm":3079435,"minecraft:damage_blocked_by_shield":8255,"minecraft:drop":160,"minecraft:talked_to_villager":256,"minecraft:play_time":1127407,"minecraft:deaths":8,"minecraft:jump":17817,"minecraft:interact_with_brewingstand":2,"minecraft:walk_on_water_one_cm":101599,"minecraft:enchant_item":3,"minecraft:interact_with_furnace":167,"minecraft:traded_with_villager":372,"minecraft:sleep_in_bed":47,"minecraft:damage_dealt":43079,"minecraft:crouch_one_cm":51620,"minecraft:interact_with_smoker":23,"minecraft:use_cauldron":7,"minecraft:inspect_dispenser":21,"minecraft:horse_one_cm":237320,"minecraft:interact_with_smithing_table":2,"minecraft:interact_with_anvil":2,"minecraft:mob_kills":279,"minecraft:climb_one_cm":52310,"minecraft:walk_one_cm":2078249,"minecraft:sneak_time":15176,"minecraft:walk_under_water_one_cm":43969,"minecraft:boat_one_cm":1120881,"minecraft:interact_with_blast_furnace":92,"minecraft:total_world_time":1127407,"minecraft:interact_with_stonecutter":1,"minecraft:time_since_rest":2927,"minecraft:damage_taken":12328,"minecraft:minecart_one_cm":30138,"minecraft:swim_one_cm":245173,"minecraft:fly_one_cm":4454698,"minecraft:open_chest":456,"minecraft:fall_one_cm":472473},"minecraft:dropped":{"minecraft:iron_sword":2,"minecraft:baked_potato":3,"minecraft:leather":1,"minecraft:rail":51,"minecraft:mutton":1,"minecraft:gold_nugget":1,"minecraft:iron_pickaxe":1,"minecraft:white_wool":2,"minecraft:gold_ingot":68,"minecraft:bone":2,"minecraft:gravel":3,"minecraft:cobbled_deepslate":3,"minecraft:rotten_flesh":5,"minecraft:light_gray_carpet":1,"minecraft:nether_brick_fence":10,"minecraft:carrot":19,"minecraft:leather_boots":1,"minecraft:ladder":33,"minecraft:leather_leggings":1,"minecraft:arrow":165,"minecraft:quartz":7,"minecraft:water_bucket":2,"minecraft:iron_ingot":3,"minecraft:bread":21,"minecraft:wheat_seeds":62,"minecraft:golden_helmet":3,"minecraft:golden_horse_armor":1,"minecraft:dripstone_block":1,"minecraft:diamond_leggings":8,"minecraft:oak_fence":1,"minecraft:cobblestone":143,"minecraft:apple":1,"minecraft:oxeye_daisy":2,"minecraft:lava_bucket":1,"minecraft:torch":12,"minecraft:diamond_helmet":5,"minecraft:iron_shovel":1,"minecraft:paper":5,"minecraft:string":3,"minecraft:dandelion":3,"minecraft:blaze_rod":12,"minecraft:white_carpet":2,"minecraft:name_tag":4,"minecraft:lightning_rod":1,"minecraft:potato":216,"minecraft:diamond_chestplate":1,"minecraft:diamond_pickaxe":1,"minecraft:oak_sapling":13,"minecraft:diamond_boots":4,"minecraft:bow":3},"minecraft:crafted":{"minecraft:smooth_stone":3,"minecraft:oak_planks":148,"minecraft:barrel":1,"minecraft:oak_sign":3,"minecraft:birch_wood":3,"minecraft:birch_boat":1,"minecraft:lightning_rod":3,"minecraft:stone":81,"minecraft:diamond_shovel":2,"minecraft:bookshelf":3,"minecraft:spruce_pressure_plate":26,"minecraft:cooked_mutton":4,"minecraft:glass":144,"minecraft:hopper":9,"minecraft:stone_brick_slab":8,"minecraft:diamond_leggings":3,"minecraft:diamond_helmet":2,"minecraft:bow":5,"minecraft:iron_boots":11,"minecraft:chest":22,"minecraft:rail":80,"minecraft:stone_bricks":48,"minecraft:raw_iron_block":22,"minecraft:smoker":1,"minecraft:emerald":288,"minecraft:arrow":480,"minecraft:cauldron":4,"minecraft:cooked_porkchop":3,"minecraft:diamond_axe":2,"minecraft:crafting_table":21,"minecraft:spruce_planks":5844,"minecraft:iron_helmet":1,"minecraft:wooden_pickaxe":5,"minecraft:baked_potato":109,"minecraft:raw_gold_block":8,"minecraft:smithing_table":1,"minecraft:copper_ingot":14,"minecraft:fletching_table":3,"minecraft:birch_planks":12,"minecraft:dispenser":1,"minecraft:spruce_trapdoor":26,"minecraft:lectern":3,"minecraft:iron_chestplate":1,"minecraft:book":13,"minecraft:charcoal":111,"minecraft:paper":27,"minecraft:diamond_pickaxe":1,"minecraft:shield":4,"minecraft:stick":9143,"minecraft:iron_ingot":205,"minecraft:iron_pickaxe":2,"minecraft:iron_block":3,"minecraft:gold_ingot":101,"minecraft:redstone_torch":17,"minecraft:composter":2,"minecraft:shears":2,"minecraft:raw_iron":198,"minecraft:spruce_button":1,"minecraft:furnace":4,"minecraft:blast_furnace":1,"minecraft:bone_meal":93,"minecraft:oak_trapdoor":10,"minecraft:glass_pane":336,"minecraft:scaffolding":42,"minecraft:spruce_stairs":8,"minecraft:iron_axe":1,"minecraft:ladder":33,"minecraft:spruce_slab":198,"minecraft:iron_hoe":2,"minecraft:ender_pearl":7,"minecraft:stone_pickaxe":2,"minecraft:chiseled_bookshelf":1,"minecraft:diamond_boots":4,"minecraft:spruce_boat":15,"minecraft:dark_oak_planks":4,"minecraft:golden_helmet":2,"minecraft:chainmail_leggings":12,"minecraft:minecart":4,"minecraft:wheat":414,"minecraft:cooked_beef":28,"minecraft:crossbow":5,"minecraft:diamond_sword":1,"minecraft:spruce_sign":27,"minecraft:enchanting_table":1,"minecraft:powered_rail":12,"minecraft:iron_sword":1,"minecraft:bucket":6,"minecraft:stone_axe":1,"minecraft:glowstone":3,"minecraft:enchanted_book":3,"minecraft:air":0,"minecraft:bread":137,"minecraft:jungle_planks":88,"minecraft:white_dye":6,"minecraft:raw_gold":72,"minecraft:wooden_axe":3,"minecraft:iron_shovel":2,"minecraft:stonecutter":1,"minecraft:anvil":1,"minecraft:white_bed":18,"minecraft:torch":484,"minecraft:diamond_chestplate":1},"minecraft:mined":{"minecraft:large_amethyst_bud":1,"minecraft:spruce_planks":131,"minecraft:white_bed":9,"minecraft:oak_sapling":3,"minecraft:farmland":2,"minecraft:jungle_leaves":11,"minecraft:brewing_stand":3,"minecraft:obsidian":5,"minecraft:spruce_trapdoor":2,"minecraft:granite":37,"minecraft:grass_block":597,"minecraft:jungle_log":24,"minecraft:oak_pressure_plate":1,"minecraft:soul_soil":1,"minecraft:hopper":1,"minecraft:oxeye_daisy":1,"minecraft:oak_wall_sign":1,"minecraft:nether_wart":20,"minecraft:spawner":1,"minecraft:iron_ore":51,"minecraft:barrel":10,"minecraft:fire":4,"minecraft:pumpkin":38,"minecraft:deepslate_lapis_ore":15,"minecraft:fletching_table":3,"minecraft:azure_bluet":2,"minecraft:pointed_dripstone":12,"minecraft:oak_sign":1,"minecraft:dirt_path":5,"minecraft:oak_stairs":2,"minecraft:spruce_slab":14,"minecraft:tripwire":2,"minecraft:deepslate_redstone_ore":13,"minecraft:brown_mushroom":1,"minecraft:medium_amethyst_bud":1,"minecraft:smoker":1,"minecraft:soul_fire":1,"minecraft:amethyst_cluster":2,"minecraft:torch":114,"minecraft:blast_furnace":8,"minecraft:melon":79,"minecraft:poppy":2,"minecraft:chest":3,"minecraft:glass":3,"minecraft:nether_quartz_ore":1,"minecraft:cobblestone":20,"minecraft:oak_planks":70,"minecraft:sugar_cane":54,"minecraft:grindstone":1,"minecraft:wall_torch":13,"minecraft:amethyst_block":4,"minecraft:seagrass":2,"minecraft:white_terracotta":5,"minecraft:acacia_sapling":2,"minecraft:powered_rail":5,"minecraft:mud":2,"minecraft:birch_log":7,"minecraft:wheat":55,"minecraft:oak_log":55,"minecraft:beetroots":4,"minecraft:sand":131,"minecraft:dirt":247,"minecraft:netherrack":87,"minecraft:oak_leaves":17,"minecraft:deepslate":56,"minecraft:tuff":1,"minecraft:dark_oak_leaves":54,"minecraft:mossy_cobblestone":4,"minecraft:deepslate_diamond_ore":20,"minecraft:oak_door":3,"minecraft:dark_oak_log":1,"minecraft:nether_bricks":7,"minecraft:chiseled_bookshelf":1,"minecraft:spruce_leaves":172,"minecraft:mangrove_propagule":1,"minecraft:hay_block":133,"minecraft:oak_trapdoor":2,"minecraft:spruce_sapling":4,"minecraft:furnace":9,"minecraft:carrots":168,"minecraft:acacia_wood":1,"minecraft:andesite":19,"minecraft:gold_block":2,"minecraft:bell":1,"minecraft:potatoes":235,"minecraft:deepslate_iron_ore":89,"minecraft:vine":4,"minecraft:rail":373,"minecraft:packed_ice":3,"minecraft:bamboo_sapling":1,"minecraft:bamboo":35,"minecraft:stone":470,"minecraft:bone_block":4,"minecraft:redstone_wall_torch":5,"minecraft:smithing_table":2,"minecraft:oak_slab":1,"minecraft:light_gray_carpet":1,"minecraft:scaffolding":11,"minecraft:glass_pane":4,"minecraft:basalt":71,"minecraft:dandelion":6,"minecraft:oak_fence":4,"minecraft:crafting_table":13,"minecraft:cornflower":1,"minecraft:short_grass":499,"minecraft:lectern":72,"minecraft:lightning_rod":2,"minecraft:copper_ore":4,"minecraft:tall_grass":54,"minecraft:lapis_ore":2,"minecraft:deepslate_gold_ore":75,"minecraft:diorite":40,"minecraft:redstone_torch":2,"minecraft:white_carpet":2,"minecraft:ice":4,"minecraft:spruce_log":1726,"minecraft:birch_leaves":1,"minecraft:coal_ore":195,"minecraft:cocoa":9,"minecraft:gravel":37,"minecraft:dripstone_block":4,"minecraft:cobweb":1,"minecraft:stone_bricks":25,"minecraft:fern":4}},"DataVersion":3953}