{"stats":{"minecraft:used":{"minecraft:iron_shovel":337,"minecraft:spruce_slab":148,"minecraft:dispenser":1,"minecraft:poppy":2,"minecraft:oak_sign":4,"minecraft:chest":9,"minecraft:white_terracotta":3,"minecraft:shield":108,"minecraft:iron_sword":222,"minecraft:rotten_flesh":34,"minecraft:iron_chestplate":1,"minecraft:mutton":10,"minecraft:jungle_planks":3,"minecraft:carrot":301,"minecraft:glass":13,"minecraft:lava_bucket":4,"minecraft:stone_bricks":20,"minecraft:bow":14,"minecraft:furnace":10,"minecraft:potato":272,"minecraft:diorite":2,"minecraft:oak_planks":58,"minecraft:stone_pickaxe":131,"minecraft:powered_rail":6,"minecraft:wooden_pickaxe":78,"minecraft:composter":2,"minecraft:diamond_axe":642,"minecraft:jungle_boat":1,"minecraft:sand":7,"minecraft:blast_furnace":6,"minecraft:lightning_rod":1,"minecraft:redstone_torch":5,"minecraft:melon_slice":117,"minecraft:bread":119,"minecraft:lectern":69,"minecraft:gravel":27,"minecraft:golden_helmet":1,"minecraft:diamond_sword":147,"minecraft:wooden_sword":96,"minecraft:smithing_table":2,"minecraft:bone_meal":87,"minecraft:oak_trapdoor":11,"minecraft:enchanting_table":1,"minecraft:spruce_planks":518,"minecraft:oak_door":2,"minecraft:torch":491,"minecraft:dirt":217,"minecraft:spruce_stairs":5,"minecraft:golden_chestplate":1,"minecraft:golden_shovel":33,"minecraft:granite":20,"minecraft:iron_hoe":265,"minecraft:wooden_axe":106,"minecraft:iron_axe":228,"minecraft:oak_stairs":2,"minecraft:spruce_button":1,"minecraft:barrel":10,"minecraft:bamboo":44,"minecraft:beef":2,"minecraft:minecart":2,"minecraft:cooked_beef":6,"minecraft:pointed_dripstone":4,"minecraft:wheat_seeds":39,"minecraft:cooked_mutton":3,"minecraft:chiseled_bookshelf":1,"minecraft:water_bucket":28,"minecraft:baked_potato":22,"minecraft:birch_boat":1,"minecraft:cauldron":4,"minecraft:fletching_table":6,"minecraft:rail":318,"minecraft:crafting_table":23,"minecraft:white_bed":13,"minecraft:spruce_log":1,"minecraft:smoker":2,"minecraft:diamond_pickaxe":577,"minecraft:diamond_shovel":254,"minecraft:iron_pickaxe":475,"minecraft:suspicious_stew":2,"minecraft:spruce_trapdoor":11,"minecraft:spruce_sapling":70,"minecraft:stone_axe":5,"minecraft:enchanted_book":2,"minecraft:cobblestone":30,"minecraft:cooked_porkchop":3,"minecraft:bucket":33,"minecraft:glass_pane":278},"minecraft:broken":{"minecraft:iron_shovel":1,"minecraft:golden_shovel":1,"minecraft:stone_pickaxe":1,"minecraft:wooden_sword":1,"minecraft:wooden_axe":1,"minecraft:golden_chestplate":1,"minecraft:iron_hoe":1,"minecraft:shield":2,"minecraft:iron_pickaxe":1},"minecraft:picked_up":{"minecraft:wheat":54,"minecraft:smithing_table":2,"minecraft:oak_stairs":2,"minecraft:enchanted_book":1,"minecraft:brewing_stand":2,"minecraft:string":26,"minecraft:raw_copper":28,"minecraft:oak_sign":2,"minecraft:beetroot":1,"minecraft:cobbled_deepslate":56,"minecraft:bucket":2,"minecraft:spruce_planks":65,"minecraft:redstone_torch":8,"minecraft:melon_slice":404,"minecraft:furnace":9,"minecraft:spruce_pressure_plate":26,"minecraft:stick":43,"minecraft:oak_fence":7,"minecraft:torch":128,"minecraft:spruce_stairs":3,"minecraft:porkchop":12,"minecraft:pointed_dripstone":37,"minecraft:diorite":16,"minecraft:rabbit_foot":1,"minecraft:rotten_flesh":85,"minecraft:white_terracotta":3,"minecraft:obsidian":5,"minecraft:cobblestone":458,"minecraft:birch_log":7,"minecraft:jungle_log":24,"minecraft:smoker":1,"minecraft:potato":941,"minecraft:flint":7,"minecraft:lapis_lazuli":224,"minecraft:dirt":769,"minecraft:name_tag":4,"minecraft:bone":73,"minecraft:glass":71,"minecraft:bow":1,"minecraft:wheat_seeds":125,"minecraft:raw_gold":113,"minecraft:grindstone":2,"minecraft:rabbit":2,"minecraft:fletching_table":3,"minecraft:bamboo":97,"minecraft:powered_rail":4,"minecraft:oak_planks":333,"minecraft:music_disc_13":1,"minecraft:poisonous_potato":10,"minecraft:sand":511,"minecraft:dark_oak_log":1,"minecraft:barrel":10,"minecraft:mossy_cobblestone":5,"minecraft:diamond":20,"minecraft:granite":20,"minecraft:golden_horse_armor":1,"minecraft:oak_sapling":5,"minecraft:light_gray_carpet":1,"minecraft:cocoa_beans":15,"minecraft:crafting_table":6,"minecraft:azure_bluet":1,"minecraft:chicken":3,"minecraft:wooden_pickaxe":6,"minecraft:cornflower":1,"minecraft:oak_trapdoor":2,"minecraft:iron_axe":1,"minecraft:wooden_sword":5,"minecraft:flint_and_steel":1,"minecraft:white_carpet":2,"minecraft:glass_pane":52,"minecraft:beef":46,"minecraft:lectern":67,"minecraft:jungle_sapling":1,"minecraft:iron_nugget":3,"minecraft:poppy":4,"minecraft:spruce_slab":22,"minecraft:light_gray_wool":2,"minecraft:minecart":7,"minecraft:sugar_cane":86,"minecraft:chest":2,"minecraft:spruce_trapdoor":1,"minecraft:egg":15,"minecraft:dark_oak_sapling":1,"minecraft:raw_iron":208,"minecraft:oak_door":3,"minecraft:carrot":728,"minecraft:redstone":110,"minecraft:iron_horse_armor":3,"minecraft:arrow":52,"minecraft:beetroot_seeds":8,"minecraft:shears":1,"minecraft:hay_block":171,"minecraft:saddle":1,"minecraft:gold_ingot":27,"minecraft:mutton":20,"minecraft:white_wool":42,"minecraft:rail":476,"minecraft:jungle_boat":1,"minecraft:salmon":4,"minecraft:leather":23,"minecraft:oak_log":27,"minecraft:gunpowder":24,"minecraft:stone_bricks":2,"minecraft:rabbit_hide":1,"minecraft:iron_ingot":14,"minecraft:iron_sword":1,"minecraft:birch_boat":1,"minecraft:pumpkin":44,"minecraft:dandelion":20,"minecraft:dripstone_block":1,"minecraft:gravel":38,"minecraft:amethyst_shard":16,"minecraft:spruce_sapling":73,"minecraft:blast_furnace":5,"minecraft:white_bed":7,"minecraft:spruce_log":709,"minecraft:spider_eye":2,"minecraft:baked_potato":1,"minecraft:black_wool":8,"minecraft:coal":167},"minecraft:killed":{"minecraft:cave_spider":1,"minecraft:spider":15,"minecraft:skeleton":26,"minecraft:chicken":1,"minecraft:pig":6,"minecraft:zombie_villager":1,"minecraft:salmon":4,"minecraft:iron_golem":2,"minecraft:creeper":7,"minecraft:sheep":11,"minecraft:zombie":56,"minecraft:cow":26,"minecraft:rabbit":2},"minecraft:killed_by":{"minecraft:creeper":1,"minecraft:zombie":4,"minecraft:skeleton":2},"minecraft:custom":{"minecraft:animals_bred":9,"minecraft:interact_with_crafting_table":137,"minecraft:open_barrel":176,"minecraft:leave_game":6,"minecraft:time_since_death":625440,"minecraft:sprint_one_cm":1923853,"minecraft:damage_blocked_by_shield":6995,"minecraft:drop":61,"minecraft:talked_to_villager":146,"minecraft:play_time":743985,"minecraft:deaths":7,"minecraft:jump":10172,"minecraft:interact_with_brewingstand":1,"minecraft:walk_on_water_one_cm":78248,"minecraft:enchant_item":3,"minecraft:interact_with_furnace":95,"minecraft:traded_with_villager":129,"minecraft:sleep_in_bed":39,"minecraft:damage_dealt":24683,"minecraft:crouch_one_cm":26560,"minecraft:interact_with_smoker":20,"minecraft:use_cauldron":2,"minecraft:inspect_dispenser":7,"minecraft:horse_one_cm":94055,"minecraft:interact_with_smithing_table":2,"minecraft:mob_kills":158,"minecraft:climb_one_cm":10063,"minecraft:walk_one_cm":1324041,"minecraft:sneak_time":8306,"minecraft:walk_under_water_one_cm":26557,"minecraft:boat_one_cm":715502,"minecraft:interact_with_blast_furnace":60,"minecraft:total_world_time":743985,"minecraft:time_since_rest":17808,"minecraft:damage_taken":9099,"minecraft:swim_one_cm":225630,"minecraft:fly_one_cm":2493635,"minecraft:open_chest":282,"minecraft:fall_one_cm":262653},"minecraft:dropped":{"minecraft:iron_sword":2,"minecraft:leather":1,"minecraft:mutton":1,"minecraft:gold_nugget":1,"minecraft:iron_pickaxe":1,"minecraft:white_wool":2,"minecraft:gravel":1,"minecraft:cobbled_deepslate":3,"minecraft:rotten_flesh":1,"minecraft:light_gray_carpet":1,"minecraft:carrot":19,"minecraft:leather_boots":1,"minecraft:leather_leggings":1,"minecraft:arrow":8,"minecraft:iron_ingot":2,"minecraft:wheat_seeds":21,"minecraft:golden_horse_armor":1,"minecraft:dripstone_block":1,"minecraft:oak_fence":1,"minecraft:cobblestone":143,"minecraft:apple":1,"minecraft:paper":5,"minecraft:white_carpet":2,"minecraft:lightning_rod":1,"minecraft:potato":216,"minecraft:bow":1},"minecraft:crafted":{"minecraft:oak_planks":44,"minecraft:smooth_stone":3,"minecraft:oak_sign":3,"minecraft:birch_wood":3,"minecraft:birch_boat":1,"minecraft:lightning_rod":3,"minecraft:stone":26,"minecraft:diamond_shovel":1,"minecraft:bookshelf":3,"minecraft:cooked_mutton":4,"minecraft:spruce_pressure_plate":26,"minecraft:glass":144,"minecraft:bow":4,"minecraft:iron_boots":1,"minecraft:chest":7,"minecraft:rail":80,"minecraft:stone_bricks":20,"minecraft:raw_iron_block":22,"minecraft:smoker":1,"minecraft:emerald":101,"minecraft:arrow":288,"minecraft:cauldron":4,"minecraft:cooked_porkchop":3,"minecraft:diamond_axe":1,"minecraft:crafting_table":18,"minecraft:spruce_planks":2484,"minecraft:iron_helmet":1,"minecraft:wooden_pickaxe":5,"minecraft:baked_potato":45,"minecraft:raw_gold_block":8,"minecraft:smithing_table":1,"minecraft:copper_ingot":14,"minecraft:fletching_table":3,"minecraft:birch_planks":12,"minecraft:dispenser":1,"minecraft:spruce_trapdoor":12,"minecraft:lectern":3,"minecraft:diamond_pickaxe":1,"minecraft:iron_chestplate":1,"minecraft:book":13,"minecraft:paper":27,"minecraft:charcoal":43,"minecraft:shield":3,"minecraft:stick":3472,"minecraft:iron_ingot":136,"minecraft:iron_pickaxe":2,"minecraft:gold_ingot":33,"minecraft:redstone_torch":7,"minecraft:composter":2,"minecraft:shears":1,"minecraft:raw_iron":198,"minecraft:spruce_button":1,"minecraft:furnace":4,"minecraft:blast_furnace":1,"minecraft:bone_meal":87,"minecraft:oak_trapdoor":10,"minecraft:glass_pane":336,"minecraft:spruce_stairs":8,"minecraft:iron_axe":1,"minecraft:iron_hoe":2,"minecraft:spruce_slab":180,"minecraft:stone_pickaxe":2,"minecraft:chiseled_bookshelf":1,"minecraft:dark_oak_planks":4,"minecraft:minecart":2,"minecraft:wheat":414,"minecraft:cooked_beef":28,"minecraft:crossbow":5,"minecraft:diamond_sword":1,"minecraft:enchanting_table":1,"minecraft:powered_rail":6,"minecraft:iron_sword":1,"minecraft:bucket":2,"minecraft:stone_axe":1,"minecraft:enchanted_book":2,"minecraft:bread":116,"minecraft:air":0,"minecraft:jungle_planks":88,"minecraft:raw_gold":72,"minecraft:wooden_axe":3,"minecraft:iron_shovel":1,"minecraft:white_bed":6,"minecraft:torch":364},"minecraft:mined":{"minecraft:large_amethyst_bud":1,"minecraft:spruce_planks":47,"minecraft:white_bed":7,"minecraft:farmland":2,"minecraft:jungle_leaves":11,"minecraft:brewing_stand":1,"minecraft:obsidian":5,"minecraft:spruce_trapdoor":1,"minecraft:granite":37,"minecraft:grass_block":382,"minecraft:jungle_log":24,"minecraft:oak_pressure_plate":1,"minecraft:oak_wall_sign":1,"minecraft:spawner":1,"minecraft:iron_ore":49,"minecraft:barrel":10,"minecraft:pumpkin":38,"minecraft:fletching_table":3,"minecraft:deepslate_lapis_ore":15,"minecraft:azure_bluet":1,"minecraft:pointed_dripstone":12,"minecraft:oak_sign":1,"minecraft:dirt_path":5,"minecraft:oak_stairs":2,"minecraft:spruce_slab":6,"minecraft:tripwire":2,"minecraft:deepslate_redstone_ore":13,"minecraft:smoker":1,"minecraft:medium_amethyst_bud":1,"minecraft:amethyst_cluster":2,"minecraft:torch":105,"minecraft:blast_furnace":5,"minecraft:melon":79,"minecraft:chest":2,"minecraft:glass":3,"minecraft:cobblestone":19,"minecraft:grindstone":1,"minecraft:sugar_cane":29,"minecraft:oak_planks":33,"minecraft:wall_torch":13,"minecraft:amethyst_block":4,"minecraft:seagrass":1,"minecraft:white_terracotta":5,"minecraft:birch_log":7,"minecraft:wheat":55,"minecraft:oak_log":27,"minecraft:beetroots":4,"minecraft:sand":131,"minecraft:dirt":183,"minecraft:oak_leaves":6,"minecraft:deepslate":56,"minecraft:tuff":1,"minecraft:mossy_cobblestone":4,"minecraft:dark_oak_leaves":54,"minecraft:deepslate_diamond_ore":20,"minecraft:oak_door":3,"minecraft:dark_oak_log":1,"minecraft:spruce_leaves":79,"minecraft:hay_block":107,"minecraft:oak_trapdoor":2,"minecraft:spruce_sapling":3,"minecraft:furnace":9,"minecraft:carrots":168,"minecraft:andesite":19,"minecraft:potatoes":235,"minecraft:deepslate_iron_ore":89,"minecraft:vine":4,"minecraft:rail":334,"minecraft:packed_ice":3,"minecraft:bamboo_sapling":1,"minecraft:bamboo":10,"minecraft:stone":316,"minecraft:redstone_wall_torch":2,"minecraft:smithing_table":2,"minecraft:light_gray_carpet":1,"minecraft:glass_pane":4,"minecraft:dandelion":5,"minecraft:oak_fence":4,"minecraft:crafting_table":6,"minecraft:cornflower":1,"minecraft:short_grass":304,"minecraft:lectern":67,"minecraft:lightning_rod":1,"minecraft:tall_grass":25,"minecraft:copper_ore":4,"minecraft:deepslate_gold_ore":75,"minecraft:lapis_ore":2,"minecraft:diorite":36,"minecraft:ice":4,"minecraft:white_carpet":2,"minecraft:spruce_log":681,"minecraft:birch_leaves":1,"minecraft:coal_ore":103,"minecraft:cocoa":8,"minecraft:gravel":37,"minecraft:dripstone_block":4,"minecraft:cobweb":1,"minecraft:stone_bricks":2,"minecraft:fern":4}},"DataVersion":3953}