{"stats":{"minecraft:picked_up":{"minecraft:diamond_sword":6,"minecraft:smithing_table":4,"minecraft:lead":2,"minecraft:oak_stairs":2,"minecraft:enchanted_book":15,"minecraft:brewing_stand":7,"minecraft:string":74,"minecraft:beetroot":1,"minecraft:diamond_leggings":11,"minecraft:gold_nugget":60,"minecraft:cobbled_deepslate":66,"minecraft:spruce_planks":345,"minecraft:melon_slice":446,"minecraft:mangrove_log":1,"minecraft:golden_helmet":2,"minecraft:spruce_pressure_plate":26,"minecraft:composter":4,"minecraft:lightning_rod":1,"minecraft:golden_chestplate":1,"minecraft:rabbit_foot":1,"minecraft:tropical_fish":1,"minecraft:armadillo_scute":2,"minecraft:carved_pumpkin":2,"minecraft:glowstone":3,"minecraft:bookshelf":1,"minecraft:white_terracotta":4,"minecraft:blaze_rod":24,"minecraft:snowball":2,"minecraft:birch_log":11,"minecraft:magma_block":2,"minecraft:feather":1,"minecraft:jungle_log":24,"minecraft:smoker":1,"minecraft:flint":8,"minecraft:lantern":16,"minecraft:rabbit":2,"minecraft:diamond_helmet":8,"minecraft:glowstone_dust":21,"minecraft:ink_sac":2,"minecraft:dark_oak_log":1,"minecraft:barrel":10,"minecraft:granite":24,"minecraft:golden_horse_armor":1,"minecraft:bread":98,"minecraft:light_gray_carpet":1,"minecraft:diamond_pickaxe":7,"minecraft:mud":19,"minecraft:crafting_table":18,"minecraft:nether_wart":40,"minecraft:leather_leggings":1,"minecraft:cornflower":5,"minecraft:elytra":3,"minecraft:flint_and_steel":1,"minecraft:white_carpet":4,"minecraft:glass_pane":52,"minecraft:beef":46,"minecraft:poppy":166,"minecraft:jungle_sapling":1,"minecraft:iron_nugget":3,"minecraft:spruce_slab":43,"minecraft:minecart":51,"minecraft:chest":14,"minecraft:egg":28,"minecraft:stone":3,"minecraft:oak_door":5,"minecraft:carrot":1487,"minecraft:redstone":115,"minecraft:diamond_chestplate":6,"minecraft:beetroot_seeds":8,"minecraft:shears":1,"minecraft:diamond_boots":7,"minecraft:hay_block":203,"minecraft:gold_ingot":91,"minecraft:glow_berries":3,"minecraft:mutton":22,"minecraft:rail":1116,"minecraft:bone_block":6,"minecraft:white_wool":93,"minecraft:oxeye_daisy":4,"minecraft:yellow_shulker_box":2,"minecraft:acacia_wood":1,"minecraft:oak_log":118,"minecraft:lily_pad":7,"minecraft:golden_boots":1,"minecraft:paper":19,"minecraft:stone_bricks":29,"minecraft:apple":8,"minecraft:kelp":278,"minecraft:stone_pickaxe":1,"minecraft:mangrove_planks":3,"minecraft:iron_sword":2,"minecraft:flowering_azalea":1,"minecraft:gravel":51,"minecraft:spruce_sapling":196,"minecraft:spruce_log":2870,"minecraft:firework_rocket":38,"minecraft:diamond_shovel":2,"minecraft:polished_diorite":1,"minecraft:diamond_axe":4,"minecraft:baked_potato":34,"minecraft:melon_seeds":1,"minecraft:mangrove_propagule":2,"minecraft:hopper":7,"minecraft:ender_pearl":8,"minecraft:wheat":54,"minecraft:nether_brick_fence":10,"minecraft:raw_copper":39,"minecraft:iron_leggings":1,"minecraft:oak_sign":2,"minecraft:bucket":3,"minecraft:redstone_torch":20,"minecraft:ender_eye":2,"minecraft:iron_boots":8,"minecraft:furnace":9,"minecraft:stick":193,"minecraft:oak_fence":7,"minecraft:torch":165,"minecraft:spruce_stairs":6,"minecraft:porkchop":12,"minecraft:pointed_dripstone":37,"minecraft:diorite":34,"minecraft:rotten_flesh":210,"minecraft:mangrove_roots":7,"minecraft:obsidian":6,"minecraft:cobblestone":883,"minecraft:muddy_mangrove_roots":1,"minecraft:magma_cream":1,"minecraft:andesite":10,"minecraft:potato":1374,"minecraft:wither_skeleton_skull":3,"minecraft:dirt":1247,"minecraft:lapis_lazuli":224,"minecraft:name_tag":6,"minecraft:leather_boots":2,"minecraft:glass":71,"minecraft:bone":120,"minecraft:bow":8,"minecraft:wheat_seeds":208,"minecraft:raw_gold":113,"minecraft:bell":1,"minecraft:grindstone":5,"minecraft:fletching_table":5,"minecraft:bamboo":381,"minecraft:powered_rail":23,"minecraft:oak_planks":418,"minecraft:music_disc_13":1,"minecraft:poisonous_potato":10,"minecraft:sand":547,"minecraft:grass_block":2,"minecraft:shulker_box":2,"minecraft:mossy_cobblestone":5,"minecraft:spruce_boat":60,"minecraft:diamond":23,"minecraft:bone_meal":10,"minecraft:spruce_sign":5,"minecraft:emerald":220,"minecraft:oak_sapling":45,"minecraft:netherrack":1170,"minecraft:cocoa_beans":18,"minecraft:azure_bluet":10,"minecraft:chicken":4,"minecraft:ladder":98,"minecraft:brown_mushroom":33,"minecraft:wooden_pickaxe":6,"minecraft:gold_block":2,"minecraft:shield":1,"minecraft:oak_trapdoor":5,"minecraft:moss_carpet":1,"minecraft:iron_axe":1,"minecraft:wooden_sword":5,"minecraft:blackstone":26,"minecraft:oak_boat":2,"minecraft:light_gray_wool":3,"minecraft:lectern":421,"minecraft:sugar_cane":271,"minecraft:spruce_trapdoor":10,"minecraft:phantom_membrane":5,"minecraft:dark_oak_sapling":1,"minecraft:raw_iron":248,"minecraft:iron_horse_armor":3,"minecraft:arrow":228,"minecraft:nether_bricks":7,"minecraft:saddle":4,"minecraft:jungle_boat":6,"minecraft:basalt":74,"minecraft:golden_carrot":53,"minecraft:salmon":4,"minecraft:leather":23,"minecraft:yellow_bed":2,"minecraft:gunpowder":85,"minecraft:cobblestone_stairs":1,"minecraft:rabbit_hide":2,"minecraft:iron_ingot":198,"minecraft:soul_sand":47,"minecraft:acacia_sapling":6,"minecraft:book":32,"minecraft:scaffolding":237,"minecraft:oak_slab":1,"minecraft:birch_boat":2,"minecraft:pumpkin":44,"minecraft:quartz":7,"minecraft:dandelion":40,"minecraft:dripstone_block":1,"minecraft:amethyst_shard":16,"minecraft:blast_furnace":9,"minecraft:white_bed":14,"minecraft:spruce_door":2,"minecraft:spider_eye":20,"minecraft:pumpkin_seeds":8,"minecraft:black_wool":8,"minecraft:coal":262},"minecraft:used":{"minecraft:spruce_slab":433,"minecraft:dispenser":1,"minecraft:poppy":18,"minecraft:ladder":33,"minecraft:elytra":1,"minecraft:chest":43,"minecraft:rotten_flesh":34,"minecraft:soul_sand":24,"minecraft:spruce_boat":70,"minecraft:lava_bucket":4,"minecraft:bow":115,"minecraft:furnace":10,"minecraft:oak_sapling":26,"minecraft:egg":1,"minecraft:potato":272,"minecraft:diorite":2,"minecraft:spruce_door":4,"minecraft:powered_rail":21,"minecraft:blackstone":11,"minecraft:wooden_pickaxe":78,"minecraft:composter":10,"minecraft:jungle_boat":7,"minecraft:cookie":90,"minecraft:sand":7,"minecraft:blast_furnace":10,"minecraft:lightning_rod":2,"minecraft:lectern":429,"minecraft:diamond_sword":828,"minecraft:wooden_sword":96,"minecraft:smithing_table":5,"minecraft:oak_boat":3,"minecraft:oak_trapdoor":12,"minecraft:enchanting_table":1,"minecraft:netherrack":315,"minecraft:torch":566,"minecraft:brewing_stand":3,"minecraft:anvil":1,"minecraft:golden_shovel":33,"minecraft:polished_diorite":1,"minecraft:muddy_mangrove_roots":1,"minecraft:iron_axe":240,"minecraft:spruce_button":1,"minecraft:barrel":11,"minecraft:bamboo":44,"minecraft:diamond_chestplate":2,"minecraft:basalt":56,"minecraft:beef":2,"minecraft:cobbled_deepslate":10,"minecraft:pointed_dripstone":4,"minecraft:wheat_seeds":39,"minecraft:chiseled_bookshelf":5,"minecraft:water_bucket":75,"minecraft:yellow_shulker_box":2,"minecraft:cauldron":4,"minecraft:fletching_table":8,"minecraft:rail":844,"minecraft:oak_slab":1,"minecraft:crafting_table":44,"minecraft:white_bed":29,"minecraft:spruce_log":9,"minecraft:ender_eye":2,"minecraft:diamond_pickaxe":2380,"minecraft:diamond_shovel":2453,"minecraft:mangrove_propagule":1,"minecraft:suspicious_stew":3,"minecraft:iron_pickaxe":475,"minecraft:spruce_trapdoor":41,"minecraft:spruce_sapling":171,"minecraft:enchanted_book":27,"minecraft:cobblestone":130,"minecraft:cooked_porkchop":3,"minecraft:glass_pane":297,"minecraft:kelp":71,"minecraft:diamond_leggings":2,"minecraft:iron_shovel":337,"minecraft:oak_sign":4,"minecraft:shield":191,"minecraft:white_terracotta":4,"minecraft:iron_sword":222,"minecraft:nether_wart":20,"minecraft:iron_chestplate":1,"minecraft:mutton":10,"minecraft:jungle_planks":3,"minecraft:nether_bricks":6,"minecraft:carrot":467,"minecraft:obsidian":12,"minecraft:glass":13,"minecraft:lantern":20,"minecraft:iron_helmet":1,"minecraft:stone_bricks":73,"minecraft:magma_block":2,"minecraft:scaffolding":241,"minecraft:diamond_boots":1,"minecraft:stone_pickaxe":131,"minecraft:mangrove_planks":1,"minecraft:oak_planks":191,"minecraft:diamond_axe":3219,"minecraft:sugar_cane":36,"minecraft:crossbow":3,"minecraft:shears":2,"minecraft:redstone_torch":22,"minecraft:firework_rocket":29,"minecraft:bread":247,"minecraft:melon_slice":144,"minecraft:gravel":27,"minecraft:golden_helmet":1,"minecraft:grindstone":4,"minecraft:andesite":4,"minecraft:bone_meal":98,"minecraft:flint_and_steel":4,"minecraft:spruce_planks":1272,"minecraft:oak_door":6,"minecraft:dirt":460,"minecraft:hopper":20,"minecraft:spruce_stairs":11,"minecraft:diamond_helmet":1,"minecraft:shulker_box":1,"minecraft:golden_chestplate":1,"minecraft:granite":20,"minecraft:iron_hoe":265,"minecraft:wooden_axe":106,"minecraft:bookshelf":10,"minecraft:oak_stairs":2,"minecraft:golden_carrot":61,"minecraft:minecart":22,"minecraft:cooked_beef":31,"minecraft:pumpkin":2,"minecraft:cooked_mutton":3,"minecraft:glass_bottle":6,"minecraft:baked_potato":86,"minecraft:birch_boat":3,"minecraft:spruce_sign":11,"minecraft:white_dye":2,"minecraft:stonecutter":1,"minecraft:smoker":2,"minecraft:stone_axe":5,"minecraft:fishing_rod":1,"minecraft:bucket":94,"minecraft:yellow_bed":1,"minecraft:splash_potion":6},"minecraft:dropped":{"minecraft:iron_sword":2,"minecraft:cookie":192,"minecraft:rail":179,"minecraft:emerald":49,"minecraft:gold_nugget":1,"minecraft:bone_meal":72,"minecraft:iron_pickaxe":1,"minecraft:white_wool":2,"minecraft:bone":3,"minecraft:cobbled_deepslate":3,"minecraft:rotten_flesh":7,"minecraft:oak_planks":1,"minecraft:light_gray_carpet":1,"minecraft:nether_brick_fence":10,"minecraft:leather_boots":1,"minecraft:ladder":33,"minecraft:leather_leggings":1,"minecraft:lectern":2,"minecraft:enchanted_book":5,"minecraft:iron_ingot":3,"minecraft:wheat_seeds":76,"minecraft:golden_horse_armor":1,"minecraft:dripstone_block":1,"minecraft:oak_fence":1,"minecraft:cobblestone":143,"minecraft:book":3,"minecraft:apple":1,"minecraft:oxeye_daisy":2,"minecraft:lava_bucket":1,"minecraft:golden_carrot":66,"minecraft:diamond_helmet":9,"minecraft:paper":5,"minecraft:iron_shovel":2,"minecraft:string":3,"minecraft:moss_carpet":1,"minecraft:white_carpet":4,"minecraft:name_tag":4,"minecraft:lightning_rod":1,"minecraft:diamond_sword":4,"minecraft:potato":216,"minecraft:diamond_pickaxe":4,"minecraft:carved_pumpkin":1,"minecraft:bow":3,"minecraft:birch_planks":3,"minecraft:diamond_axe":2,"minecraft:baked_potato":3,"minecraft:ender_pearl":12,"minecraft:lantern":6,"minecraft:leather":1,"minecraft:mutton":1,"minecraft:gold_ingot":68,"minecraft:gravel":3,"minecraft:blackstone":15,"minecraft:mangrove_roots":3,"minecraft:diamond_shovel":2,"minecraft:carrot":19,"minecraft:basalt":2,"minecraft:arrow":165,"minecraft:quartz":7,"minecraft:water_bucket":2,"minecraft:bread":75,"minecraft:golden_helmet":4,"minecraft:bookshelf":8,"minecraft:diamond_leggings":13,"minecraft:mangrove_propagule":1,"minecraft:stick":7,"minecraft:torch":12,"minecraft:iron_axe":1,"minecraft:dandelion":3,"minecraft:blaze_rod":12,"minecraft:diamond_chestplate":7,"minecraft:oak_sapling":13,"minecraft:diamond_boots":8,"minecraft:stone_pickaxe":12},"minecraft:broken":{"minecraft:wooden_sword":1,"minecraft:iron_hoe":1,"minecraft:shield":4,"minecraft:iron_pickaxe":1,"minecraft:iron_shovel":1,"minecraft:golden_shovel":1,"minecraft:stone_pickaxe":1,"minecraft:wooden_axe":1,"minecraft:golden_chestplate":1,"minecraft:diamond_axe":1},"minecraft:custom":{"minecraft:interact_with_crafting_table":259,"minecraft:open_barrel":344,"minecraft:leave_game":15,"minecraft:time_since_death":148881,"minecraft:damage_blocked_by_shield":12288,"minecraft:play_time":1862206,"minecraft:deaths":14,"minecraft:jump":32400,"minecraft:enchant_item":3,"minecraft:interact_with_furnace":209,"minecraft:traded_with_villager":1693,"minecraft:sleep_in_bed":67,"minecraft:damage_dealt":68026,"minecraft:interact_with_smoker":30,"minecraft:use_cauldron":10,"minecraft:inspect_dispenser":29,"minecraft:horse_one_cm":237417,"minecraft:interact_with_smithing_table":3,"minecraft:interact_with_anvil":26,"minecraft:inspect_hopper":8,"minecraft:sneak_time":21656,"minecraft:interact_with_blast_furnace":95,"minecraft:total_world_time":1862206,"minecraft:interact_with_stonecutter":1,"minecraft:time_since_rest":66672,"minecraft:swim_one_cm":545841,"minecraft:fly_one_cm":8681734,"minecraft:open_chest":1043,"minecraft:fish_caught":1,"minecraft:fall_one_cm":861606,"minecraft:animals_bred":16,"minecraft:open_shulker_box":9,"minecraft:sprint_one_cm":5383491,"minecraft:drop":258,"minecraft:talked_to_villager":1128,"minecraft:interact_with_brewingstand":19,"minecraft:walk_on_water_one_cm":180489,"minecraft:crouch_one_cm":73979,"minecraft:mob_kills":395,"minecraft:climb_one_cm":138292,"minecraft:walk_one_cm":3530357,"minecraft:walk_under_water_one_cm":211749,"minecraft:boat_one_cm":3500269,"minecraft:interact_with_grindstone":8,"minecraft:damage_taken":20288,"minecraft:minecart_one_cm":30214,"minecraft:aviate_one_cm":986072},"minecraft:mined":{"minecraft:white_bed":14,"minecraft:jungle_leaves":14,"minecraft:carved_pumpkin":2,"minecraft:obsidian":5,"minecraft:granite":40,"minecraft:jungle_log":25,"minecraft:oak_pressure_plate":1,"minecraft:hopper":8,"minecraft:nether_wart":20,"minecraft:oak_wall_sign":1,"minecraft:oxeye_daisy":2,"minecraft:spawner":3,"minecraft:tall_seagrass":3,"minecraft:magma_block":2,"minecraft:fire":4,"minecraft:barrel":10,"minecraft:pumpkin":38,"minecraft:fletching_table":5,"minecraft:deepslate_lapis_ore":15,"minecraft:cave_vines":3,"minecraft:oak_sign":1,"minecraft:dirt_path":18,"minecraft:oak_stairs":2,"minecraft:tripwire":2,"minecraft:brown_mushroom":1,"minecraft:kelp_plant":24,"minecraft:smoker":1,"minecraft:soul_fire":1,"minecraft:amethyst_cluster":2,"minecraft:torch":126,"minecraft:blast_furnace":9,"minecraft:melon":88,"minecraft:spruce_wall_sign":1,"minecraft:glass":3,"minecraft:sugar_cane":134,"minecraft:amethyst_block":4,"minecraft:white_terracotta":6,"minecraft:mud":2,"minecraft:wheat":55,"minecraft:mangrove_log":1,"minecraft:deepslate":67,"minecraft:mossy_cobblestone":4,"minecraft:dark_oak_log":1,"minecraft:shulker_box":2,"minecraft:end_stone":18,"minecraft:nether_bricks":7,"minecraft:kelp":16,"minecraft:acacia_wood":1,"minecraft:andesite":26,"minecraft:potatoes":315,"minecraft:vine":6,"minecraft:rail":787,"minecraft:bamboo_sapling":1,"minecraft:bamboo":35,"minecraft:bone_block":4,"minecraft:smithing_table":4,"minecraft:light_gray_carpet":1,"minecraft:oak_slab":1,"minecraft:glass_pane":4,"minecraft:soul_sand":7,"minecraft:dandelion":15,"minecraft:cornflower":3,"minecraft:short_grass":774,"minecraft:lightning_rod":2,"minecraft:tall_grass":80,"minecraft:copper_ore":7,"minecraft:deepslate_gold_ore":75,"minecraft:diorite":46,"minecraft:white_carpet":2,"minecraft:spruce_log":2404,"minecraft:birch_leaves":1,"minecraft:mangrove_leaves":5,"minecraft:gravel":39,"minecraft:dripstone_block":4,"minecraft:cobweb":1,"minecraft:stone_bricks":25,"minecraft:fern":6,"minecraft:large_amethyst_bud":1,"minecraft:spruce_planks":227,"minecraft:oak_sapling":3,"minecraft:farmland":2,"minecraft:cobblestone_stairs":1,"minecraft:brewing_stand":4,"minecraft:spruce_trapdoor":13,"minecraft:cave_vines_plant":8,"minecraft:grass_block":657,"minecraft:soul_soil":1,"minecraft:composter":6,"minecraft:glowstone":7,"minecraft:iron_ore":65,"minecraft:azure_bluet":6,"minecraft:pointed_dripstone":12,"minecraft:spruce_slab":24,"minecraft:deepslate_redstone_ore":14,"minecraft:blackstone":33,"minecraft:medium_amethyst_bud":1,"minecraft:poppy":4,"minecraft:chest":11,"minecraft:nether_quartz_ore":1,"minecraft:cobblestone":40,"minecraft:grindstone":4,"minecraft:oak_planks":93,"minecraft:wall_torch":23,"minecraft:seagrass":5,"minecraft:acacia_sapling":2,"minecraft:powered_rail":12,"minecraft:birch_log":11,"minecraft:oak_log":121,"minecraft:beetroots":4,"minecraft:sand":135,"minecraft:dirt":261,"minecraft:netherrack":376,"minecraft:oak_leaves":78,"minecraft:nether_gold_ore":16,"minecraft:diamond_ore":2,"minecraft:tuff":1,"minecraft:dark_oak_leaves":54,"minecraft:deepslate_diamond_ore":21,"minecraft:oak_door":5,"minecraft:mangrove_roots":2,"minecraft:ladder":32,"minecraft:chiseled_bookshelf":1,"minecraft:spruce_leaves":210,"minecraft:mangrove_propagule":3,"minecraft:hay_block":139,"minecraft:oak_trapdoor":5,"minecraft:spruce_sapling":4,"minecraft:furnace":9,"minecraft:carrots":331,"minecraft:gold_block":2,"minecraft:bell":1,"minecraft:bookshelf":10,"minecraft:deepslate_iron_ore":93,"minecraft:lantern":2,"minecraft:packed_ice":3,"minecraft:stone":595,"minecraft:yellow_shulker_box":2,"minecraft:redstone_wall_torch":10,"minecraft:scaffolding":31,"minecraft:basalt":173,"minecraft:oak_fence":4,"minecraft:crafting_table":16,"minecraft:lectern":420,"minecraft:lapis_ore":2,"minecraft:spruce_stairs":3,"minecraft:redstone_torch":6,"minecraft:ice":4,"minecraft:yellow_bed":2,"minecraft:coal_ore":195,"minecraft:cocoa":10},"minecraft:killed_by":{"minecraft:zombie":4,"minecraft:ender_dragon":1,"minecraft:creeper":4,"minecraft:iron_golem":1,"minecraft:skeleton":2},"minecraft:killed":{"minecraft:cave_spider":1,"minecraft:skeleton":57,"minecraft:chicken":2,"minecraft:magma_cube":19,"minecraft:salmon":4,"minecraft:iron_golem":8,"minecraft:zombie":123,"minecraft:cow":26,"minecraft:rabbit":2,"minecraft:wandering_trader":1,"minecraft:enderman":2,"minecraft:witch":1,"minecraft:spider":48,"minecraft:silverfish":15,"minecraft:pig":6,"minecraft:zombie_villager":2,"minecraft:creeper":29,"minecraft:sheep":11,"minecraft:ghast":1,"minecraft:blaze":10,"minecraft:armadillo":1,"minecraft:phantom":2,"minecraft:drowned":2,"minecraft:squid":1,"minecraft:wither_skeleton":14,"minecraft:villager":1},"minecraft:crafted":{"minecraft:smooth_stone":3,"minecraft:oak_sign":3,"minecraft:blaze_powder":2,"minecraft:birch_boat":2,"minecraft:diamond_shovel":5,"minecraft:bookshelf":28,"minecraft:cooked_mutton":4,"minecraft:glass":216,"minecraft:diamond_helmet":8,"minecraft:diamond_leggings":10,"minecraft:name_tag":2,"minecraft:glass_bottle":6,"minecraft:emerald":1336,"minecraft:cooked_porkchop":3,"minecraft:diamond_axe":6,"minecraft:raw_gold_block":8,"minecraft:spruce_door":3,"minecraft:smithing_table":1,"minecraft:copper_ingot":14,"minecraft:fletching_table":3,"minecraft:lectern":11,"minecraft:iron_pickaxe":2,"minecraft:iron_block":3,"minecraft:gold_ingot":125,"minecraft:composter":5,"minecraft:golden_carrot":207,"minecraft:bone_meal":219,"minecraft:lantern":24,"minecraft:spruce_stairs":12,"minecraft:ladder":33,"minecraft:spruce_slab":540,"minecraft:ender_pearl":24,"minecraft:stone_pickaxe":13,"minecraft:diamond_boots":9,"minecraft:spruce_boat":17,"minecraft:dark_oak_planks":4,"minecraft:chainmail_leggings":12,"minecraft:golden_helmet":4,"minecraft:wheat":810,"minecraft:crossbow":5,"minecraft:enchanting_table":1,"minecraft:glowstone":3,"minecraft:enchanted_book":32,"minecraft:golden_apple":7,"minecraft:fermented_spider_eye":2,"minecraft:wooden_axe":3,"minecraft:iron_shovel":4,"minecraft:iron_leggings":1,"minecraft:white_bed":18,"minecraft:oak_planks":408,"minecraft:barrel":1,"minecraft:birch_wood":3,"minecraft:lightning_rod":3,"minecraft:stone":335,"minecraft:spruce_pressure_plate":26,"minecraft:hopper":12,"minecraft:stone_brick_slab":8,"minecraft:bow":6,"minecraft:iron_boots":11,"minecraft:chest":44,"minecraft:rail":80,"minecraft:stone_bricks":48,"minecraft:raw_iron_block":22,"minecraft:smoker":1,"minecraft:arrow":672,"minecraft:cauldron":4,"minecraft:crafting_table":31,"minecraft:spruce_planks":8500,"minecraft:baked_potato":109,"minecraft:wooden_pickaxe":5,"minecraft:iron_helmet":2,"minecraft:birch_planks":28,"minecraft:dispenser":1,"minecraft:apple":4,"minecraft:spruce_trapdoor":50,"minecraft:book":22,"minecraft:iron_chestplate":1,"minecraft:paper":129,"minecraft:diamond_pickaxe":6,"minecraft:charcoal":111,"minecraft:yellow_dye":1,"minecraft:shield":7,"minecraft:stick":12667,"minecraft:iron_ingot":205,"minecraft:redstone_torch":21,"minecraft:shears":2,"minecraft:oak_door":3,"minecraft:cookie":324,"minecraft:raw_iron":198,"minecraft:spruce_button":12,"minecraft:furnace":4,"minecraft:blast_furnace":1,"minecraft:glass_pane":336,"minecraft:oak_trapdoor":10,"minecraft:flint_and_steel":1,"minecraft:scaffolding":42,"minecraft:yellow_shulker_box":1,"minecraft:iron_axe":11,"minecraft:iron_hoe":2,"minecraft:chiseled_bookshelf":8,"minecraft:minecart":5,"minecraft:cooked_beef":31,"minecraft:sugar":2,"minecraft:diamond_sword":5,"minecraft:spruce_sign":45,"minecraft:powered_rail":12,"minecraft:iron_sword":1,"minecraft:mangrove_planks":4,"minecraft:bucket":19,"minecraft:stone_axe":1,"minecraft:bread":257,"minecraft:air":0,"minecraft:jungle_planks":88,"minecraft:oak_boat":1,"minecraft:white_dye":8,"minecraft:raw_gold":72,"minecraft:stonecutter":1,"minecraft:anvil":1,"minecraft:acacia_planks":4,"minecraft:torch":484,"minecraft:diamond_chestplate":8,"minecraft:firework_rocket":108}},"DataVersion":3953}