{"stat.useItem.18":30,"stat.useItem.7":69,"stat.useItem.13":28,"achievement.openInventory":376,"stat.useItem.15":33,"stat.jump":2737,"achievement.exploreAllBiomes":{"value":0,"progress":["MushroomIsland"]},"stat.useItem.1":285,"stat.killEntity.Skeleton":2,"stat.damageTaken":1960,"stat.useItem.3":353,"stat.useItem.58":5,"stat.killEntity.Ghast":1,"stat.useItem.4":210,"stat.useItem.5":4,"stat.useItem.54":9,"stat.climbOneCm":11554,"stat.useItem.50":1,"stat.useItem.109":41,"stat.damageDealt":13635,"stat.useItem.12":119,"stat.useItem.101":563,"stat.useItem.102":14,"stat.drop":81,"stat.useItem.137":1,"stat.leaveGame":1,"stat.useItem.139":257,"stat.useItem.331":13,"stat.useItem.48":15,"stat.useItem.49":38,"stat.useItem.46":6,"stat.walkOneCm":1379458,"stat.swimOneCm":24431,"stat.diveOneCm":129329,"stat.useItem.45":4,"stat.useItem.44":1209,"stat.useItem.42":32,"stat.useItem.283":9,"stat.useItem.41":2,"stat.useItem.82":14,"stat.useItem.85":11,"stat.useItem.323":31,"stat.useItem.87":227,"stat.useItem.39":3,"stat.useItem.88":36,"stat.useItem.89":66,"stat.useItem.79":17,"stat.mobKills":9,"stat.useItem.80":85,"stat.deaths":1,"stat.useItem.76":51,"stat.useItem.123":40,"stat.useItem.172":1,"stat.useItem.30":7,"stat.useItem.126":106,"stat.useItem.171":27,"stat.killEntity.Spider":1,"stat.killEntity.Zombie":1,"stat.useItem.121":110,"stat.useItem.33":2,"stat.useItem.27":32,"stat.useItem.95":66,"stat.useItem.295":3,"stat.useItem.156":48,"stat.useItem.159":100,"stat.useItem.24":8,"stat.useItem.153":2,"stat.useItem.152":17,"stat.flyOneCm":3850707,"stat.useItem.155":462,"stat.useItem.98":809,"stat.useItem.356":3,"stat.useItem.61":3,"stat.killEntity.Creeper":3,"stat.useItem.67":35,"stat.useItem.65":13,"stat.useItem.114":1,"stat.useItem.112":118,"stat.playOneMinute":459627,"stat.useItem.110":47,"stat.useItem.20":152}